-4.837229309082031250e+02,8.526161193847656250e+01,4.752268600463867188e+01,3.308769989013671875e+01,2.549307250976562500e+01,1.284885787963867188e+01,6.001840591430664062e+00,4.582352638244628906e+00,2.640697956085205078e+00,-4.370642304420471191e-01,-4.253761291503906250e+00,-3.655094385147094727e+00,3.218095302581787109e+00,2.844922790527343750e+02,2.656228027343750000e+02,-2.608695602416992188e+01,-1.101480674743652344e+01,-1.011942100524902344e+01,-9.745615959167480469e+00,-4.133252620697021484e+00,-1.680571317672729492e+00,-2.509708404541015625e+00,-3.447229623794555664e+00,-1.609015107154846191e+00,3.735928297042846680e+00,3.436594963073730469e+00,1.631475830078125000e+02,1.564866943359375000e+02,9.662580871582031250e+01,-1.668551254272460938e+01,-1.032805347442626953e+01,-7.650192737579345703e+00,-5.397125244140625000e+00,-2.993298768997192383e+00,-2.553061962127685547e+00,-2.336935281753540039e+00,-2.063235491514205933e-01,1.478217601776123047e+00,2.181690216064453125e+00
-3.942880249023437500e+02,1.283978424072265625e+02,7.950106620788574219e+00,2.903674697875976562e+01,3.988852691650390625e+01,6.684479713439941406e+00,1.830519556999206543e+00,-2.419032812118530273e+00,-1.374008059501647949e+00,1.073461914062500000e+01,-7.863268375396728516e+00,-1.481996536254882812e+01,1.368685150146484375e+01,2.613429260253906250e+02,2.011190643310546875e+02,-4.968054962158203125e+01,1.596920967102050781e+01,-1.117613410949707031e+01,-1.902900314331054688e+01,-4.551756381988525391e+00,-1.602263808250427246e+00,6.576826095581054688e+00,-3.244630098342895508e+00,-1.277729225158691406e+01,1.077505970001220703e+01,1.425340843200683594e+01,1.327162170410156250e+02,1.248887710571289062e+02,7.689920043945312500e+01,-2.114883041381835938e+01,-3.459144115447998047e+00,-1.009695625305175781e+01,-9.162858009338378906e+00,4.895751178264617920e-01,-6.233924031257629395e-01,-3.129112482070922852e+00,4.567134678363800049e-01,2.745458364486694336e+00,7.160705566406250000e+00
-3.547196655273437500e+02,1.514341125488281250e+02,7.483955621719360352e-01,3.102524948120117188e+01,3.655107498168945312e+01,-2.250025987625122070e+00,3.223925352096557617e+00,-2.819588899612426758e+00,5.266026258468627930e-01,2.023269653320312500e+01,-7.546027183532714844e+00,-1.713418960571289062e+01,1.688758468627929688e+01,2.530768890380859375e+02,1.777340240478515625e+02,-6.020442962646484375e+01,1.790134048461914062e+01,-1.663763809204101562e+01,-1.666357421875000000e+01,-2.847814559936523438e-01,-1.348661422729492188e+00,1.152614307403564453e+01,-4.036314964294433594e+00,-1.868344306945800781e+01,1.221680641174316406e+01,1.701088714599609375e+01,1.217089920043945312e+02,1.126957855224609375e+02,6.621326446533203125e+01,-2.715655899047851562e+01,-2.832421541213989258e+00,-1.010168266296386719e+01,-7.261850833892822266e+00,4.226812362670898438e+00,1.512380391359329224e-01,-3.670183181762695312e+00,-4.644922018051147461e-01,1.774338841438293457e+00,8.288899421691894531e+00
-3.409600219726562500e+02,1.484489746093750000e+02,-1.041644287109375000e+01,3.794197082519531250e+01,2.980775642395019531e+01,-1.396202945709228516e+01,1.120450973510742188e+01,-1.275376081466674805e-01,-3.648130893707275391e+00,2.580605316162109375e+01,-1.608415961265563965e+00,-1.180073165893554688e+01,1.878365707397460938e+01,2.447044982910156250e+02,1.652717895507812500e+02,-5.525350189208984375e+01,2.011209869384765625e+01,-2.595199966430664062e+01,-9.301623344421386719e+00,6.917245864868164062e+00,-7.426320075988769531e+00,1.296679496765136719e+01,1.019857406616210938e+00,-1.880339241027832031e+01,1.019603633880615234e+01,1.529219436645507812e+01,1.150496139526367188e+02,1.088347549438476562e+02,6.310285568237304688e+01,-2.845978164672851562e+01,-8.662095069885253906e-01,-9.474225997924804688e+00,-5.307728290557861328e+00,6.468352317810058594e+00,3.077393770217895508e-02,-2.130667209625244141e+00,7.256790995597839355e-01,6.347280740737915039e-01,7.136853694915771484e+00
-3.272697143554687500e+02,1.386416320800781250e+02,-3.782007980346679688e+01,3.666585540771484375e+01,2.916733932495117188e+01,-2.352128410339355469e+01,1.785755348205566406e+01,7.208189010620117188e+00,-9.653026580810546875e+00,2.389815521240234375e+01,2.965920686721801758e+00,-7.380558013916015625e+00,2.280311584472656250e+01,2.329556732177734375e+02,1.447248229980468750e+02,-5.098788833618164062e+01,3.349370956420898438e+01,-3.009357070922851562e+01,-5.654892921447753906e+00,1.536473655700683594e+01,-1.375529003143310547e+01,8.344983100891113281e+00,6.309473514556884766e+00,-1.563935661315917969e+01,9.918597221374511719e+00,1.509183692932128906e+01,1.044810638427734375e+02,1.017320785522460938e+02,6.108983230590820312e+01,-2.573384094238281250e+01,5.116812705993652344e+00,-7.022511959075927734e+00,-4.691125869750976562e+00,6.732830047607421875e+00,-1.309329986572265625e+00,-1.655854701995849609e+00,3.363357067108154297e+00,1.764711618423461914e+00,6.985806465148925781e+00
-3.186832580566406250e+02,1.330289916992187500e+02,-5.550137329101562500e+01,3.301348876953125000e+01,2.676163864135742188e+01,-3.040342712402343750e+01,1.738646125793457031e+01,3.885158538818359375e+00,-1.798482131958007812e+01,2.129200744628906250e+01,9.505693912506103516e-01,-1.211542701721191406e+01,2.083138656616210938e+01,2.258561248779296875e+02,1.315909423828125000e+02,-5.000775146484375000e+01,4.113150787353515625e+01,-3.170845794677734375e+01,-4.687588691711425781e+00,1.714429283142089844e+01,-1.768564224243164062e+01,8.703424453735351562e+00,9.467695236206054688e+00,-1.670371627807617188e+01,9.940408706665039062e+00,1.647340774536132812e+01,9.780760192871093750e+01,9.665753936767578125e+01,5.908742904663085938e+01,-2.446018218994140625e+01,8.235875129699707031e+00,-6.763183593750000000e+00,-5.520433425903320312e+00,6.801958560943603516e+00,-1.546493530273437500e+00,-1.306578040122985840e+00,4.422498226165771484e+00,1.895957589149475098e+00,7.270844936370849609e+00
-3.057043762207031250e+02,1.362418518066406250e+02,-6.143280792236328125e+01,3.553879165649414062e+01,2.403615188598632812e+01,-3.381882476806640625e+01,2.150553894042968750e+01,8.367365002632141113e-01,-2.340161132812500000e+01,2.058684158325195312e+01,-5.601975440979003906e+00,-1.773668861389160156e+01,2.092786979675292969e+01,2.209731140136718750e+02,1.221357879638671875e+02,-5.035153198242187500e+01,4.273448181152343750e+01,-3.467881011962890625e+01,-1.265306472778320312e+00,1.732777976989746094e+01,-2.245357513427734375e+01,9.875052452087402344e+00,8.899818420410156250e+00,-1.916176605224609375e+01,1.326492309570312500e+01,1.933227920532226562e+01,9.304893493652343750e+01,9.267578887939453125e+01,5.587779998779296875e+01,-2.546523857116699219e+01,9.651907920837402344e+00,-7.193472385406494141e+00,-6.021996498107910156e+00,6.390418052673339844e+00,-3.446492433547973633e+00,-1.934721469879150391e+00,5.033543109893798828e+00,2.721190214157104492e+00,9.172425270080566406e+00
-3.097494201660156250e+02,1.327293395996093750e+02,-5.845450592041015625e+01,4.367253875732421875e+01,3.175336456298828125e+01,-2.815727424621582031e+01,2.273555374145507812e+01,-3.446784019470214844e+00,-2.646288681030273438e+01,2.053224945068359375e+01,-7.530128002166748047e+00,-2.035981559753417969e+01,1.882628631591796875e+01,2.212393798828125000e+02,1.256474609375000000e+02,-4.452840042114257812e+01,4.510393524169921875e+01,-3.591490554809570312e+01,-4.508905410766601562e+00,1.235524559020996094e+01,-2.459922027587890625e+01,1.198951721191406250e+01,9.466379165649414062e+00,-2.044603347778320312e+01,1.317820739746093750e+01,1.959305191040039062e+01,9.450685882568359375e+01,9.581388092041015625e+01,5.939487838745117188e+01,-2.315653610229492188e+01,9.055030822753906250e+00,-1.032564544677734375e+01,-9.172201156616210938e+00,4.818060874938964844e+00,-3.655232906341552734e+00,-1.489330410957336426e+00,4.968627929687500000e+00,2.294448852539062500e+00,9.189892768859863281e+00
-2.765672302246093750e+02,1.862479095458984375e+02,-2.052978324890136719e+01,4.968550109863281250e+01,3.746646118164062500e+01,-2.334658432006835938e+01,1.211149024963378906e+01,-1.237503433227539062e+01,-3.175995826721191406e+01,1.935749816894531250e+01,5.472253799438476562e+00,-1.535876655578613281e+01,5.224351882934570312e+00,2.314075622558593750e+02,1.280187225341796875e+02,-6.828120422363281250e+01,2.899812316894531250e+01,-3.651604461669921875e+01,-1.267748546600341797e+01,5.485774993896484375e+00,-2.193572425842285156e+01,1.586626625061035156e+01,1.861610603332519531e+01,-1.735813140869140625e+01,-1.239509582519531250e-01,1.029155921936035156e+01,9.748900604248046875e+01,9.085429382324218750e+01,4.915049743652343750e+01,-3.611927413940429688e+01,-7.749538421630859375e-01,-1.494760417938232422e+01,-1.274812889099121094e+01,4.153671741485595703e+00,1.845405936241149902e+00,3.126474857330322266e+00,3.925235509872436523e+00,-2.851419448852539062e+00,2.008731365203857422e+00
-2.045237731933593750e+02,2.461579742431640625e+02,-3.065291595458984375e+01,2.828301620483398438e+01,3.994459533691406250e+01,-2.888521194458007812e+01,1.984751820564270020e+00,-7.283471107482910156e+00,-3.996436309814453125e+01,4.831480026245117188e+00,1.498265838623046875e+01,-1.072782707214355469e+01,-5.224181175231933594e+00,2.253408813476562500e+02,8.693542480468750000e+01,-1.089374771118164062e+02,3.529875564575195312e+01,-2.858411407470703125e+01,-1.897992134094238281e+01,1.080087089538574219e+01,-2.097455787658691406e+01,6.057475566864013672e+00,2.747351074218750000e+01,-7.779653549194335938e+00,-1.010342025756835938e+01,2.751822948455810547e+00,7.984234619140625000e+01,6.394844436645507812e+01,2.710617828369140625e+01,-4.794888687133789062e+01,8.107107281684875488e-01,-1.090928173065185547e+01,-1.382161712646484375e+01,2.548426866531372070e+00,3.811076402664184570e+00,4.805830955505371094e+00,5.392105579376220703e+00,-4.031816005706787109e+00,-3.491003274917602539e+00
-1.661229248046875000e+02,2.632547607421875000e+02,-5.046135711669921875e+01,2.486966514587402344e+01,4.286732101440429688e+01,-3.709900665283203125e+01,2.785409927368164062e+00,-1.837556838989257812e+00,-4.454803085327148438e+01,1.918691158294677734e+00,1.734660720825195312e+01,-9.460052490234375000e+00,-2.276013135910034180e+00,2.146888427734375000e+02,5.783078384399414062e+01,-1.191925506591796875e+02,4.666433715820312500e+01,-3.098433685302734375e+01,-2.004095458984375000e+01,1.763072586059570312e+01,-2.366672134399414062e+01,1.878123998641967773e+00,3.094731903076171875e+01,-5.689372062683105469e+00,-9.811309814453125000e+00,3.592019557952880859e+00,6.607008361816406250e+01,4.976467514038085938e+01,1.795953941345214844e+01,-5.073788452148437500e+01,4.452486038208007812e+00,-9.349635124206542969e+00,-1.395692539215087891e+01,3.070195436477661133e+00,3.287864208221435547e+00,4.664964675903320312e+00,7.316529273986816406e+00,-2.801202774047851562e+00,-3.206120014190673828e+00
-1.455320434570312500e+02,2.724236450195312500e+02,-6.332640838623046875e+01,1.774090766906738281e+01,4.043083572387695312e+01,-4.252273559570312500e+01,2.877446651458740234e+00,1.058021664619445801e+00,-4.684273147583007812e+01,-6.717274188995361328e-01,1.643448638916015625e+01,-1.123945140838623047e+01,-2.173085927963256836e+00,2.089778442382812500e+02,4.110281753540039062e+01,-1.273413696289062500e+02,5.187862396240234375e+01,-3.013182067871093750e+01,-1.877669525146484375e+01,2.179037857055664062e+01,-2.486008834838867188e+01,-8.648745417594909668e-01,3.163860893249511719e+01,-5.283862113952636719e+00,-9.303786277770996094e+00,4.533182621002197266e+00,5.823669433593750000e+01,4.087515258789062500e+01,1.172430229187011719e+01,-5.261355209350585938e+01,7.214406490325927734e+00,-7.091916084289550781e+00,-1.309663772583007812e+01,3.398183822631835938e+00,2.538433074951171875e+00,3.868227243423461914e+00,7.877156734466552734e+00,-2.161028861999511719e+00,-2.814877986907958984e+00
-1.532206420898437500e+02,2.711354980468750000e+02,-6.227129745483398438e+01,1.096221351623535156e+01,4.234088897705078125e+01,-3.673356628417968750e+01,1.704478263854980469e+00,3.780589580535888672e+00,-4.527660369873046875e+01,-7.417894363403320312e+00,1.361586570739746094e+01,-1.103971767425537109e+01,-4.233894824981689453e+00,2.121780700683593750e+02,4.547467041015625000e+01,-1.300866394042968750e+02,5.230609130859375000e+01,-2.384788894653320312e+01,-2.031820487976074219e+01,2.025707817077636719e+01,-2.349054145812988281e+01,-5.599242210388183594e+00,2.944623565673828125e+01,-1.810911655426025391e+00,-8.924880027770996094e+00,3.402911424636840820e+00,6.062548446655273438e+01,4.193150711059570312e+01,1.309497737884521484e+01,-5.111259460449218750e+01,8.025577545166015625e+00,-5.499965667724609375e+00,-1.347208309173583984e+01,1.165026187896728516e+00,1.262429118156433105e+00,2.925185441970825195e+00,7.846359252929687500e+00,-1.148176193237304688e+00,-2.889369726181030273e+00
-2.035829010009765625e+02,2.510552978515625000e+02,-4.148599243164062500e+01,5.975870609283447266e+00,4.345191955566406250e+01,-2.230072975158691406e+01,-4.900981187820434570e-01,7.956849098205566406e+00,-3.743664932250976562e+01,-1.790238571166992188e+01,1.019469642639160156e+01,-4.834827423095703125e+00,-6.576129913330078125e+00,2.273190917968750000e+02,8.104845428466796875e+01,-1.225397109985351562e+02,4.246895599365234375e+01,-1.413829994201660156e+01,-2.197100830078125000e+01,1.512878990173339844e+01,-1.847327613830566406e+01,-1.292961692810058594e+01,2.381567382812500000e+01,6.533779144287109375e+00,-8.385413169860839844e+00,-8.706512451171875000e-01,7.788320159912109375e+01,5.812144470214843750e+01,2.489902114868164062e+01,-4.617741394042968750e+01,5.371518611907958984e+00,-3.998006105422973633e+00,-1.315195560455322266e+01,-2.814986228942871094e+00,-4.489645659923553467e-01,2.204799175262451172e+00,7.478859901428222656e+00,5.881685018539428711e-01,-3.528295516967773438e+00
-2.421859741210937500e+02,2.330453491210937500e+02,-2.122297668457031250e+01,1.119477939605712891e+01,4.003357696533203125e+01,-1.209520244598388672e+01,6.316777706146240234e+00,6.452725410461425781e+00,-3.470914840698242188e+01,-1.590226554870605469e+01,6.859532356262207031e+00,-6.002606391906738281e+00,-5.322093963623046875e+00,2.376156616210937500e+02,1.104814987182617188e+02,-1.109252853393554688e+02,3.062827682495117188e+01,-1.164499092102050781e+01,-1.685840034484863281e+01,9.273963928222656250e+00,-2.051296234130859375e+01,-1.117749595642089844e+01,2.078433990478515625e+01,4.949829578399658203e+00,-6.090813159942626953e+00,3.402562141418457031e-01,9.171572875976562500e+01,7.277245330810546875e+01,3.425885391235351562e+01,-4.290245437622070312e+01,3.178952693939208984e+00,-4.320090770721435547e+00,-1.309375190734863281e+01,-4.864005088806152344e+00,-2.126948118209838867e+00,1.665801763534545898e+00,6.867376804351806641e+00,8.978716731071472168e-01,-2.368273973464965820e+00
-2.182185668945312500e+02,2.274391784667968750e+02,-4.689899063110351562e+01,2.332775878906250000e+01,4.696936035156250000e+01,-2.362791824340820312e+01,9.515366554260253906e+00,6.153780937194824219e+00,-3.718471527099609375e+01,6.143265962600708008e-01,1.420954227447509766e+01,-1.502174568176269531e+01,-7.740427017211914062e+00,2.228288726806640625e+02,8.565979003906250000e+01,-1.020557098388671875e+02,4.693417358398437500e+01,-2.347783851623535156e+01,-1.872699737548828125e+01,1.489085006713867188e+01,-2.335004043579101562e+01,-2.769727230072021484e+00,2.569712829589843750e+01,-7.818036079406738281e+00,-1.097498512268066406e+01,3.640659332275390625e+00,7.882968902587890625e+01,6.544122314453125000e+01,3.262644195556640625e+01,-4.082658386230468750e+01,6.587303638458251953e+00,-7.180194854736328125e+00,-1.385264492034912109e+01,1.784407794475555420e-01,3.848897218704223633e-01,9.043204188346862793e-01,4.325250625610351562e+00,-3.865947723388671875e+00,-3.661861896514892578e+00
-2.085073699951171875e+02,2.324488220214843750e+02,-4.470896148681640625e+01,3.167492485046386719e+01,4.878570556640625000e+01,-2.342938232421875000e+01,1.338046741485595703e+01,3.686904191970825195e+00,-3.553301620483398438e+01,1.052771186828613281e+01,1.385186576843261719e+01,-2.252487754821777344e+01,-1.113682556152343750e+01,2.204780883789062500e+02,8.189920043945312500e+01,-1.003869476318359375e+02,4.674733352661132812e+01,-2.755215454101562500e+01,-1.770261955261230469e+01,1.355814361572265625e+01,-2.445674133300781250e+01,3.420403957366943359e+00,2.469244003295898438e+01,-1.652629470825195312e+01,-1.249434566497802734e+01,5.694025993347167969e+00,7.685530090332031250e+01,6.441629791259765625e+01,3.138122558593750000e+01,-4.182617568969726562e+01,6.107455253601074219e+00,-9.138128280639648438e+00,-1.415211582183837891e+01,1.900070428848266602e+00,7.783604264259338379e-01,-3.038681447505950928e-01,1.573979139328002930e+00,-6.831776618957519531e+00,-3.858932971954345703e+00
-2.420038757324218750e+02,2.219824829101562500e+02,-2.106740188598632812e+01,3.431150817871093750e+01,4.490765380859375000e+01,-1.310658073425292969e+01,1.417405605316162109e+01,-4.131666123867034912e-01,-2.806926345825195312e+01,1.248117733001708984e+01,7.810621261596679688e+00,-2.283922958374023438e+01,-1.208574867248535156e+01,2.319931793212890625e+02,1.104682388305664062e+02,-9.383548736572265625e+01,3.298752593994140625e+01,-2.370904541015625000e+01,-1.536679840087890625e+01,6.346706867218017578e+00,-2.112166023254394531e+01,6.447172164916992188e+00,1.793994140625000000e+01,-1.766020393371582031e+01,-9.948184967041015625e+00,5.376740455627441406e+00,9.058592987060546875e+01,7.735672760009765625e+01,3.861520767211914062e+01,-4.042030715942382812e+01,2.306482791900634766e+00,-1.001829433441162109e+01,-1.332604217529296875e+01,8.932196497917175293e-01,1.674743555486202240e-02,-8.972241282463073730e-01,-3.353377282619476318e-01,-6.903022289276123047e+00,-2.903925895690917969e+00
-3.180040588378906250e+02,1.910705566406250000e+02,1.174370670318603516e+01,3.112702560424804688e+01,4.977919769287109375e+01,4.379874706268310547e+00,-4.081737995147705078e+00,2.331303596496582031e+00,3.459158897399902344e+00,4.652073860168457031e+00,-8.052988052368164062e+00,-1.259195232391357422e+01,-1.398865604400634766e+01,2.545373077392578125e+02,1.648738861083984375e+02,-7.997176361083984375e+01,1.901774597167968750e+01,-1.337357521057128906e+01,-2.693046760559082031e+01,-1.024285554885864258e+00,3.770448446273803711e+00,1.160385131835937500e+00,-5.756073474884033203e+00,-8.622013092041015625e+00,-2.967833995819091797e+00,-6.983518600463867188e-01,1.168570175170898438e+02,1.028009948730468750e+02,5.756229782104492188e+01,-3.353458786010742188e+01,-5.839804172515869141e+00,-1.114523792266845703e+01,-9.468864440917968750e+00,8.085294961929321289e-01,-5.621730089187622070e-01,-4.135865688323974609e+00,-5.213965415954589844e+00,-4.321712970733642578e+00,-1.326803922653198242e+00
-3.642792663574218750e+02,1.696498870849609375e+02,2.688351821899414062e+01,2.809268951416015625e+01,5.281396484375000000e+01,1.436227226257324219e+01,-8.806304931640625000e+00,5.905542850494384766e+00,1.241986370086669922e+01,5.270092010498046875e+00,-1.382477402687072754e+00,-1.032115745544433594e+01,-1.697867965698242188e+01,2.669645690917968750e+02,1.955813903808593750e+02,-7.077859497070312500e+01,1.296522331237792969e+01,-6.865208625793457031e+00,-3.081013488769531250e+01,-4.228364944458007812e+00,1.061308479309082031e+01,-3.177254199981689453e-01,-6.901170730590820312e+00,-7.795624732971191406e+00,-7.798100948333740234e+00,-3.328761100769042969e+00,1.316254730224609375e+02,1.175906677246093750e+02,6.926292419433593750e+01,-2.846447753906250000e+01,-8.511006355285644531e+00,-1.059945678710937500e+01,-8.924492835998535156e+00,3.041808009147644043e-01,1.421220421791076660e+00,-4.625574111938476562e+00,-7.438833713531494141e+00,-6.009374618530273438e+00,-3.784992694854736328e+00
-4.040082092285156250e+02,1.443872070312500000e+02,3.792488861083984375e+01,3.441699218750000000e+01,5.417687225341796875e+01,2.426522445678710938e+01,-3.004972636699676514e-01,9.306785583496093750e+00,1.647920227050781250e+01,8.252292633056640625e+00,-1.801492214202880859e+00,-8.926160812377929688e+00,-9.048977851867675781e+00,2.741976928710937500e+02,2.209665527343750000e+02,-5.498510742187500000e+01,8.125991821289062500e+00,-5.075883865356445312e+00,-2.723868560791015625e+01,-7.479219436645507812e+00,8.389849662780761719e+00,-5.272464752197265625e-01,-9.140347480773925781e+00,-8.589226722717285156e+00,-3.623742818832397461e+00,-6.140851974487304688e-02,1.432261657714843750e+02,1.318783569335937500e+02,8.063999176025390625e+01,-2.239919853210449219e+01,-8.660253524780273438e+00,-1.046977806091308594e+01,-9.035377502441406250e+00,-1.524616360664367676e+00,-4.056482911109924316e-01,-5.474658966064453125e+00,-6.823481559753417969e+00,-4.185002803802490234e+00,-1.461778879165649414e+00
-4.071591796875000000e+02,1.324091491699218750e+02,3.083554077148437500e+01,4.098109817504882812e+01,4.955715179443359375e+01,1.561153984069824219e+01,4.697833061218261719e+00,1.071891307830810547e+01,1.232436561584472656e+01,8.076330184936523438e+00,-5.657498359680175781e+00,-6.823017120361328125e+00,3.857498407363891602e+00,2.697841796875000000e+02,2.189973602294921875e+02,-4.571402740478515625e+01,9.360805511474609375e+00,-1.268477916717529297e+01,-2.242965888977050781e+01,-2.446313381195068359e+00,3.813266277313232422e+00,-1.321291446685791016e+00,-8.990932464599609375e+00,-7.449673652648925781e+00,4.757498264312744141e+00,5.340257644653320312e+00,1.415557708740234375e+02,1.334275207519531250e+02,8.220046234130859375e+01,-2.148736000061035156e+01,-7.764497280120849609e+00,-1.053836917877197266e+01,-7.935820102691650391e+00,-7.443886995315551758e-01,-2.335324525833129883e+00,-5.306572437286376953e+00,-3.183308124542236328e+00,1.077333241701126099e-01,2.971050977706909180e+00
-4.034403686523437500e+02,1.408189086914062500e+02,4.048348236083984375e+01,4.226524734497070312e+01,4.218248367309570312e+01,9.018434524536132812e+00,2.945948123931884766e+00,1.067477416992187500e+01,1.270836257934570312e+01,9.330738067626953125e+00,-4.423305511474609375e+00,-5.663583755493164062e+00,3.890751838684082031e+00,2.721296386718750000e+02,2.219619293212890625e+02,-4.927683258056640625e+01,8.495006561279296875e-01,-1.662340545654296875e+01,-1.961826705932617188e+01,8.281698226928710938e-01,4.881207466125488281e+00,-6.720180511474609375e-01,-8.565834045410156250e+00,-7.497160911560058594e+00,4.157028675079345703e+00,4.777167797088623047e+00,1.432106933593750000e+02,1.335335083007812500e+02,7.926920318603515625e+01,-2.619019508361816406e+01,-1.083218765258789062e+01,-1.024174785614013672e+01,-5.729190349578857422e+00,1.038702130317687988e+00,-1.608254313468933105e+00,-4.980838298797607422e+00,-3.262954235076904297e+00,-2.565914988517761230e-01,2.618245124816894531e+00
-4.150846557617187500e+02,1.412947540283203125e+02,5.119229888916015625e+01,3.693624114990234375e+01,3.602395629882812500e+01,1.364382553100585938e+01,7.218968868255615234e+00,1.272007274627685547e+01,1.081249618530273438e+01,3.899512529373168945e+00,-3.649549961090087891e+00,-2.533676147460937500e+00,2.337907314300537109e+00,2.781896972656250000e+02,2.331384735107421875e+02,-5.217925643920898438e+01,-7.584171295166015625e+00,-1.164620780944824219e+01,-1.440249347686767578e+01,-4.618763923645019531e-01,1.796763658523559570e+00,-4.410280227661132812e+00,-7.231022834777832031e+00,-3.216594219207763672e+00,2.993728637695312500e+00,2.435791730880737305e+00,1.488933258056640625e+02,1.370318756103515625e+02,7.978587341308593750e+01,-2.704701995849609375e+01,-1.112390708923339844e+01,-7.723732471466064453e+00,-5.134667396545410156e+00,-1.589509844779968262e+00,-3.055759906768798828e+00,-4.496954441070556641e+00,-2.338236570358276367e+00,2.864246964454650879e-01,1.684649825096130371e+00
-4.400278320312500000e+02,1.275232391357421875e+02,5.881860733032226562e+01,3.725160598754882812e+01,3.630442047119140625e+01,2.095618438720703125e+01,8.098148345947265625e+00,1.038156890869140625e+01,1.351048088073730469e+01,5.991103172302246094e+00,-4.657837867736816406e+00,-4.503864765167236328e+00,1.549624800682067871e+00,2.837755432128906250e+02,2.494232177734375000e+02,-4.513581848144531250e+01,-1.125709342956542969e+01,-8.147710800170898438e+00,-1.410313606262207031e+01,-5.287307739257812500e+00,2.706166267395019531e+00,-2.195232868194580078e+00,-9.084159851074218750e+00,-5.247484207153320312e+00,3.103731393814086914e+00,3.026744842529296875e+00,1.565243988037109375e+02,1.453405303955078125e+02,8.623928833007812500e+01,-2.356482887268066406e+01,-1.177363395690917969e+01,-8.194634437561035156e+00,-5.616249561309814453e+00,-2.451782941818237305e+00,-2.990243911743164062e+00,-4.793918609619140625e+00,-3.441668033599853516e+00,-2.675493955612182617e-01,1.846841454505920410e+00
-4.699252624511718750e+02,1.060157470703125000e+02,6.470483398437500000e+01,4.359082412719726562e+01,3.728298187255859375e+01,2.482025909423828125e+01,1.183513832092285156e+01,1.138286781311035156e+01,1.462267780303955078e+01,8.323671340942382812e+00,-1.083372473716735840e+00,-2.393740177154541016e+00,-5.393405556678771973e-01,2.879705200195312500e+02,2.673150634765625000e+02,-3.121246147155761719e+01,-1.371092605590820312e+01,-9.385282516479492188e+00,-1.272392177581787109e+01,-6.718695640563964844e+00,1.393769741058349609e+00,-1.529598236083984375e+00,-7.853024959564208984e+00,-5.358705520629882812e+00,2.720159590244293213e-01,9.271998405456542969e-01,1.645201263427734375e+02,1.561662292480468750e+02,9.519915771484375000e+01,-1.898128318786621094e+01,-1.245099544525146484e+01,-8.986375808715820312e+00,-5.875800132751464844e+00,-3.020563602447509766e+00,-2.889621734619140625e+00,-4.325926780700683594e+00,-4.104145050048828125e+00,-1.718199133872985840e+00,2.942463457584381104e-01
-4.897667236328125000e+02,8.868087768554687500e+01,6.407861328125000000e+01,4.589859008789062500e+01,3.473249816894531250e+01,2.321731567382812500e+01,1.343919563293457031e+01,1.069354724884033203e+01,1.147498893737792969e+01,8.818916320800781250e+00,3.296355962753295898e+00,2.099106907844543457e-01,-2.778193950653076172e-01,2.892238159179687500e+02,2.769226684570312500e+02,-2.139114379882812500e+01,-1.467305755615234375e+01,-1.134063720703125000e+01,-1.064665126800537109e+01,-6.261884212493896484e+00,-9.821033477783203125e-01,-9.373154640197753906e-01,-4.089316368103027344e+00,-4.304502964019775391e+00,-1.787087678909301758e+00,-2.438650429248809814e-01,1.686138305664062500e+02,1.625175933837890625e+02,1.006216125488281250e+02,-1.602732467651367188e+01,-1.239601135253906250e+01,-9.170338630676269531e+00,-5.903878688812255859e+00,-3.076100587844848633e+00,-2.216031074523925781e+00,-2.914590597152709961e+00,-3.211462259292602539e+00,-2.176764726638793945e+00,-7.636080980300903320e-01
-4.986142883300781250e+02,8.046046447753906250e+01,6.248644256591796875e+01,4.536333465576171875e+01,3.248211288452148438e+01,2.226605606079101562e+01,1.452665710449218750e+01,1.025498199462890625e+01,8.981653213500976562e+00,8.441408157348632812e+00,6.554353713989257812e+00,3.524484634399414062e+00,8.406638503074645996e-01,2.895373840332031250e+02,2.805503540039062500e+02,-1.754856491088867188e+01,-1.500216484069824219e+01,-1.154863929748535156e+01,-8.977727890014648438e+00,-6.005537033081054688e+00,-2.772501945495605469e+00,-9.067869186401367188e-01,-1.213649749755859375e+00,-2.458461761474609375e+00,-2.856844902038574219e+00,-1.341910362243652344e+00,1.701276245117187500e+02,1.649055938720703125e+02,1.027095642089843750e+02,-1.463931465148925781e+01,-1.190168476104736328e+01,-8.817215919494628906e+00,-5.901199340820312500e+00,-3.319429874420166016e+00,-1.775818109512329102e+00,-1.588829398155212402e+00,-2.119890213012695312e+00,-2.091517925262451172e+00,-1.411120057106018066e+00
-4.990564880371093750e+02,7.965141296386718750e+01,6.068782043457031250e+01,4.253804016113281250e+01,3.068737792968750000e+01,2.292274093627929688e+01,1.629651451110839844e+01,1.146297073364257812e+01,9.851633071899414062e+00,9.812282562255859375e+00,7.794939517974853516e+00,2.814150333404541016e+00,-2.081639051437377930e+00,2.893539428710937500e+02,2.798721618652343750e+02,-1.855668640136718750e+01,-1.500022125244140625e+01,-9.807649612426757812e+00,-7.195431709289550781e+00,-5.729885101318359375e+00,-3.222440719604492188e+00,-8.253440856933593750e-01,-1.028346776962280273e+00,-3.499066114425659180e+00,-4.938289165496826172e+00,-2.447894573211669922e+00,1.698196563720703125e+02,1.642933349609375000e+02,1.022374343872070312e+02,-1.434577846527099609e+01,-1.083979129791259766e+01,-7.654100418090820312e+00,-5.313126087188720703e+00,-3.266579866409301758e+00,-1.865383863449096680e+00,-1.935433387756347656e+00,-3.086467742919921875e+00,-3.366442203521728516e+00,-2.464894771575927734e+00
-4.948344726562500000e+02,8.391328430175781250e+01,6.189826202392578125e+01,4.231098937988281250e+01,3.061799621582031250e+01,2.304267120361328125e+01,1.595182609558105469e+01,1.012241840362548828e+01,7.756952285766601562e+00,8.272823333740234375e+00,7.815039157867431641e+00,3.934144496917724609e+00,-6.346095204353332520e-01,2.893738708496093750e+02,2.783663635253906250e+02,-2.080114746093750000e+01,-1.564013290405273438e+01,-9.634159088134765625e+00,-7.333085060119628906e+00,-6.460126399993896484e+00,-4.097436904907226562e+00,-9.247975349426269531e-01,2.904343605041503906e-02,-2.169339418411254883e+00,-4.224824428558349609e+00,-2.284377098083496094e+00,1.692213287353515625e+02,1.631023712158203125e+02,1.009302673339843750e+02,-1.530214881896972656e+01,-1.111611938476562500e+01,-7.904331207275390625e+00,-5.864233970642089844e+00,-3.773457050323486328e+00,-1.812316894531250000e+00,-1.231846094131469727e+00,-2.112180233001708984e+00,-2.626451492309570312e+00,-2.146805047988891602e+00
-4.916023864746093750e+02,8.777576446533203125e+01,6.456573486328125000e+01,4.398519897460937500e+01,3.027633857727050781e+01,1.937577819824218750e+01,1.010363769531250000e+01,4.877281188964843750e+00,4.027492523193359375e+00,4.874641418457031250e+00,4.572957038879394531e+00,2.365179538726806641e+00,9.384450316429138184e-02,2.896890869140625000e+02,2.780840454101562500e+02,-2.189528274536132812e+01,-1.714469909667968750e+01,-1.230471038818359375e+01,-1.008635044097900391e+01,-7.249248504638671875e+00,-3.038072586059570312e+00,-1.319885253906250000e-03,2.727322578430175781e-01,-1.254730939865112305e+00,-2.239556312561035156e+00,-1.135667562484741211e+00,1.691714324951171875e+02,1.627343292236328125e+02,9.999668884277343750e+01,-1.710893630981445312e+01,-1.335336112976074219e+01,-9.838853836059570312e+00,-6.699618816375732422e+00,-3.507841825485229492e+00,-1.106400132179260254e+00,-4.478738903999328613e-01,-1.037675738334655762e+00,-1.404070615768432617e+00,-1.122956037521362305e+00
-4.919400939941406250e+02,8.509562683105468750e+01,6.039866638183593750e+01,4.207170867919921875e+01,2.978589820861816406e+01,1.901066589355468750e+01,9.145437240600585938e+00,1.094682335853576660e+00,-8.887534737586975098e-01,2.774367094039916992e+00,4.166165351867675781e+00,1.757448434829711914e+00,5.471693873405456543e-01,2.885178527832031250e+02,2.761693725585937500e+02,-2.151195907592773438e+01,-1.530638408660888672e+01,-1.153052139282226562e+01,-1.032023048400878906e+01,-8.957991600036621094e+00,-5.017095565795898438e+00,8.398423790931701660e-01,2.527459383010864258e+00,-5.084593296051025391e-01,-1.809497952461242676e+00,-6.051394939422607422e-01,1.681713256835937500e+02,1.620362396240234375e+02,1.000428085327148438e+02,-1.627826881408691406e+01,-1.255675029754638672e+01,-1.025945091247558594e+01,-7.926528930664062500e+00,-4.250679016113281250e+00,-8.278859257698059082e-01,6.380450725555419922e-01,1.854927092790603638e-01,-8.073391318321228027e-01,-8.448271155357360840e-01
