1.036246156560393317e+01,-1.107659245561902317e+01,7.553885742896116362e+00,-4.601824310889470748e-01,-4.950902350079401160e+00,1.525858705117190572e+00,-2.445136061784531378e+01,-9.912781600824825290e+00,-2.392373966752094017e+00,-1.048338883573653391e+01,5.201964126507944819e+00,1.658488140605668626e+00,1.101575702564690573e+01,4.911442582620875186e-01,6.657907545610398437e+00,4.819580202981395445e+00,2.806377817088192006e-01,-4.981898564578441047e+00,-7.643883765613953329e+00,1.203277009842391720e-01,-1.694353194987646027e+00,-4.800402833581673967e+00,5.892714632260034335e-01,-1.756534348292563941e+00,-6.723025373683515937e+00,-8.356156597210482317e+00,1.024757806700318907e+00,7.498422123913596415e+00,3.187264553719908466e+00,-1.457846292092788987e-01,-2.606142251221447825e+00,-2.432601946109345992e+00,-1.157050751947773737e+00,-2.609453139270708766e-01,-2.903869721052527275e+00,-7.013698101325811507e-01,-3.367399684076721189e-01,-4.948468501918299012e+00,-3.619953342675155561e+00
1.134475008212810820e+01,2.239222635601774147e+00,1.719304614885890814e+01,1.010931323286913125e-01,-1.491469947923628325e+01,-1.376190882611071586e+01,-2.421070521587683544e+01,-1.330148799080011734e+01,-1.199317963391544239e+01,-9.304845909284527039e+00,1.688895429922816938e+00,-1.178756260676136236e+01,-5.696556168774058904e+00,2.316322387619753620e+00,1.541710153697879093e+01,5.558371282809073222e+00,-5.047804638776068886e-01,-4.024406345764399262e+00,-2.259562982466388092e+00,-2.952790730361552818e+00,1.948133126761453227e-01,-4.859472885840480316e+00,-2.048060256944454594e+00,3.641725312710164530e-02,-9.009658567953989561e+00,-4.871805058082647299e+00,1.863183563839479806e+00,8.772979530550157889e+00,3.286365299321269084e+00,-3.648122754723149175e+00,-1.012181757659710613e+01,3.458678637854355031e+00,-3.785452243131264716e+00,1.045716411513375688e+00,-2.417155599507569086e+00,-4.226605710295977758e+00,4.795442792317518022e-01,-6.262584208799740537e+00,-1.635375232736102857e+00
1.499510634084344041e+01,1.975761061833855692e+01,1.867062830851426369e+01,-1.469743358844160852e+00,-1.299971504160819968e+01,-2.993267259815585835e+00,-3.035694207856841942e+01,-9.523154975472534645e+00,-1.211131973843305509e+01,-1.457950934962544309e+01,5.274798632762148110e+00,-1.636082899530230961e+01,1.272146909481610466e+00,3.008653457526735409e+00,7.565990512275602597e+00,6.171474039172402115e-01,-9.148554436577889248e+00,-1.831044220403212819e+01,1.742036185148303673e+01,-8.107562943631624108e+00,4.211237567433012252e+00,1.187250277732990966e+00,-1.013175561049372142e+01,2.937186419808392568e+00,-4.428605864338841513e+00,6.703621044411548269e+00,2.087340734396349706e+00,7.397989451219521229e+00,2.076905140770299418e+00,-4.099343108605952857e+00,-1.071526544754365950e+01,6.425362481060645337e+00,-1.860639734711941884e+00,3.482913590764894707e+00,3.348305428710453002e-01,-4.215543564927564546e+00,4.050458347285698757e+00,-4.204426437915410375e+00,1.460554066199429402e+00
1.736205699718157902e+01,1.737120366015297890e+01,1.842734095669338856e+01,-1.819601574082708595e+01,-5.153558388730053963e+01,2.107881487685535404e+01,-4.042583110314008366e+01,-4.879012855934092840e+00,-9.618679078449460462e+00,-2.956835713027196988e+01,7.563268269539602073e+00,-2.064477433543904539e+01,7.710685920049038522e+00,1.397702719607752719e+00,-7.051231650677856067e-01,-6.746821328419443375e-01,-5.169300089348331184e+00,-1.360853617107868629e+01,9.612788259376483069e+00,2.354972865397510162e+00,6.406851880519584874e+00,5.102924104151598250e+00,-3.424920850127595173e+00,8.621135405182947409e+00,7.128954053348852682e-01,5.171379701375446558e+00,1.656425834298205002e+00,2.251789902300222579e+00,9.076411304689259163e-01,-5.163643919776779612e+00,-7.210526736356527522e+00,5.941025545727071311e+00,4.830678640761419951e-01,5.692477390773038159e+00,4.264147715915374448e+00,-3.966939561666056768e+00,4.313064802499425809e+00,-2.742194393290375842e-01,3.826604979885195323e+00
1.779051178005894585e+01,1.834736428820298570e+01,1.732126404283037502e+01,-1.180834353754082322e+01,-4.021678738376557050e+01,1.623230925893738075e+01,-2.564699634777339909e+01,3.290548785566634660e+00,-1.905471530129858593e+00,-2.142935104988063344e+01,2.251706944312804382e+01,-1.493503818463253907e+01,1.161490631223250425e+01,4.335597684149004039e-01,-1.583954173991153347e+00,1.989296488676046692e+00,-1.175905318189894189e+00,7.088393448680154307e+00,-7.374192116853597767e+00,8.137746171123223959e+00,6.816529969239790709e+00,6.921656959979646473e+00,1.926867131392377530e+00,3.534907883848698695e+00,3.386609563348804919e+00,2.772015546137160946e-01,8.590319909622585737e-01,-1.738073437324639814e+00,-1.377348400270290707e+00,-3.043566595987802437e+00,-2.904862359614753586e+00,-1.712368475472939355e+00,4.974364454461587925e+00,5.130834628202498138e+00,4.462484055134800620e+00,-1.659575678390470488e+00,1.168115258956869962e+00,1.303692791596070766e+00,2.067197506275796126e+00
1.822917653401137983e+01,1.420329531217067220e+01,2.240593393404548195e+01,-2.054782637720687433e+01,-3.735879698994023101e+01,6.330430643148158509e+00,-2.415033876089363574e+01,8.754047082545488578e+00,4.224634841509831595e+00,-2.571462286748721482e+01,1.463308403723699946e+01,-1.387155520874143555e+01,8.265089029276470711e+00,5.330973735904436239e-01,-2.848083341248237588e+00,-3.763337112171805998e+00,-1.851663741526228257e+00,2.802183547701723398e+00,-1.020661338963203235e+01,6.012065185194846784e+00,3.011969705366764671e+00,2.592457553695579175e+00,-1.687451911544769700e+00,-7.468301199715122074e+00,8.530317919808885208e-01,-1.419867129928142901e-01,5.566831935167272372e-01,-7.424152727177919520e-01,-2.452892951740993421e+00,-2.135868078515267054e+00,5.568325002677120494e+00,-4.003424986362018601e+00,7.389566263321917461e+00,9.648368752455699360e-01,3.524518476034882219e+00,3.448573800217674457e+00,-3.336090846624198747e+00,1.886033430124035792e+00,-4.107326191780105162e-01
1.885670652723983309e+01,1.265119760570651053e+01,9.794589818486763022e+00,-1.551167102059327974e+01,-3.461242028836212370e+01,-4.180917520326683956e+00,-1.362286597738370553e+01,9.314488196300164446e+00,3.279443577261299758e+00,-2.480425487297017284e+01,7.580467043697799667e+00,-1.322897460067076203e+01,1.133093288624687567e+01,6.915995285816958216e-01,1.151957662820792372e+00,-6.239860311942626581e+00,-3.237933007335159985e+00,5.431327284161785229e+00,2.468936345764567442e+00,7.330136894584145857e+00,-5.910422633809248261e+00,5.934104532597683779e-01,7.538293324924194572e+00,-8.140984400551635858e+00,9.019581159708396356e-01,-1.233039746062335240e+00,6.214388825907868341e-01,-2.061979135611774261e+00,-3.495146007321807247e+00,-6.546818772934770436e+00,2.712089949107826303e+00,-2.623392436658828153e+00,5.349090893443142036e+00,-3.751939520809561834e+00,-1.181758080522854915e+00,-5.740363557209136186e-02,-5.223043822352377852e+00,3.755178544582186140e-01,-5.174604380945318383e+00
1.961237559117477147e+01,1.650721063781225695e+01,9.926213310160228787e+00,-2.702369239187719430e+01,-2.649614242161666056e+01,1.126830333467729339e+01,-9.490064971725344023e+00,-3.066798185073008387e+00,5.411455748029368351e+00,-1.063803621763882568e+01,-1.648884763866271808e+00,-1.206763897679975628e+01,5.799009537151800231e+00,6.747000685956763277e-01,-2.882843329191594250e+00,-1.854597750161398828e+00,-1.289641668714311784e+01,1.262377682986947747e+00,2.413664125102677360e+00,3.695593601120935379e+00,-9.436607190486045127e+00,-5.843557981632599763e+00,-2.225203839847555543e+00,-1.518816155890003294e+00,-3.652162138207613040e-01,-1.217800436633931227e+01,5.994221284703776798e-01,-2.138785138525792107e+00,-3.054895747361990210e+00,-6.972013083250098830e+00,3.430358686859012352e+00,2.225353380512985702e+00,5.076251807617043532e+00,-3.943123946859028450e+00,-3.672648369131802149e+00,7.055134108441784013e-01,-1.531970024984467216e+00,1.478308970289563984e+00,-6.092439616663996027e+00
2.020610666443118575e+01,6.885510947323322029e+00,6.085394318163965366e+00,-4.130450439487951542e+01,-3.208766492238822821e+01,6.464107298786709865e-01,-6.231678775141834770e+00,-9.558726184671925807e+00,-8.407672386003900655e+00,-2.925466255266528393e+01,4.542834731917793079e+00,-1.395940702831228464e+01,-1.302507584643175065e+01,4.696057582964101584e-01,-5.057498844539474625e+00,-4.700801813816486430e-01,-7.743891357218528171e+00,2.513380591492270000e+00,1.887615042966557688e+00,3.512695823897995062e+00,7.709163619047005866e-01,-6.853252385272973868e+00,-4.661907877889970742e+00,5.070467416035469022e+00,2.976422416663450754e+00,-7.909057112427998248e+00,4.687126310990230027e-01,-2.884779246986633350e+00,-5.858018010007750576e-01,-7.560948178956019561e+00,3.150815954578288114e+00,3.925237280453970357e+00,2.470157598011111677e+00,-3.921121034025691898e+00,-4.422903501764844592e+00,-3.404494300302083332e-01,6.655831490254199290e-01,2.271658413948332900e+00,-6.355140550789137421e+00
2.055158710776759179e+01,6.392212948733307698e+00,8.986052947396931501e+00,-4.251147510631425064e+01,-2.146938123863212056e+01,1.504353342061040877e+01,-2.464673323929353455e+00,-1.524965461263607214e+00,-8.295049022516579385e+00,-1.996185197341876716e+01,8.492050068204665791e+00,-6.114794143472854770e+00,-1.001910468770419627e+01,2.622786300036761276e-01,-1.800355366005252256e+00,6.251333383502855057e-01,-2.134008081637666976e+00,5.357971907712636650e+00,6.455621554548969243e+00,7.234524819578465049e-01,-7.516535755305344679e-01,-1.787074580143022118e+00,3.705034203717019636e+00,6.475403204358185505e-01,4.556151040359868176e+00,2.446815455804687289e-01,3.160628917918643088e-01,-3.035212737891673562e+00,-5.536345714466548440e-01,-4.213026041969073709e+00,4.311980362758584207e+00,2.144479410577674994e+00,1.951498274969242774e-01,-1.520401226373424119e+00,-3.187538230794621619e+00,-1.099262275058885407e+00,3.976796992557001809e-01,6.208184618990155723e-01,-4.101940019138103466e+00
2.073066392443853800e+01,3.284800215312817517e+00,7.335660994864536377e+00,-4.557252055815484937e+01,-2.137172110696295491e+01,1.355765383897660925e+01,-4.784773811226141760e+00,-1.106203333573299474e+01,-1.198182154628994489e+01,-2.184459414523124465e+01,5.837915372789430180e+00,-4.847104947592547397e+00,-1.253571275527081319e+01,1.894121561814134935e-01,-1.630355317187082376e+00,-1.226572916410130887e+00,-1.721669706885322171e+00,5.587584361547869527e+00,2.457727062031453968e-01,-3.386547496134607371e+00,-4.196092640072993873e+00,-2.220559016420686760e-01,6.123508838424740475e-02,-4.400038328114127317e+00,-3.702451782095845800e+00,-2.468133708207494337e+00,2.015079130949103958e-01,-1.485902349971893299e+00,-7.940435677907375922e-01,-1.679884678977839441e+00,5.958122297991918614e+00,1.828219916019129254e+00,-2.259313697213440442e+00,-1.866812646423384736e+00,1.047799336603655096e+00,2.022260423146530428e+00,-2.734202299957029680e+00,-9.304724684172569482e-01,3.779049130584049010e-01
2.093041142013041878e+01,3.131502314359142947e+00,6.532907114576669727e+00,-4.595481452008489498e+01,-1.029421251553638150e+01,1.553507883301669956e+01,-9.237768316198568641e+00,-9.917150741409594517e+00,-8.739160825800716736e+00,-1.983938179665027235e+01,-3.080265880235895648e-01,-1.351969770766454637e+01,-1.495537210411918494e+01,1.467850746428922548e-01,-1.099222850330940471e+00,-1.996955799622063932e+00,-1.204868762364270651e+00,6.743541656493224679e+00,-2.007958117602718140e+00,-4.678462976924143923e+00,-1.817331720491430325e+00,4.517600872473193974e+00,1.319999309957182732e+00,-5.283026906271328649e+00,-5.031106320355087647e+00,1.934147591169291580e+00,1.655216611017465422e-01,-1.513425748637382773e+00,-2.097502960656934867e+00,-1.627523056903056986e+00,5.048488647398626128e+00,-1.805211964353633958e+00,-4.025416046761256084e+00,-3.831457652371697442e+00,2.645543803419441176e+00,1.022929686922061876e+00,-4.566064754952920524e+00,-3.293894862553747860e+00,6.332436176952154216e-01
2.102423407372432251e+01,1.086354514650936576e+00,3.341749395620408514e+00,-4.798225808288339067e+01,-7.884637793976505549e+00,9.541737603771172971e+00,-1.414169976507442961e+01,-1.469669677671585539e+01,-2.946619801343557388e+00,-1.920459552531687919e+01,-4.728138439753227118e+00,-1.490931758830272358e+01,-8.667417572932230030e+00,1.509994592515067069e-01,-1.603597629240904432e+00,-3.018706585421173649e+00,-1.744703554190184747e+00,3.661866428702081677e+00,-3.754823558285870888e+00,-4.337761132306459544e+00,-4.473885630610534569e+00,4.577114973954074628e+00,1.836089473942315919e+00,-4.373610106132511000e+00,-2.016732214110979804e+00,3.084168956860886546e+00,1.525438811104578574e-01,-1.176809726542667578e+00,-2.390797775120947044e+00,-5.788088478262067849e-01,5.545053650522359767e+00,-2.897264341612905358e+00,-4.319551363617425643e+00,-1.939897176635038578e+00,4.384326121993207259e+00,1.252576112632318273e+00,-4.547128684803939613e+00,-2.864048922686640797e+00,2.047641274247951948e+00
2.123241033863343219e+01,-7.569294412266588945e-02,4.954939437343220399e-01,-4.944422162846526447e+01,-2.970479658132217704e+00,8.025431716444957786e+00,-1.791329058081148773e+01,-1.886492200263066366e+01,4.150691221074321868e-01,-1.616720284876564051e+01,-9.055246800288610842e+00,-1.755316213588650598e+01,-8.787034190397411848e+00,1.590748985074981192e-01,-1.041002651405275703e+00,-2.470685345469717298e+00,6.301984198938441750e-01,5.288159255461634345e+00,-3.357790957286609590e+00,-3.951534865966190857e+00,-7.954684057908982808e-01,4.154656945532787304e+00,8.933962346524548792e-01,-3.897989752672264885e+00,-1.120649879306023777e+00,1.642871116020146349e+00,1.288749526406476886e-01,-9.596896212216311506e-01,-1.835275294034925953e+00,1.044105360940963623e+00,5.335284383407329578e+00,-2.125766125347163804e+00,-2.166135888402981102e+00,-1.203722921482676345e+00,4.357699063977172216e+00,1.512165964305105081e+00,-3.316049770763174642e+00,7.177817863646304142e-01,3.308340163222415420e+00
2.134238387073931875e+01,-9.956507881596148302e-01,-1.599621295319026082e+00,-4.672186124309570232e+01,2.691680716946762697e+00,2.826155689197953347e+00,-2.204476949700681132e+01,-1.628763358829765195e+01,5.362694089722017665e+00,-1.741780305601196943e+01,-1.252411794509775689e+01,-1.715061734691477113e+01,-5.381675340891937331e+00,9.165047309636342732e-02,-2.751250981105354265e-01,-3.341389769312819169e-01,4.039867746595671605e+00,7.032264902085426428e+00,1.193037235612655067e-01,8.981888442821031049e-01,1.862312529799292626e+00,4.239804213222462259e+00,1.497627319494218234e+00,-1.967519444439294496e+00,4.371511619675567673e+00,4.365245893185079495e+00,9.263303091766986186e-02,-5.634679719177942969e-01,-1.074597688749585611e+00,3.140285142762161197e+00,5.573480161266198607e+00,-1.262672151699247181e+00,-1.010060511955092749e-01,7.628602834366994268e-01,3.501354328575620567e+00,9.884231300164465495e-01,-2.563911703640834983e+00,2.970700449766449314e+00,3.214965284779703669e+00
2.141571128482615904e+01,-6.259431403437367702e-01,-1.727840101282417384e-01,-4.136448613527392126e+01,1.109405014603863471e+01,8.264039163567488799e+00,-1.611691289224728152e+01,-1.514029694303207840e+01,8.894677548552357038e+00,-1.317194820977720404e+01,-1.299028568916719983e+01,-8.810138896535370634e+00,-5.654240402725287801e-02,2.668244223849391972e-02,-2.301047293339424371e-01,-4.873938793860621566e-02,5.200580563713721460e+00,5.129408696661148959e+00,1.414587162578593293e-01,3.249925315836366124e+00,1.771462849483000923e+00,2.478826769295032761e+00,8.288479306415528214e-01,-1.528029784210175102e+00,6.361645193884362115e+00,4.211919149336573298e+00,1.790338467153915897e-02,-9.596944452221171096e-01,-1.016252470683258302e+00,4.514612937421189187e+00,3.948008548029611653e+00,-2.755785995498400087e+00,1.146114528730510784e+00,2.096011768362982863e+00,2.167802505548688252e+00,3.065893163593326198e-01,-2.911162256403833304e+00,4.660654955200235428e+00,3.598359825220627251e+00
2.139574875521630659e+01,-1.455860246827499704e+00,-1.697100071196238513e+00,-3.632070011566825940e+01,1.295049811026906106e+01,3.109073121713672005e+00,-1.554491886533407907e+01,-1.274470788933165011e+01,1.032034762831208319e+01,-1.576010719472886379e+01,-1.558017751351810709e+01,-4.427326959146046903e+00,3.042162957781208377e+00,-6.023323253676160505e-02,-2.009058650277785851e+00,-2.182122505807560842e+00,4.646374315100441521e+00,2.730521196580291132e-01,-7.079498070436194723e+00,3.421348196259899055e-01,2.491985466366664070e+00,-5.971133399825756527e-02,-1.145577993916662152e+00,-4.546371304465201213e+00,4.099303171382840283e+00,2.524694095198201538e+00,-4.023327224852053796e-02,-1.269590516519778500e+00,-1.273004954500250641e+00,3.915386495354268526e+00,1.957973894302621476e+00,-3.438379515798049457e+00,-6.802026518900206042e-02,2.828044829702347940e+00,-1.994501910841322070e-02,-5.822308117598581356e-01,-3.018371527964656131e+00,4.136073925230243198e+00,3.076474304532017978e+00
2.129524481975263583e+01,-4.644060440899308695e+00,-4.537029021743363089e+00,-3.207173750507303822e+01,1.164015438535469293e+01,-5.894956977304901535e+00,-1.543264325299530171e+01,-1.015632601029875026e+01,8.775254880555841908e+00,-1.546310419761052835e+01,-2.208302829809760226e+01,-6.115325537696895131e-01,4.992845786369150218e+00,-9.714900659141534334e-02,-1.939342236826610888e+00,-2.042711745408239743e+00,2.264698517121727761e+00,-3.710000207336099365e-01,-5.197658470534885389e+00,-3.591043388621866228e+00,4.052656491589536891e+00,-2.498833650066937029e+00,-1.711635963082867917e+00,-3.744713383468865509e+00,1.928888033499826404e+00,2.216919564394371545e+00,-8.202548441428944570e-02,-1.216781638334935467e+00,-2.016559359243934146e+00,3.033392372122986735e+00,4.552316296568701404e-01,-4.533674114983009318e+00,-1.391787000509610461e+00,2.193033453425875301e+00,-8.308420272171556098e-01,-2.443275328370079880e+00,-3.253727643127082736e+00,4.464283776396238856e+00,1.049052420219193760e+00
2.120145074203347590e+01,-5.334544720480721480e+00,-5.782523562012718443e+00,-3.179130308142480388e+01,1.220849806880184119e+01,-7.286243819356098328e+00,-2.272700564257781153e+01,-4.639394906152576326e+00,5.322680328178209130e+00,-1.918337912089459962e+01,-2.306960428045583811e+01,-5.695508921463939833e-01,7.476002086569951466e+00,-9.625597520325435141e-02,-6.322432714624737216e-02,-1.837920019598155541e+00,1.804757356646160105e+00,1.050526964850950762e+00,-1.655857981753885877e+00,-2.026080626589083167e+00,9.642699214032566246e-01,-7.679769090111632224e-01,-4.106792345467103367e+00,-1.715591111618072873e+00,6.096962252857844433e+00,-1.010522826847403133e+00,-8.187220637553167812e-02,-4.090950237086571351e-01,-2.306201314126875790e+00,2.122479909121602226e+00,1.116782051598312453e+00,-4.356849537334431588e+00,-1.144644844229314895e+00,2.444232785848625689e+00,-1.469612968995533508e+00,-3.775718493524755193e+00,-2.089504633212823759e+00,4.919506964825485440e+00,-9.297442384977557817e-01
2.110273286934612713e+01,-4.770509095191803439e+00,-8.212869060939674171e+00,-2.846222279178071801e+01,1.374120831505659446e+01,-9.206672940812673289e+00,-1.948480450617346804e+01,-8.227786167492237013e+00,7.239301062533515463e+00,-2.367668888854473508e+01,-2.551421052133374801e+01,1.158239195194599880e+01,2.971800132674343953e+00,-5.940352174578755751e-02,9.482168411280917919e-01,-2.803831530109871295e+00,2.139122577359195532e+00,2.637691667303915466e+00,-4.866536381924250421e+00,1.742471591343120352e+00,1.575790512330399240e+00,-7.912103179163156863e-01,-5.674264097995468603e+00,-6.212526437541576740e-01,7.321398252134965645e+00,-4.036018747215059044e+00,-8.510693651930054116e-02,5.301780352270963892e-01,-2.639021856484727202e+00,2.309279032288877431e+00,8.919240815428345348e-01,-3.997555920297567233e+00,7.651420175706771243e-01,2.531531003039321881e+00,-2.172659693099796563e+00,-4.609646518754713540e+00,-6.832549111396367669e-01,4.838908979629811924e+00,-3.023689621459721089e+00
2.108264369854190079e+01,-3.438111038224537896e+00,-1.139018662223246103e+01,-2.751305792670641281e+01,1.748388140340967212e+01,-1.701931658320459917e+01,-1.924206245989157082e+01,-1.487813881491777845e+00,3.740259692345577758e+00,-3.053190731688553683e+01,-2.431210956796415346e+01,1.407324561212353764e+01,-5.960354078601673988e-01,-8.680960522210234842e-02,9.145609946499424492e-01,-3.357718856558726372e+00,2.898878935396435708e+00,-1.395625946458221023e-01,-5.904763628027907885e+00,3.067699874844215024e+00,4.576662330029847681e+00,-4.268067164780171119e+00,-4.580191902421946182e+00,3.180801556460597368e-01,2.339611070149204330e+00,-4.530691853194369401e+00,-1.093250213356135730e-01,9.538075304795732290e-01,-3.218382339531818737e+00,3.727855573317987226e+00,-6.425805947484490854e-01,-3.979338823327884800e+00,3.169180288537517320e+00,3.137518844741085111e+00,-3.277065732464462311e+00,-3.819113716543618864e+00,6.956008176227612694e-01,3.649562015490794842e+00,-4.677919515747630541e+00
2.092911365890192243e+01,-2.941387105891918541e+00,-1.492830677405712692e+01,-2.266446492098784660e+01,1.346208312576495025e+01,-2.101620019686848906e+01,-1.334940475648503799e+01,9.255384925674589036e-01,-1.296833267026826109e+00,-3.283707269338862744e+01,-2.487805021004162853e+01,1.626161409224440746e+01,-6.089583573714395293e+00,-1.705042289821943058e-01,9.790214877458702780e-01,-3.563264890440312804e+00,5.731076888237554456e+00,-4.174361856852127239e+00,-2.129428862381507415e+00,4.646629192578565437e+00,3.979675434507390364e+00,-5.267420430854754088e+00,-1.583424242152606354e+00,2.201214609988030091e+00,6.327012515174184060e-01,-5.393434115556831721e+00,-1.480290832799241174e-01,1.054982032049071261e+00,-2.970825158541830380e+00,4.813468173202736011e+00,-2.414760976997409436e+00,-3.140387503357158216e+00,4.083725799072719376e+00,4.086771544344394158e+00,-4.038271737133777961e+00,-2.676287286077240424e+00,3.882288606525185148e+00,-7.824971868300941713e-01,-4.019885560969219007e+00
2.074163524057751218e+01,-1.480068062732797340e+00,-1.851671640311308664e+01,-1.605090415023130390e+01,9.135157689705417638e+00,-2.127817430796761400e+01,-9.948804074734439951e+00,6.471536987523002438e+00,-6.794581169363930861e+00,-3.369875580119074954e+01,-1.990968034798809327e+01,1.533864811515837445e+01,-1.138290363897383095e+01,-1.980109884866099179e-01,1.233383341599801009e+00,-2.287711594575693397e+00,6.269253053491628869e+00,-3.810158919421637869e+00,-8.814906991742343934e-01,4.818300026548302029e+00,3.650428813577441201e+00,-3.193901962626897184e+00,-1.318814191694851701e+00,8.287034055672886979e+00,-4.612204662983149461e+00,-2.822304991450262701e+00,-2.104123365089293485e-01,5.426867790520232271e-01,-1.780923534294105437e+00,5.512700433575972170e+00,-4.060626773068493733e+00,-1.874580795940236300e+00,4.844295567217113074e+00,2.246825793193282017e+00,-3.866523206282111769e+00,-3.538425246979585159e-01,5.581011826367519468e+00,-3.853610879784658216e+00,-3.540132276234258857e+00
2.053309168192870260e+01,-4.746204226923166902e-01,-1.950372996320851371e+01,-1.012595881400458886e+01,5.841765286921674516e+00,-2.277918159521695785e+01,-3.712804703388434824e+00,8.226396119722341638e+00,-7.684637192280620255e+00,-3.547470107677833084e+01,-8.303982098695856351e+00,7.037204766278108536e+00,-1.173419355661492069e+01,-2.565211180468249808e-01,-2.389962109157127701e-01,2.548118519928959103e-01,4.916047668956561090e+00,-4.072125616108288604e+00,-2.116277777881965250e+00,5.054959712190066234e+00,-1.878253583129065873e-01,-2.801936603537076298e+00,1.358225026255135859e+00,7.607797928094324647e+00,-7.960626119487487884e+00,-2.045744079303683627e+00,-2.931778793280031548e-01,3.778263616760857424e-01,8.951627003507887093e-01,4.559871775948441730e+00,-3.139915540356039259e+00,-9.908075436979473238e-01,4.501821257439061696e+00,2.152411420390157204e+00,-3.221211368526736951e+00,2.401721500250693531e+00,6.706226027848830817e+00,-5.949305321132266400e+00,-1.645759794624990890e+00
2.022859300448386222e+01,-1.958060484564222881e+00,-1.800709269912729482e+01,-6.218808812318181722e+00,9.909064574888406529e-01,-2.551072986373154450e+01,1.611153496456927958e-01,6.095886270897189263e+00,-1.239845437643808346e+01,-3.098230574868047782e+01,-4.694084491799443981e+00,-5.826041238166015379e-01,-1.547439179758119820e+01,-4.066731508099863390e-01,-1.693193319517302398e-01,4.398212419456217326e+00,2.672402551901194023e+00,-2.003567123414315976e+00,-5.373892711296512914e-01,3.908773260954319539e+00,1.824512416554404659e+00,-3.458158156921407489e+00,6.644005429194018930e+00,4.674632049902029074e+00,-6.280745580103772596e+00,-2.692224554603726006e-01,-3.672133780059517738e-01,6.235934665679193634e-01,2.784460445566141917e+00,3.406919459880706658e+00,-2.821206470174982606e+00,1.225870908714263435e-01,4.261611581892478462e+00,-2.960376134627901723e-01,-3.449780688800388795e+00,5.280277102079520724e+00,4.904949124894148582e+00,-5.438423413388756344e+00,1.909782254388719680e-01
1.971974538030872992e+01,-8.132590865957771697e-01,-1.070730512429607906e+01,-4.781153710202200813e+00,1.834631040093042786e+00,-2.385396013747626043e+01,4.104741818520204255e+00,1.187542095283115096e+01,-1.460095350612343523e+01,-2.218669021839029298e+01,1.045282001108202463e+00,-5.524286393929436656e+00,-1.227263846753566590e+01,-4.581757515630613398e-01,1.882639543311376507e+00,4.507233052194349554e+00,2.265049704794608765e+00,-1.979106997622009700e+00,2.691440140625356747e+00,3.644682612063970595e+00,-1.464524883621271201e+00,-4.093436040003191501e+00,8.520465014346658705e+00,2.317258859190032716e+00,-2.495059623932515791e+00,2.657800870631048973e+00,-4.778966336925087321e-01,9.990502957109950177e-01,3.872279913316327704e+00,1.037449682938421436e+00,-2.209296291881779339e+00,1.462245613529387311e+00,2.462292522372965031e+00,-2.120759831852791155e+00,-4.032932009088527892e+00,7.887646195134381699e+00,2.664105652225947640e+00,-4.722797510432807933e+00,3.150897381459153213e+00
1.931224150135773954e+01,1.807218602058529910e+00,-8.992626594738595713e+00,-1.688709402728963971e+00,-2.967307537755178526e+00,-2.012784958248083100e+01,7.450480573773633708e+00,3.166836503654646862e+00,-2.058532645644446646e+01,-1.394137571998716219e+01,-5.956677341937881981e-02,-5.572723371681632898e+00,-1.015879005631910026e+01,-5.589805576397548492e-01,1.725625299573529725e+00,3.028870837737426047e+00,-1.211303196952444594e+00,-2.530120107479127523e+00,2.847283234640441307e+00,4.246167389461077413e-01,-6.394149554375746725e+00,-4.577453845798315157e+00,8.814877551468605077e+00,8.270026510678233356e-01,-4.278718384011989784e+00,6.817565473792729591e+00,-5.731748971633165990e-01,8.968105790768750030e-01,5.254425056243237968e+00,1.496571399910520128e-01,-2.552379173792974409e+00,2.754521306687292448e+00,1.916524770668553312e+00,-3.783338912235461926e+00,-3.354875613698871994e+00,8.612326656100375288e+00,2.390952538992190402e+00,-4.312419422371999822e+00,5.750427810573504495e+00
1.860178426502922022e+01,2.637991512551282280e+00,-4.649563448821226963e+00,-7.203760104107090001e+00,-3.225609174865212037e+00,-1.815939366819537781e+01,4.953975296412419738e+00,-9.128781559203418272e-01,-2.375586119772006555e+01,-4.556935115453081053e+00,2.699287303243849134e+00,-1.408172316195341622e+01,1.362492480049793064e+00,-6.952712125253519559e-01,-5.034257454059536396e-01,7.114394169545033009e+00,-1.285255256340756436e+00,-3.136780883120862562e+00,2.771221508772654829e+00,9.343209451343588157e-01,-4.796747619779509364e+00,-2.005026071344831351e+00,8.602912850169975201e+00,3.246621162756531564e+00,-6.146629739991489316e+00,8.309485918906347024e+00,-6.125509210226305346e-01,2.058402035477447864e-02,5.544625584990680700e+00,5.083509306157569796e-01,-3.178849041301667011e+00,1.569920848701239269e+00,2.449213447279946776e-01,-4.960849660014484463e+00,-2.216613331675694631e+00,5.486197204073353539e+00,5.803194996267209138e-01,-3.995355887260964689e+00,6.479236883429860150e+00
1.792169907630703563e+01,8.003671112466226312e-01,5.236161744351470304e+00,-4.259219915410477064e+00,-9.240869303996904094e+00,-1.458540656493552135e+01,9.319122464042351339e+00,-6.426658735904372755e+00,-2.459537859913412916e+01,3.264449980352787772e+00,6.433675552093684580e+00,-1.786598285166461153e+01,6.460181781493595565e+00,-6.247611386541453982e-01,-1.422452375983616735e+00,7.275496039966757422e+00,3.124808151662215039e+00,-3.848612054214608946e+00,-3.080918672736707720e-01,-2.794738496933004690e-01,-3.609600785770710640e+00,3.843355228149469838e-02,5.991590336297905051e-01,-9.995144833792871664e-01,-2.636356464144677503e+00,5.225783775328744163e+00,-7.218199710231673061e-01,1.141499096076240782e+00,6.464959645222047691e+00,2.418177906684147338e+00,-5.003539697877260828e+00,4.385624277312746067e+00,-7.565509284095834452e+00,-1.829015710602141187e+00,-1.124065513766446811e+00,2.951742025589001894e+00,-2.049776535361394758e-01,-2.979932814719066680e+00,5.331127450103070764e+00
1.735226198772092943e+01,-2.069132394159511334e-01,9.901428631112288770e+00,-9.541438007826594792e-01,-1.092283328329443037e+01,-1.877557740274271936e+01,4.395027597025818800e+00,-8.132079727461762886e+00,-2.367899409315707615e+01,-3.358617048193500043e+00,7.002583364852748016e-01,-1.935443609024277123e+01,1.181406003070728161e+01,-7.968981457054944428e-01,4.068399673588364074e+00,5.410256923526707951e+00,5.768295947220016373e+00,-7.447762334464985479e+00,8.346885118146046167e+00,-1.970835723052729449e+01,2.029008736159513049e+00,-8.243544892120322487e-01,-1.523137303012365829e+00,-3.259308054907236851e+00,1.497593526616114445e-02,2.405440818686957805e+00,-7.060461813597100900e-01,2.019375093599811155e+00,6.172130844608313183e+00,4.469768871430380486e+00,-6.725748526832586727e+00,6.433319669378025019e+00,-9.660777748430550815e+00,-9.967590811465282252e-01,-8.315491317863070719e-01,7.228621627174458553e-01,-4.780409574446642940e-01,-1.660329198850330756e-01,2.381240708192485123e+00
1.632790278489604674e+01,8.937166458423350335e+00,1.605667559140488621e+01,7.277371979029555682e+00,-2.413639397292687505e+01,2.108363671356571434e+00,-3.009759199701223764e+01,-2.368641263585347101e+00,-2.624408757755819366e+01,2.181753743280561708e-01,-8.494055772078906719e-02,-1.783603098113228924e+01,1.127106341886751117e+01,-7.419052418923826053e-01,4.436690273188961697e+00,5.449702609790669783e+00,5.165466053303729765e+00,-9.241878095634364243e+00,1.221794848164570979e+01,-1.401829190611942622e+01,1.031987148246336083e-01,-1.705129137141245366e+00,1.969565024670006936e+00,1.434066117221245218e+00,2.213786196799014228e+00,-4.754024141910102585e-01,-6.292187769903077044e-01,1.920157100188879085e+00,4.085646944111885226e+00,5.578762445777853074e+00,-5.540817318914362133e+00,6.629149716379458823e+00,-8.843182973277020409e+00,5.632537142517950179e-02,-1.299677416705212973e+00,1.898475149487976466e-01,-2.272476580594696982e-01,5.760417667425656862e-01,1.099468708608900336e+00
1.586845150393616422e+01,8.666467306961973094e+00,2.080083385069362834e+01,9.376788305824799608e+00,-2.940658947456315886e+01,5.660319560548698448e+00,-2.364155621521303274e+01,-7.925682297812495669e+00,-2.708925236743956688e+01,5.805130011465139406e-01,3.568390570927765015e+00,-1.492686369664474277e+01,1.086325520232526110e+01,-4.051961758240834044e-01,-1.486352059710647211e+00,2.079009131857670667e+00,5.595877140572751429e+00,-1.783341915003738620e+00,2.117014931979747772e+00,4.609545750394458352e+00,-1.939794665008880648e+00,-1.572274483980377724e+00,1.012973578049356504e+00,1.974155851147940233e+00,3.182353831907462904e-01,5.809321599307981643e-01,-5.420977287795014643e-01,5.477449489316701392e-01,3.234899400578654216e+00,5.528014644417469370e+00,-3.534790216474255065e+00,5.000129757377709261e+00,-3.365256488857479411e+00,3.168100350801584253e-01,-2.208557490237070819e+00,2.154740199185015914e+00,2.886998284914672475e+00,1.774344332869602470e+00,1.771730343507719740e-01
1.551751043324787993e+01,5.964462339002055913e+00,2.021469385512022754e+01,1.846912626017505943e+01,-2.770307780293435229e+01,6.342393535316066533e+00,-2.087850049622332094e+01,-6.248230593603108396e+00,-2.938863654551894911e+01,2.244122530426769124e+00,3.863371144575091343e+00,-1.719956021475079666e+01,1.243292773872910750e+01,-4.107409921443290202e-01,-2.324151871004463299e+00,1.598041325727130868e+00,5.856631987453567945e+00,1.296573511950596114e+00,-7.761315541913083038e-01,3.300377808778497624e+00,1.658723705380202862e+00,-3.030127346461243931e+00,2.910798684267854153e+00,4.796351669491466296e+00,2.062956943779618690e+00,6.278689201025420275e-01,-4.284970860577985152e-01,-1.524957967099976219e+00,1.779583948665214077e+00,4.578482753476998290e+00,1.474006374149954723e+00,-5.892692405123547278e-02,1.373565344049135550e+00,-1.054762925730230005e+00,-7.370787105784699644e-01,1.170502957862657567e+00,2.312125615597266037e+00,3.461671503690943119e+00,-1.010935730733744542e+00
1.504696951964750617e+01,4.018163564953046496e+00,2.399691650214789007e+01,2.109005228073193550e+01,-2.681344245066196663e+01,4.108056452166081840e+00,-1.704080059765603750e+01,-4.608234887052089945e+00,-3.314950706036205474e+01,6.402110369682222135e+00,1.316109390991069716e+01,-1.080094980908550539e+01,1.211899304253034515e+01,-4.606760432482479573e-01,-1.163966922537061022e+00,1.570930076941799314e+00,2.922013749392959880e+00,4.820071094403326484e+00,-1.876266465012182083e+00,-2.825821294660869398e+00,-1.526474502006796019e+00,1.244641380764825556e+00,4.578844744733603367e-01,1.407982353099491490e+00,7.304464904146802162e+00,-3.422205946816430977e+00,-4.504836968710194123e-01,-1.387999223661861681e+00,1.591350327468709525e+00,3.826119500673265783e+00,2.108919282500528958e+00,-4.662720381937877079e-01,1.008943224180536502e+00,5.347775871259251579e-01,1.341106935013352430e+00,8.874684586733575520e-01,-6.371266074252995848e-01,-4.965942487728042809e-01,-2.406289691752075299e+00
1.459615834675138402e+01,3.636528493927933869e+00,2.335655400900382617e+01,2.431315375896097919e+01,-1.806293561412769932e+01,2.589860605291702367e+00,-2.653014308554505973e+01,-9.301179597616700434e+00,-2.689935378398929799e+01,3.159891479373489798e+00,6.679335850774074324e+00,-2.590630406457191892e+00,5.588515845096245549e+00,-4.851302284090950323e-01,-5.638627268816607252e-01,1.594869454473743176e+00,2.247659889533116129e+00,1.565689147099062595e+00,5.485846912129299646e-01,6.348908990032784416e-01,4.414575134380083199e-01,5.760573993612212007e+00,-9.210697748211402747e-01,-7.093159364604460393e+00,-6.956675017785030946e+00,-4.932490176074514565e+00,-4.451515754802866098e-01,-6.708355195882760302e-01,4.577843063550481872e-01,8.386476801708638851e-01,1.414337709462452519e+00,9.557138914373968230e-01,1.277357311558177333e+00,2.129871461037727620e+00,4.128618463931002402e+00,8.808820252151594588e-01,-2.418106898105480962e+00,-1.696482600370624372e+00,-2.584619887735458921e+00
1.407670906282931611e+01,2.890438111189725046e+00,2.718665541109537642e+01,2.558537205979816775e+01,-2.368206415646384144e+01,5.205225834591941769e+00,-1.577101879964948061e+01,-3.725319860176073306e+00,-2.162835907313763073e+01,4.559970820039941586e+00,-1.025224819298224510e+00,-2.471429984465556728e+01,2.254012690381316908e+00,-4.096377812479206071e-01,-2.311905129927986913e-01,-1.223904038291049545e+00,-1.949224493732359065e+00,-2.067071394296727149e+00,3.991258847999208825e+00,5.701769124054673732e+00,6.630424397882111798e+00,6.196617782256573115e+00,2.204855475975108448e+00,-3.906669916060964365e+00,-8.067333896180848285e+00,-5.730986844849592643e-01,-4.325567623790227967e-01,-7.506344578729879924e-01,-5.520335985881288376e-01,-3.959599704137559822e-02,1.996760026143886702e+00,-4.790126127786645815e-01,1.583181746363424125e+00,6.517524306294115721e-01,3.916104160389624944e+00,1.288543447041784029e+00,-2.274358285507708022e+00,-3.663240042432949650e+00,-1.606774236279900681e+00
1.377688278425554280e+01,3.174147467942336487e+00,2.090874593242172708e+01,2.041470477149626106e+01,-2.219707840272115362e+01,1.057237830129012046e+01,-1.512660483743571227e+01,3.959669198147522717e+00,-1.450611821947615176e+01,7.569602431323707137e+00,-1.134003981347854184e+00,-1.872529819881888713e+01,4.442318476126327020e+00,-3.914427869145011840e-01,-1.197128161304409799e+00,-2.363001431798540608e+00,-1.372037635270375588e+00,4.459746615409017068e+00,-3.741745647159195887e+00,4.721789048779445608e-01,-2.127288635805534955e+00,9.313775162335637958e-01,3.040000654438046013e+00,3.360598608865672965e+00,1.832241859793080963e+00,1.202103927617242274e+00,-6.396912271417107276e-02,-7.691207554819611270e-01,-5.518803581076732634e+00,-4.236118355532838109e+00,-1.333889108007711100e+00,-1.493105165760711284e+00,7.222229900217310039e+00,-1.930587671708372310e+00,4.305439482966226805e+00,3.685990248154325521e-01,-1.191545089318806205e+00,-2.768566492253508038e+00,2.915012647430326620e+00
1.329382348900031374e+01,4.961817885809053918e-01,2.246065254749829521e+01,2.284129678925741658e+01,-1.476257092564580731e+01,-2.278265459726450004e+00,-1.482666098989359149e+01,-7.979897131787143216e+00,-1.976560404067050314e+01,1.063997212891603361e+01,5.695972398433121420e+00,-2.104981612506940536e+01,4.658220545615801456e+00,4.454363679197435033e-01,-1.093047295059899504e+00,-1.139160419850151129e+01,-7.955052577464550190e+00,-3.497524683427059244e+00,-5.853148938821389535e+00,1.211771617404962953e+01,-1.039324925925027543e+01,4.101292167042211112e+00,-2.803358241155550434e+00,-7.524921116688879641e-01,2.297967356505363767e-01,7.259578339252154677e+00,2.176196342205162781e-01,-7.710266201433223499e-01,-8.340197902498578841e+00,-6.334024014071483855e+00,-2.341793207761650564e+00,-2.906051262116529976e+00,7.540256589599356296e+00,-5.705799429411913870e+00,3.743104825731073504e+00,-7.325359351536695485e-01,-9.530081131149337192e-01,9.103800654985420016e-01,4.367601901216878524e+00
1.466775552009502981e+01,9.880528778225377007e-01,-1.874462464581294840e+00,4.504599616567160680e+00,-2.919212776957527211e+01,-1.133919576352658165e+00,9.108827510663545013e+00,-1.682682932035302770e+01,-6.303533885391729541e+00,1.962885949012606490e+00,-2.638988204685630112e+00,-1.826570472751781438e+01,1.896147515463063726e+01,7.127736885059201555e-01,-1.839147415239464067e-01,-1.279169122519715351e+01,-1.048549611117605984e+01,-8.565467293099613855e+00,-5.968080387214353966e-01,1.231960448209563097e+01,-6.940585308099111117e+00,6.375738464573014852e+00,-3.469661371744444889e+00,-5.366872835818563559e+00,3.288099361280067967e-01,6.087111655798876697e+00,2.727552521290331211e-01,-3.191763579823899688e-01,-7.018168998722255303e+00,-4.114515763457438524e+00,-1.819393120488317916e-01,-4.913873107308350363e+00,8.769058611645522916e+00,-3.312227768364532920e+00,1.599239783832127504e+00,1.091629921156605620e+00,-1.388497527123603970e+00,1.886077662621040929e+00,2.061865213250960949e+00
1.471937086601215405e+01,1.283523055330125784e-01,-3.122729902896012710e+00,1.870304566905298227e+00,-3.189350551184503502e+01,-3.471881537169320797e+00,9.812547974297670450e+00,-2.186106774798536634e+01,-7.014127111524474323e+00,3.700649385427143834e+00,-5.037773273204005697e+00,-2.039219625281339177e+01,1.683244385721355485e+01,-1.199350818501212501e-01,3.870637708658976051e-01,2.420273142944486811e-01,2.911511224408984688e+00,7.325410049854786720e+00,-6.133129810088767897e+00,3.645128114016365828e+00,5.582972492388498686e+00,-3.291061939748400889e+00,7.267263729919286597e+00,-3.531528823084073565e-02,4.320992452838062547e+00,-5.148471134024191542e+00,-4.581720595904847926e-02,-2.178687634390986894e+00,-5.512222996636724659e+00,-2.670801858856858502e+00,1.243144712354752102e+00,-2.740846400180014353e+00,5.025029537980808314e+00,-2.861253563847163672e+00,-1.337166669286573795e+00,3.271621222170205012e+00,-6.626530358257655129e-01,3.957723935734709819e+00,-2.062314405755915292e+00
1.442788535639478731e+01,1.762180419554332911e+00,-1.390407835992397478e+00,1.032762206538513006e+01,-1.454130766986569867e+01,-1.340017919653019440e+01,1.639908373869627667e+01,-5.660884335576030324e+00,-1.288565776488853132e+01,1.649741340885118035e+01,-2.709618781147311584e+00,-9.623719821841689281e+00,8.664532886582254179e+00,-7.673491624784807286e-01,-5.456336229886468381e+00,-1.109879923541884139e+00,2.352735851829419467e+00,8.010624049059101637e+00,-3.188743056684216981e+00,-1.579594694151793099e+00,-3.004034847713047185e+00,-8.073124167915247895e+00,8.015082562210313455e+00,3.727897890369570089e+00,7.405003676789736922e+00,-8.668662103176568934e+00,-4.174996554043602370e-01,-3.614155682752329568e+00,-1.459926564222561174e+00,3.438650134797811009e-01,2.912629034095443270e+00,-2.964176838011424842e+00,-2.024974373518555915e+00,-3.176797367147075501e+00,-6.906607730441491455e+00,4.468662619658198665e+00,8.941304748493624777e-01,2.642261123983221882e+00,-5.537124540730610001e+00
1.318467254105519260e+01,-1.078432015423992496e+01,-5.342489749979780989e+00,6.575776270564136716e+00,-1.587225741372683174e+01,-9.849367650537754315e+00,6.653358585994084251e+00,-2.786913744341146071e+01,-2.316037544735496922e+01,1.973081450984777163e+01,2.418022507535134480e+00,-5.582188899233917923e+00,-5.048803491395835730e-01,-5.401394754215393945e-01,-6.694284862803487890e+00,-3.336903763079909435e+00,-3.228216616624241642e+00,-4.049149489145730030e+00,3.170592434023138395e-01,-7.917766700736858176e+00,-1.202294848639966318e+01,-9.938895302397705578e+00,-1.031484618789484387e-01,4.066925301694617190e-01,-1.417841481274876081e+00,-4.360009166214048548e+00,-4.058494707547478098e-01,-2.885851834866180798e+00,-1.090977306526853763e+00,5.618141669749034950e-01,1.302532476084375279e+00,-3.155565089075168528e-01,-2.907753573308496264e+00,-2.404575723022797096e+00,-7.048978523041109945e+00,1.786247876951065239e+00,1.904964530078140927e-01,2.118644936067397566e+00,-2.677939049615670086e+00
1.334760640555170852e+01,-1.162638930605264243e+01,-8.064215362152216571e+00,3.871188832136646774e+00,-2.263960664815715873e+01,-1.276606070972556672e+01,5.635503372225595387e-01,-2.970678130837535846e+01,-3.276344836968394247e+01,1.629111648509328347e+01,-1.896233720808388146e+00,-1.245940278439144144e+01,-5.548544584584264028e-02,2.279522330238048511e-02,1.588849074122760996e+00,5.088853876470444959e-02,6.659078739199602026e-01,-2.729718114275298646e+00,2.241322162714267652e+00,-1.730905888751019361e+00,3.004069783355886258e+00,-4.579874488488675510e+00,-3.497888638893177138e+00,-3.455003022934765688e+00,-1.399470595983804522e+00,4.153819062244416216e+00,-3.275257257740616379e-01,-1.963577419646480138e+00,-1.366903812688225139e+00,-1.110186906932899342e+00,-2.542719550436618015e+00,6.448747261529863550e-01,-4.412403037002755823e+00,-2.809868799325772493e+00,-5.712526462023637563e+00,-2.847387065295043040e+00,-2.370958623641569729e-01,-1.455506688467329557e+00,-1.094950399033147725e-01
1.323026298765995357e+01,-7.606622005994402969e+00,-5.240712672450372089e+00,7.907592018404057121e+00,-2.133169364227742903e+01,-5.366723325109219012e+00,3.191546808492045528e+00,-2.186099787669968819e+01,-3.232012442433232025e+01,1.273503723206141736e+01,-4.491983538334396897e+00,-8.381130091201526966e+00,7.802757775349249414e+00,-2.900724506648044709e-01,9.909167766259070476e-01,-1.058000380230055271e-01,1.197954123320128517e-01,-9.427903298081652395e-01,1.744664906230184442e-01,-2.247787947394521257e+00,3.496241596407289265e+00,-2.052483608417052352e+00,-5.266374881912071260e+00,7.280693253875286652e-01,-1.521189941901545772e+00,2.009362035333553287e+00,-2.345618627093976616e-01,2.019259606919749928e-01,-4.071631287503428842e-01,4.588643531637665030e-01,8.105527614000347381e-01,2.175224125539775510e+00,-1.053200105096823602e+00,3.851960725173533717e+00,-4.037144694905826503e-01,-3.313058134771839747e+00,6.952315521669801823e-01,-1.999187760501901279e+00,2.792610870691077940e-01
1.276746150422209958e+01,-9.644555752800828330e+00,-8.275815438198227625e+00,4.110779656800672477e+00,-2.452518730777348921e+01,-1.241712772847952984e+01,-3.932025557566483087e+00,-2.271429811556077993e+01,-3.686841558651804718e+01,5.758366721269140953e+00,-4.400950700333308152e-01,-1.550178266819453299e+01,3.963238624821264100e+00,-4.641636547434719873e-01,-1.579492560705777038e+00,-1.015896341629058952e+00,4.213553028234495734e-01,5.227495182679468222e+00,3.109504905823661680e+00,2.217995997062203184e-01,4.877711231374303402e+00,4.596830118970745005e+00,-2.151569257080386599e+00,4.829047240658452367e+00,-2.837903834320176344e+00,-4.460347362238423763e+00,-3.875950129079971385e-01,-5.873917693998969014e-01,-9.345205707530770400e-01,8.414300913001081517e-01,2.839424572783037171e+00,3.221901104015845618e+00,3.010741975374046753e+00,5.939281891202853991e+00,2.515142288763427381e+00,-2.404965285163226163e+00,6.422649501161963037e-02,5.017875740349186930e-01,-2.016603905307721156e+00
1.230193567817300959e+01,-1.076560712740595704e+01,-7.272505355708489994e+00,8.750302624050956268e+00,-1.087670327691849259e+01,8.522864865381047927e-01,3.635146007904486165e+00,-1.210557541395108139e+01,-2.312646418639083024e+01,8.431898717900644158e+00,5.166110942982506948e+00,-1.405693775984187965e+01,-1.117936949127598334e+00,-4.468332542334518820e-01,-1.669649919772760782e+00,-1.722553218045157486e+00,1.773102164506532574e+00,5.427604170426023167e+00,6.325533816504765205e+00,9.663743085976527425e+00,8.913107515912694012e+00,6.041924270840249633e+00,3.297462975441982636e-01,-2.982026708187705655e+00,4.194610794148930566e+00,-4.820698117483644296e+00,-2.870162466082600838e-01,-8.722320183932605886e-01,-9.770076235624035599e-01,1.450697896233248407e+00,3.106753794131839719e+00,-2.693760866400982112e-01,4.076464537272613597e+00,4.166037334316482266e+00,1.018998354886120783e+00,-2.506544723707069267e+00,-4.817304625502151216e-01,1.602603710407871418e+00,-1.746751231070149402e-01
1.187379499575519581e+01,-1.298385559234634989e+01,-1.172092187428854260e+01,7.656983985813737625e+00,-1.366997896692144288e+01,2.339399045300002145e-01,1.539546061438657354e+01,-4.888083083735392798e+00,-2.478456704483754791e+01,6.417859316357537480e+00,-6.404148486408741903e+00,-7.112561079896671856e+00,-5.678157610146024936e+00,-2.996033466045222582e-02,2.337374746090059574e-01,-5.653461082543711491e-01,2.318838355506405158e+00,-1.744127825628796202e-01,-6.945712030676290283e+00,5.137490200487048853e+00,1.080828346460553036e+00,-5.070296367175567198e+00,-4.279665700959386143e+00,-4.542360042940137177e+00,4.747107713265389606e+00,6.434008613212708561e+00,-1.191282146361039851e-01,-2.113701752129220068e-01,-3.901873012123857620e-01,2.181880968470970572e+00,2.538208471406287803e+00,-1.838796603425012277e+00,3.467756960807493183e+00,8.790210524287239702e-01,-9.373404681890236123e-01,-1.513328789789889273e+00,-1.299673945454227209e+00,2.294417117167875553e+00,2.246193549515388632e+00
1.224201500885210514e+01,-1.029813217818794513e+01,-8.403197572217232292e+00,1.338797933506376658e+01,-1.122552884204425183e+01,-1.303913757481447533e+01,1.391012640887858431e+01,-9.943918721029975316e+00,-3.326705692074196463e+01,-1.274326840181283782e-01,-3.918609142897766962e+00,-4.562722333311100442e+00,1.175008027729781901e+01,1.639928849734184624e-01,1.024355744435952786e+00,1.029758019141378433e+00,2.522181078917691277e+00,1.005123399371135484e+00,-7.449669309729150868e+00,-3.563095784201320448e+00,-7.255969058071160660e+00,-5.850127257725025842e+00,-1.973235421539228041e+00,2.004021866022206222e+00,-8.321218578619369310e-01,7.219177684665762484e+00,-1.294063566701098011e-01,8.904957793348502459e-01,-1.496580048256586082e-01,1.020600987596316234e+00,2.251239555664970027e-01,-4.199067482639547322e+00,4.777749177445908546e-01,-1.355951987655301449e+00,-8.044984218612285520e-01,-3.020329723367060293e+00,3.261061289497750870e-01,-4.337452887168016247e-01,3.390864439317061052e+00
1.220178076570203274e+01,-1.093514410347444432e+01,-9.661405836005785730e+00,1.270134614364912018e+01,-1.165973216817917191e+01,-1.466539871492830116e+01,8.269269045983932642e+00,-1.940002119987771323e+01,-3.648482156028759960e+01,2.471388473279081399e+00,-2.396104754364329459e+00,-8.776804795620545718e+00,8.760197759185500033e+00,-3.755519995015310641e-01,1.480324101510143375e+00,-3.236779133804645880e-01,-1.028426425974460656e+00,2.346609717935548289e-01,1.728779789419974122e-01,-2.161505014024911908e+00,-8.427237865632264402e-01,5.984113941385007962e+00,-2.284540896688651124e+00,4.355614432303471339e+00,-5.415410006126425202e+00,-1.566436357252936951e+00,-2.894584912553916922e-01,1.325233953452436886e+00,1.166567196730618372e+00,2.943631754926911981e-01,1.540611197482711026e+00,-2.675745184273932153e+00,-1.327754684520070283e+00,-3.238150429539744302e+00,6.679968655957637669e-01,-3.185589000078566269e+00,1.296628743843449616e+00,-4.122137757393174340e+00,1.468410416335344526e-01
1.149091100984904301e+01,-7.337483975167658379e+00,-9.050553398978161468e+00,1.133112648311484527e+01,-1.075620689845714217e+01,-1.269338161693048050e+01,9.587116380828760498e+00,-1.162936629415642820e+01,-2.129882903797194871e+01,-4.696514477395430376e+00,4.792619721709176162e+00,-1.539354234556395085e+01,8.617207562791945108e+00,-6.998631133611326050e-01,1.548567088440067518e+00,2.048498929375399680e+00,-1.272059927198733398e+00,2.729074108438865220e+00,6.738673595733217780e-01,1.324461579913601028e+00,-4.180451224965864299e-01,4.528062451021931167e+00,-4.848466630312862513e+00,-9.402572225653171856e-01,-6.765517532557785430e+00,-6.068856901955458127e+00,-4.279647166466940544e-01,8.017378680067407393e-01,9.774577048675292534e-01,-9.005625946021694750e-01,1.550603799836335117e+00,7.906818772122789496e-02,-3.334945246307697286e-01,-2.142047569267499618e+00,2.073284542704031619e+00,-2.389315746728275514e+00,-2.596534558325028219e-01,-4.902127011996560313e+00,-4.239290644795739027e+00
1.080205453897976753e+01,-7.838009926594309285e+00,-5.564407977254986370e+00,1.015722628925165338e+01,-6.201583951301441466e+00,-1.331766399578165760e+01,1.091819220581113470e+01,-2.023611144487088609e+01,-2.742869665824373726e+01,-7.225544787346643183e+00,-4.276619199494963830e+00,-2.230783986073611658e+01,-3.377516044725415778e+00,-3.444282354346377417e-01,-2.502629757133254529e-01,1.743072710861587549e+00,-5.869500969315959438e-01,2.277311473577850354e+00,-3.121411894255885500e-01,6.655379124911871003e-01,-4.303372575357228946e+00,-3.064933810135894277e+00,-1.264515154975606404e+00,-4.534619460602069552e+00,-3.457148757586082866e+00,-5.997361803758680665e+00,-3.488308924313806014e-01,5.693742402333621389e-01,1.168014113922477559e+00,-6.262139902658127033e-01,1.547091938091116115e+00,2.071187059442110012e-01,6.628922144636778535e-01,-1.027892564070080450e+00,1.198238218381592946e+00,-2.192289683120266286e+00,-1.283026781146540785e+00,-3.397636764540330923e+00,-3.627015121533919029e+00
