6.762668054021699904e-01,1.997099809929415992e-01,9.873258979663480650e-01,5.528231164297405659e-02,-1.090662399571688812e-01,-1.674754374117508382e+00,-1.212603044792014417e+00,1.059204085179067389e+00,3.106420608892807578e-01,-1.445447559798309856e+00,6.546960789818041526e-01,-9.669303345228702495e-01,-2.277150919552495711e+00,1.282485255748588848e+00,1.282485255748588848e+00,1.282485255748588848e+00,1.282485255748588848e+00,1.282485255748588848e+00,1.282485255748588848e+00,1.282485255748588848e+00,1.282485255748588848e+00,1.282485255748588848e+00,1.282485255748588848e+00,1.282485255748588848e+00,1.282485255748588848e+00,-6.868709930372369765e-01,-8.410408567274189062e-01,-3.342960576005767348e-01,4.420379152291220026e-01,1.536725737279531767e+00,6.685694970566551376e-01,-1.731200303302087518e+00,-4.733239741674956647e-01,1.105712155631323856e+00,-2.111807689490729778e-01,5.177079619943664862e-02,8.068940094976086996e-01,-8.747108804223030498e-02,1.532474636283583047e+00
1.457091130913305221e+00,-1.186116505259225129e-01,5.233669097061593306e-02,-6.528048939441257748e-01,3.227362923424721974e-01,-5.042684448459647806e-01,-1.145686215971510880e+00,-1.706974616890458984e-01,4.608130856131303910e-02,-1.052150229960897576e+00,-3.575061331287329169e-01,7.414187346139926582e-01,-2.277117884840729634e+00,-5.997103702359108945e-01,-5.997103702359108945e-01,-5.997103702359108945e-01,-5.997103702359108945e-01,-5.997103702359108945e-01,-5.997103702359108945e-01,-5.997103702359108945e-01,-5.997103702359108945e-01,-5.997103702359108945e-01,-5.997103702359108945e-01,-5.997103702359108945e-01,-5.997103702359108945e-01,-6.472165415323650750e-01,1.302885929945159393e+00,2.589199577123643681e-01,-6.466323546899320762e-01,-3.000685314068747209e-02,8.158316968726498919e-01,-2.954115459834583124e-01,-5.396763665685321287e-01,6.859907115809120715e-01,6.445803341424758415e-01,-1.296300931895653097e+00,-9.541308745894309107e-01,9.645698851281575559e-01,3.086798214207063129e+00
1.096557670352954927e+00,2.024487370525986374e-01,5.631991493204359100e-01,-4.432984849212777412e-02,6.964391709175432599e-01,-1.174725965133580852e+00,6.918183494577349046e-01,-9.362617616915654972e-01,-1.728616007397980880e-01,-5.016728197473930839e-01,1.175187306535933285e+00,-2.452772708230552545e-01,-2.277033125972241390e+00,-6.261738583788130086e-01,-6.261738583788130086e-01,-6.261738583788130086e-01,-6.261738583788130086e-01,-6.261738583788130086e-01,-6.261738583788130086e-01,-6.261738583788130086e-01,-6.261738583788130086e-01,-6.261738583788130086e-01,-6.261738583788130086e-01,-6.261738583788130086e-01,-6.261738583788130086e-01,-9.615628980789875380e-02,5.629141180554090296e-01,-1.559531678543582545e-01,-2.859299967638150863e-01,4.745906521830162705e-01,2.489925758153405111e-03,1.347494301735754352e-01,7.172752383910731000e-01,-2.193723498323689458e-01,-8.288702592151580006e-01,-2.025498239297054692e-01,2.019739015921732106e-01,-1.707684831801612180e-01,2.920292525207777601e+00
8.210796373365646383e-01,-8.941099565574738284e-01,-1.524922479745857429e-01,4.056236610056054848e-01,-2.283830129382746210e-01,-2.220632199411372021e+00,-2.339473136150277632e+00,4.904911498538401804e-01,3.598294305930899162e-01,2.209291963990409613e-01,-1.127676565161736422e+00,1.033421825106993319e+00,-2.271201704952853895e+00,2.569196527941146613e-01,2.569196527941146613e-01,2.569196527941146613e-01,2.569196527941146613e-01,2.569196527941146613e-01,2.569196527941146613e-01,2.569196527941146613e-01,2.569196527941146613e-01,2.569196527941146613e-01,2.569196527941146613e-01,2.569196527941146613e-01,2.569196527941146613e-01,5.433553266752578770e-01,7.224957087655297094e-01,-1.121878650145662570e+00,-4.351828058299243573e-01,1.894622868088541301e+00,1.208631870453427348e+00,-1.154900871450408761e+00,-1.423416270392531047e+00,3.464062418893302797e-01,7.881972688678650085e-01,-6.616007619389228100e-01,-2.537766018533175183e-01,3.675091813801300566e-01,2.703150068540220108e+00
6.790960551931367606e-01,-1.142125263725194850e+00,-4.688045797198337472e-01,4.874864679367210130e-01,-8.744119907940349767e-01,-3.091913792562180241e+00,-2.043545528958634172e+00,6.775991706416812921e-01,1.243787684336138621e+00,1.111279261528410611e+00,-1.066524687377617742e+00,2.513434694471886832e+00,-2.190539353985255566e+00,2.735910890881703694e-01,2.735910890881703694e-01,2.735910890881703694e-01,2.735910890881703694e-01,2.735910890881703694e-01,2.735910890881703694e-01,2.735910890881703694e-01,2.735910890881703694e-01,2.735910890881703694e-01,2.735910890881703694e-01,2.735910890881703694e-01,2.735910890881703694e-01,1.030156352087721050e+00,6.295202341093230070e-01,-1.471065971588071841e+00,2.050889605171805630e-01,2.598255927524883546e+00,9.217793152397286693e-01,-1.428421471074010185e+00,-1.986581994124213102e+00,2.700009556640744490e-01,1.201410906209834151e+00,-1.568850606274961201e+00,-3.389874651566048280e-01,1.570192045298184569e+00,2.660582818235354363e+00
1.601352620112213854e-01,-1.573468625392451470e+00,-7.975877194083886845e-01,3.351998574992477997e-01,-7.854144074997745362e-01,-2.244224217136252530e+00,-1.535185658164861078e+00,1.636902266082535640e+00,1.131455903065961888e+00,-3.554602051675772034e-01,-2.141481259914225221e-01,8.605809455118939022e-01,-2.091196731578424117e+00,3.658846325038678238e-01,3.658846325038678238e-01,3.658846325038678238e-01,3.658846325038678238e-01,3.658846325038678238e-01,3.658846325038678238e-01,3.658846325038678238e-01,3.658846325038678238e-01,3.658846325038678238e-01,3.658846325038678238e-01,3.658846325038678238e-01,3.658846325038678238e-01,1.585866590078609972e+00,7.058917748060330455e-01,-1.354173672269736839e+00,2.273488156726387668e-02,2.260341492072619918e+00,6.728646539580966923e-01,-2.134415442656031558e+00,-1.474137744104682790e+00,1.182576078988409440e+00,3.933830767618473057e-01,-8.418576659315217814e-01,3.469976653502849229e-01,4.377675770381086462e-01,1.775628059976515516e+00
-5.096802857236484297e-01,-1.631646063001879865e+00,-1.196078415845664988e+00,4.379846598642799238e-01,-8.615285954448347328e-01,-1.733941058532221247e+00,-1.222508686645371823e+00,2.325201917284076547e+00,3.002817276869038099e-01,-4.819012049649470386e-01,-5.300216377462819706e-01,-3.606955084577241899e-01,-1.939352954738856383e+00,-2.905601573796402493e-01,-2.905601573796402493e-01,-2.905601573796402493e-01,-2.905601573796402493e-01,-2.905601573796402493e-01,-2.905601573796402493e-01,-2.905601573796402493e-01,-2.905601573796402493e-01,-2.905601573796402493e-01,-2.905601573796402493e-01,-2.905601573796402493e-01,-2.905601573796402493e-01,2.056239716917398486e+00,6.514520719854368647e-01,-1.328304262650364054e+00,-5.945516016159884537e-02,2.189530973508683864e+00,2.167936876960316894e-01,-2.475683826120959274e+00,-8.134690076707439266e-01,1.303406907861303088e+00,5.053552104049094940e-01,-2.006663598488569455e-01,-4.259566623866276602e-01,6.287851507525371586e-01,6.132854137062078159e-01
-1.087565189451759728e+00,-1.690216868889531598e+00,-1.240985752122530039e+00,8.582755630489719012e-01,-7.634859804702845976e-01,-1.470596369031766271e+00,-4.721768274622566985e-01,1.790550042009378062e+00,2.817605130858793494e-01,-8.493654601883152688e-01,-5.612205622579736763e-01,5.062103234605085378e-01,-1.758752806059709961e+00,1.580143558550631822e-01,1.580143558550631822e-01,1.580143558550631822e-01,1.580143558550631822e-01,1.580143558550631822e-01,1.580143558550631822e-01,1.580143558550631822e-01,1.580143558550631822e-01,1.580143558550631822e-01,1.580143558550631822e-01,1.580143558550631822e-01,1.580143558550631822e-01,2.270421035214241989e+00,3.072004681635623347e-01,-1.562958577424574447e+00,-8.928385370656851186e-03,2.035213288893232608e+00,-1.274073287243411290e-01,-2.062292266978519972e+00,-5.462519312715540254e-01,1.455238132114881733e+00,6.052646335288679458e-01,-1.020168697642951150e+00,-3.298435206980711021e-01,8.018566494861257832e-01,3.330031309376446647e-01
-1.411453681281250150e+00,-1.439200587657642361e+00,-1.423127112667649907e+00,1.166921024373319904e+00,-1.035162059345825725e+00,-9.154414154000288795e-01,6.940510995669859629e-01,1.547849606984305071e+00,2.327349050229532146e-01,-1.573038923850698767e+00,-2.184609496124281791e-01,1.015160756389635877e+00,-1.538129737245823137e+00,1.274483557447427806e-01,1.274483557447427806e-01,1.274483557447427806e-01,1.274483557447427806e-01,1.274483557447427806e-01,1.274483557447427806e-01,1.274483557447427806e-01,1.274483557447427806e-01,1.274483557447427806e-01,1.274483557447427806e-01,1.274483557447427806e-01,1.274483557447427806e-01,2.292213458248388402e+00,1.210734453458970489e-01,-1.535605408789858739e+00,5.000081801078193333e-01,1.722669935018182441e+00,-9.241918399139564810e-01,-1.831225178372052786e+00,-1.415475366116158030e-03,1.866887026622049861e+00,2.793058488894479274e-01,-1.511352993912043141e+00,-8.799953887823275256e-02,3.910100144836648473e-01,1.948298843259505808e-01
-1.335742703794092989e+00,-1.283497882359930342e+00,-1.363728021013239422e+00,1.434778659825790559e+00,-1.268741411989302126e+00,-2.934553279390176295e-01,9.713203529609095721e-01,1.528964022683879653e+00,-8.476658319318243484e-02,-1.917511304619613055e+00,3.714453059590594464e-01,9.750984212096945880e-01,-1.326211389064961166e+00,1.279291021280102025e-01,1.279291021280102025e-01,1.279291021280102025e-01,1.279291021280102025e-01,1.279291021280102025e-01,1.279291021280102025e-01,1.279291021280102025e-01,1.279291021280102025e-01,1.279291021280102025e-01,1.279291021280102025e-01,1.279291021280102025e-01,1.279291021280102025e-01,2.398225964128574361e+00,-4.219441460299092062e-02,-1.505071874693119982e+00,8.863720812864890330e-01,1.418993307288155536e+00,-1.305489242765921043e+00,-1.656816793086636430e+00,5.128034725751254852e-01,2.044275791761149819e+00,-2.080215260789218534e-01,-1.735508078821768274e+00,1.399484533913801232e-01,5.834107985213564662e-01,-7.191170078879084437e-01
-1.369952262970666412e+00,-1.072420577040644973e+00,-1.321097709056995972e+00,1.555990897142501161e+00,-1.398950221028972152e+00,1.108930572639726109e-01,6.884088489576311032e-01,1.439476124276114932e+00,-1.531866752035203061e-01,-1.670564386544445057e+00,2.831360251689426510e-01,9.026219181851371509e-01,-1.102401770379981993e+00,2.799279733605230525e-01,2.799279733605230525e-01,2.799279733605230525e-01,2.799279733605230525e-01,2.799279733605230525e-01,2.799279733605230525e-01,2.799279733605230525e-01,2.799279733605230525e-01,2.799279733605230525e-01,2.799279733605230525e-01,2.799279733605230525e-01,2.799279733605230525e-01,2.366693446870001161e+00,-2.073987745630679891e-01,-1.407097616799275253e+00,9.940311890181904309e-01,1.169727574972228679e+00,-1.254130203511289565e+00,-1.383619017417628383e+00,4.413023443737723039e-01,1.844587784919132334e+00,-2.335903545130499637e-01,-1.388324187094592599e+00,2.463397158037533285e-01,1.169375908686718091e-01,-1.692836903561792061e+00
-1.306378404339697319e+00,-1.122553576961284882e+00,-1.100359843652955361e+00,1.551865788749854147e+00,-1.441524471822279052e+00,2.006051382562307750e-01,7.628247958834879494e-01,1.403164394935182413e+00,-3.161061086222820560e-01,-1.643697373631886283e+00,2.455790968120219186e-01,1.061307996236147133e+00,-8.749819730753871649e-01,2.660041287345909500e-01,2.660041287345909500e-01,2.660041287345909500e-01,2.660041287345909500e-01,2.660041287345909500e-01,2.660041287345909500e-01,2.660041287345909500e-01,2.660041287345909500e-01,2.660041287345909500e-01,2.660041287345909500e-01,2.660041287345909500e-01,2.660041287345909500e-01,2.119988153515265594e+00,-4.772232813314137290e-01,-1.404248312184851244e+00,1.204248386016861128e+00,1.093680615528297650e+00,-1.367172109587090789e+00,-1.316984718147633959e+00,5.824711722379686263e-01,1.848377291104538411e+00,-3.226132328083137768e-01,-1.419699508016686096e+00,2.833145672136139770e-01,1.294128793334334837e-01,-1.897438080048079012e+00
-1.150892637377883609e+00,-1.102369616955356735e+00,-9.985763699125426163e-01,1.477224380069184217e+00,-1.403079015523908124e+00,4.954257663426512304e-01,6.142437578098169926e-01,1.161439638098133553e+00,-5.687902584779707116e-01,-1.473688253904184009e+00,3.062070604807434759e-02,6.688891746710280417e-01,-6.557831284492668944e-01,6.473019541285943701e-01,6.473019541285943701e-01,6.473019541285943701e-01,6.473019541285943701e-01,6.473019541285943701e-01,6.473019541285943701e-01,6.473019541285943701e-01,6.473019541285943701e-01,6.473019541285943701e-01,6.473019541285943701e-01,6.473019541285943701e-01,6.473019541285943701e-01,1.712669754605064876e+00,-4.640800208265229432e-01,-1.281404458859460416e+00,1.184877777100226126e+00,7.727750963865803735e-01,-1.339462187366756263e+00,-9.899729319446781695e-01,6.636569072718065954e-01,1.546109524498152865e+00,-4.401114394531134288e-01,-1.018836475634661509e+00,5.737543233466095849e-01,-1.737998276496652561e-01,-1.691294850372203840e+00
-9.448562021823362356e-01,-1.153160164206291194e+00,-8.018198298516442390e-01,1.368369737710603440e+00,-1.217617699692683519e+00,4.354168909297763124e-01,7.011334871612403541e-01,1.021627123429267980e+00,-6.736120593619996377e-01,-1.493996391603179763e+00,3.904332195701117336e-01,2.335083040225137962e-01,-4.644372784751515382e-01,6.352499945998444364e-01,6.352499945998444364e-01,6.352499945998444364e-01,6.352499945998444364e-01,6.352499945998444364e-01,6.352499945998444364e-01,6.352499945998444364e-01,6.352499945998444364e-01,6.352499945998444364e-01,6.352499945998444364e-01,6.352499945998444364e-01,6.352499945998444364e-01,1.387003115349464410e+00,-4.457811087706915476e-01,-1.245216077699335733e+00,1.113187000990307984e+00,7.138696546478879856e-01,-1.304459834017449360e+00,-9.141602899546592553e-01,8.798261717991693320e-01,1.390820618256890961e+00,-6.873265220330416758e-01,-7.282620310825139720e-01,6.888751746977360702e-01,-3.243112874525296840e-01,-1.587674713024487039e+00
-9.848477960714216994e-01,-1.096157760755218202e+00,-5.942325394724322640e-01,1.433633504808450310e+00,-1.267591243909838683e+00,5.262935329078275437e-01,5.192076669368030917e-01,9.517181403692526187e-01,-6.860203669938446103e-01,-1.242901879322742431e+00,3.941346301655346274e-01,2.584699528227899501e-01,-3.047976847642275833e-01,8.925694636685961303e-01,8.925694636685961303e-01,8.925694636685961303e-01,8.925694636685961303e-01,8.925694636685961303e-01,8.925694636685961303e-01,8.925694636685961303e-01,8.925694636685961303e-01,8.925694636685961303e-01,8.925694636685961303e-01,8.925694636685961303e-01,8.925694636685961303e-01,1.059241184017294390e+00,-7.859841376588676543e-01,-1.243854686330668757e+00,1.257124430932907710e+00,6.598349547945683291e-01,-1.241780849825886657e+00,-7.733175012661070991e-01,8.269940999403355697e-01,1.220508538692069767e+00,-7.213124518246355477e-01,-6.667444694776514247e-01,8.510591015262487513e-01,-1.359699598271151000e-01,-1.078378791052520214e+00
-9.437261328106169023e-01,-9.529452811879590701e-01,-5.894000408696745685e-01,1.404648606931031107e+00,-1.194995063164565385e+00,6.597640209188456728e-01,2.762007044663319921e-01,8.113413427997920868e-01,-7.021746834985392871e-01,-9.993181330254360395e-01,2.971379609000457389e-01,1.590905577413700978e-01,-1.610717339501530343e-01,9.902238847793838339e-01,9.902238847793838339e-01,9.902238847793838339e-01,9.902238847793838339e-01,9.902238847793838339e-01,9.902238847793838339e-01,9.902238847793838339e-01,9.902238847793838339e-01,9.902238847793838339e-01,9.902238847793838339e-01,9.902238847793838339e-01,9.902238847793838339e-01,7.735644688076904751e-01,-7.143008387357893119e-01,-1.137592904940470717e+00,1.111078565831845832e+00,5.065497347033730557e-01,-1.073861072809506156e+00,-5.660547417930422709e-01,7.264378229114613061e-01,9.922072469418748986e-01,-6.989052975964541448e-01,-4.985753942628057267e-01,8.999372216278124226e-01,-5.729888619796180693e-02,-6.930851548266968587e-01
-9.007898847139128584e-01,-9.541210791392255031e-01,-4.888144844693263491e-01,1.392667639456597328e+00,-1.068514707470222813e+00,5.761909559282537563e-01,1.601473010372587991e-01,6.591612202203850357e-01,-7.415845376466350114e-01,-9.287418845709243254e-01,5.712616367539449236e-01,8.999866492682689900e-02,-4.935841894623586856e-02,1.182895062296816402e+00,1.182895062296816402e+00,1.182895062296816402e+00,1.182895062296816402e+00,1.182895062296816402e+00,1.182895062296816402e+00,1.182895062296816402e+00,1.182895062296816402e+00,1.182895062296816402e+00,1.182895062296816402e+00,1.182895062296816402e+00,1.182895062296816402e+00,6.423541514562135513e-01,-7.355032632704083806e-01,-1.149246465008494145e+00,9.952118767415899514e-01,5.073139302839176912e-01,-9.475923296881267888e-01,-4.701968833364844613e-01,7.961875511839129338e-01,8.634577658400847122e-01,-9.638287827476272884e-01,-5.334239368369932954e-01,1.205570145158452400e+00,2.269534899211487489e-01,-7.060653612259955025e-01
-9.648838964062789181e-01,-9.279056295466401316e-01,-4.012730133521212328e-01,1.365041353285552983e+00,-1.029107158827717194e+00,6.387040525243792288e-01,4.223117387731586611e-03,5.512949294918009224e-01,-8.644020331697374049e-01,-7.716505305330640940e-01,5.749726081861374904e-01,1.316030575378658307e-01,5.259507276134741532e-02,1.150037246655167822e+00,1.150037246655167822e+00,1.150037246655167822e+00,1.150037246655167822e+00,1.150037246655167822e+00,1.150037246655167822e+00,1.150037246655167822e+00,1.150037246655167822e+00,1.150037246655167822e+00,1.150037246655167822e+00,1.150037246655167822e+00,1.150037246655167822e+00,5.053730821167999876e-01,-8.794480128754350590e-01,-1.106805288742423121e+00,9.637293804876672088e-01,4.145123657552982066e-01,-8.772320065119963983e-01,-3.326920384109675055e-01,8.379039256627910381e-01,7.321868976753224123e-01,-1.012837922512826339e+00,-5.273796992740548140e-01,1.186914104189521479e+00,3.528167731988446354e-01,-6.528046514917721366e-01
-1.058692547423733865e+00,-8.447705740238242722e-01,-2.958266580193387174e-01,1.315799310741469608e+00,-9.437826458409307451e-01,5.958867518272055186e-01,2.432275935680900114e-01,4.235243717503112126e-01,-9.950392146897618639e-01,-6.348735898801411981e-01,6.102078538755498771e-01,6.184546954415288955e-03,1.451224432198967018e-01,1.105300244667058340e+00,1.105300244667058340e+00,1.105300244667058340e+00,1.105300244667058340e+00,1.105300244667058340e+00,1.105300244667058340e+00,1.105300244667058340e+00,1.105300244667058340e+00,1.105300244667058340e+00,1.105300244667058340e+00,1.105300244667058340e+00,1.105300244667058340e+00,3.691533382069752123e-01,-1.042707394440858026e+00,-1.051444025825083228e+00,9.920078904111817586e-01,3.770566237613103278e-01,-9.909019360770708884e-01,-2.248951015109658669e-01,1.032724196837324193e+00,5.645945929651600137e-01,-1.094957125158849909e+00,-3.743886409706866925e-01,1.188314317811660636e+00,1.812622318152605216e-01,-4.168029347391706829e-01
-1.151175713750447027e+00,-7.196808456860829262e-01,-3.145813779956728728e-01,1.310540635620406347e+00,-9.393831119659913353e-01,7.463084004218799583e-01,2.824879639744574122e-01,4.014867719108291544e-01,-1.153687660984613172e+00,-6.144001052123330142e-01,4.522490448946655528e-01,5.232601507659463691e-02,2.270461746680700332e-01,8.307191971375037509e-01,8.307191971375037509e-01,8.307191971375037509e-01,8.307191971375037509e-01,8.307191971375037509e-01,8.307191971375037509e-01,8.307191971375037509e-01,8.307191971375037509e-01,8.307191971375037509e-01,8.307191971375037509e-01,8.307191971375037509e-01,8.307191971375037509e-01,2.527270740572152286e-01,-1.089369167831379936e+00,-9.638966179342313145e-01,9.850762458522899223e-01,2.633746290256063216e-01,-1.055704271457390986e+00,-1.471592236765125183e-01,1.123281000868326052e+00,5.530139598028862569e-01,-1.053228099705027621e+00,-3.737770506758495426e-01,9.792752538016380459e-01,-8.219932643317849619e-03,-6.906264970422781868e-02
-1.250793301377908895e+00,-5.804072782488076676e-01,-4.148943779936883902e-01,1.185049128448986355e+00,-8.284685343773998678e-01,7.952009822647938542e-01,4.983750012978955812e-01,3.808559110888903310e-01,-1.233483987755057409e+00,-4.727306462740079041e-01,3.499143468655692701e-01,1.706551825255268884e-01,2.996551080296550595e-01,8.569577475888739970e-01,8.569577475888739970e-01,8.569577475888739970e-01,8.569577475888739970e-01,8.569577475888739970e-01,8.569577475888739970e-01,8.569577475888739970e-01,8.569577475888739970e-01,8.569577475888739970e-01,8.569577475888739970e-01,8.569577475888739970e-01,8.569577475888739970e-01,2.075870272915027737e-01,-9.668481515392356451e-01,-8.161760134276507817e-01,8.461127729765700600e-01,1.611354672065734850e-01,-1.126730274137550003e+00,-8.245641793142687026e-02,1.230646986329909875e+00,4.898494668663699869e-01,-1.008327747408575226e+00,-3.982128990386906708e-01,9.334851116078581867e-01,-3.549736076582295924e-02,6.475024397503800072e-03
-1.312562075918227267e+00,-4.640799147163080507e-01,-4.699994409239290905e-01,1.086586933182726700e+00,-7.501790688976013310e-01,8.027336446317265839e-01,1.006530567947448551e+00,3.151137222388444847e-01,-1.240839021390649055e+00,-2.568694312908358368e-01,2.948090265988525527e-01,2.376303644461545336e-02,3.645546611000103909e-01,1.126585862547982098e+00,1.126585862547982098e+00,1.126585862547982098e+00,1.126585862547982098e+00,1.126585862547982098e+00,1.126585862547982098e+00,1.126585862547982098e+00,1.126585862547982098e+00,1.126585862547982098e+00,1.126585862547982098e+00,1.126585862547982098e+00,1.126585862547982098e+00,2.253635150606683735e-01,-8.944415992361665069e-01,-7.044178317431670777e-01,8.505443974485084047e-01,8.557428017878775106e-02,-1.351137999985787319e+00,1.601890634319054832e-02,1.397715375173789631e+00,3.020965298099376750e-01,-9.807240475813627789e-01,-9.396000003285051583e-02,1.048698105809043657e+00,-5.800706054868760564e-01,-6.061554037634108161e-01
-1.427661077432503811e+00,-2.600377287594278775e-01,-5.737454566243900267e-01,9.573510608818531775e-01,-9.048153969769793248e-01,9.761476238115722737e-01,1.494789591762504699e+00,1.201423339664434153e-01,-1.374058827325583598e+00,2.470085493960074707e-01,-2.937655936989808786e-02,-1.899858830030279333e-01,4.305630888649025212e-01,9.804576976142760358e-01,9.804576976142760358e-01,9.804576976142760358e-01,9.804576976142760358e-01,9.804576976142760358e-01,9.804576976142760358e-01,9.804576976142760358e-01,9.804576976142760358e-01,9.804576976142760358e-01,9.804576976142760358e-01,9.804576976142760358e-01,9.804576976142760358e-01,2.093755803000078020e-01,-9.445586701349856229e-01,-5.001624489260539930e-01,1.094525421181465230e+00,-1.627638474624271137e-01,-1.742524972795207239e+00,3.355443702588338795e-01,1.576977674827439557e+00,-1.263922773734978411e-01,-8.195582851263938373e-01,3.982737529854996628e-01,8.284382584478658940e-01,-1.026134851852602781e+00,-1.328303408194488666e+00
-1.363960227021471905e+00,6.736676516089815103e-02,-1.085805943780616900e+00,8.013470686983694691e-01,-1.048064404187276422e+00,1.343229499083707701e+00,1.402036548150173534e+00,1.950487956009084312e-01,-1.430818197817708359e+00,9.391614958310120498e-01,-6.341190699608242332e-01,-3.030142228368764568e-01,4.980619703679223242e-01,6.354378083771677899e-01,6.354378083771677899e-01,6.354378083771677899e-01,6.354378083771677899e-01,6.354378083771677899e-01,6.354378083771677899e-01,6.354378083771677899e-01,6.354378083771677899e-01,6.354378083771677899e-01,6.354378083771677899e-01,6.354378083771677899e-01,6.354378083771677899e-01,-9.279236863479907102e-03,-2.988560943864959629e-01,-1.854167812556155592e-01,9.140755989109466961e-01,-4.673768832241902427e-01,-1.796448631155620257e+00,5.708240909258427420e-01,1.412576537116710496e+00,-5.095550875097152321e-01,-4.327252858506384081e-01,8.472683090274067963e-01,3.711734922173346995e-01,-1.035128793546146175e+00,-1.227023852780964930e+00
-1.109761262280100080e+00,3.987145879184628150e-01,-1.344865337285090501e+00,3.774642061839249552e-01,-8.632574658194520634e-01,1.083243942818362893e+00,1.361424545898524352e+00,2.800975155676312389e-01,-8.373372760471899934e-01,7.945864373179483131e-01,-4.186934984501857193e-01,-7.599478300255673169e-01,5.617325969910695882e-01,4.986325316824243292e-01,4.986325316824243292e-01,4.986325316824243292e-01,4.986325316824243292e-01,4.986325316824243292e-01,4.986325316824243292e-01,4.986325316824243292e-01,4.986325316824243292e-01,4.986325316824243292e-01,4.986325316824243292e-01,4.986325316824243292e-01,4.986325316824243292e-01,-3.039643880759891892e-01,3.660593249626939993e-01,1.616545691661178397e-01,5.199236598174112878e-01,-4.677489379954868909e-01,-1.488951506792657531e+00,3.780031036444527759e-01,1.001663965822966462e+00,-4.916333717412489923e-01,-1.364411692403846854e-01,9.710512851175989724e-01,1.492756934742690000e-01,-9.013475398251855619e-01,-7.514058662776825770e-01
-9.125031288531820772e-01,7.615111821742092113e-01,-1.253462999355724250e+00,-1.514343303358453852e-01,-6.697831322987368718e-01,8.227353964629005034e-01,9.301853652899724212e-01,2.350646311124047760e-01,2.377778083159091949e-01,1.622670723528835124e+00,-6.547099119367726372e-01,-7.436026608788339765e-01,5.972591513070535374e-01,3.120872224318424482e-01,3.120872224318424482e-01,3.120872224318424482e-01,3.120872224318424482e-01,3.120872224318424482e-01,3.120872224318424482e-01,3.120872224318424482e-01,3.120872224318424482e-01,3.120872224318424482e-01,3.120872224318424482e-01,3.120872224318424482e-01,3.120872224318424482e-01,-4.835325775620009647e-01,5.228570458795021025e-01,5.888598883567601749e-01,2.369501774320121879e-01,-5.628981268773226576e-01,-8.274896346635303157e-01,4.934371505657850765e-01,-4.981095309108735103e-02,-9.796829340129444841e-01,4.360814874918023665e-01,1.404047955881752241e+00,-2.473495949747113801e-02,-6.948060127538974173e-01,-4.269128721050907127e-01
-4.888181866346657523e-01,1.029932492749144890e+00,-1.024724159162359705e+00,-4.886655886353519218e-01,-4.946533811408125869e-01,4.366031497304869724e-01,2.670035650440110153e-01,-1.556551245353249846e-01,7.102844708727988898e-01,1.439527108617824069e+00,-9.609916160539407892e-01,-2.875566774636226230e-01,6.178400797751272266e-01,1.710224662296180517e-02,1.710224662296180517e-02,1.710224662296180517e-02,1.710224662296180517e-02,1.710224662296180517e-02,1.710224662296180517e-02,1.710224662296180517e-02,1.710224662296180517e-02,1.710224662296180517e-02,1.710224662296180517e-02,1.710224662296180517e-02,1.710224662296180517e-02,-5.946633768694240540e-01,6.672029203854699109e-01,8.263625864018129263e-01,2.764897815166420577e-03,-5.931194870068037250e-01,-2.312377669026592086e-01,5.948666032864370345e-01,-7.362265492085156016e-01,-9.579557630880809471e-01,9.005116951739570164e-01,9.664949472066344249e-01,-3.986243632149588101e-01,-4.414200531272085004e-01,-1.801192534028499270e-01
-3.482717228552508204e-01,1.254169178346658642e+00,-1.209960182519320027e+00,-8.112843934113054267e-01,-5.888085582795155037e-01,1.824164253770193256e-01,9.763651784753321627e-02,-5.079273683329197375e-01,9.350088938773601921e-01,1.395498367269345286e+00,-1.301478451906850742e+00,4.474387345400770433e-01,6.271096644020430766e-01,-5.390656007888466883e-01,-5.390656007888466883e-01,-5.390656007888466883e-01,-5.390656007888466883e-01,-5.390656007888466883e-01,-5.390656007888466883e-01,-5.390656007888466883e-01,-5.390656007888466883e-01,-5.390656007888466883e-01,-5.390656007888466883e-01,-5.390656007888466883e-01,-5.390656007888466883e-01,-6.490005975247817860e-01,9.690680122106071215e-01,1.066580165635323763e+00,-4.772823447141847503e-02,-6.942650699676873316e-01,-1.321670501250636898e-01,7.484022557951928167e-01,-1.068384250040752326e+00,-9.328107964229570559e-01,1.217237101052591308e+00,2.276732695891692249e-01,-8.276878083272702913e-01,2.347969472203752239e-01,-4.170359469443777473e-02
-9.365234927205103033e-02,1.472818931754767968e+00,-1.112006416063778369e+00,-1.282086877372508482e+00,-5.377416349837813581e-01,-5.469874701618174240e-02,2.867764177235433420e-01,-7.625898425152917159e-01,1.924063692289305294e+00,1.439922285749651643e+00,-1.067761848456606044e+00,1.133868484991493730e+00,6.314407323726135557e-01,-1.145922963004777362e+00,-1.145922963004777362e+00,-1.145922963004777362e+00,-1.145922963004777362e+00,-1.145922963004777362e+00,-1.145922963004777362e+00,-1.145922963004777362e+00,-1.145922963004777362e+00,-1.145922963004777362e+00,-1.145922963004777362e+00,-1.145922963004777362e+00,-1.145922963004777362e+00,-6.648868013360500484e-01,1.074923190884358393e+00,1.403871461888841710e+00,3.358961258350777988e-03,-8.472418575708763333e-01,8.908440727622991828e-02,8.558350942600208011e-01,-1.699977704498551789e+00,-9.223401393506477364e-01,1.540056571393761287e+00,-4.877346444982936235e-01,-1.117480611763716825e+00,1.257532542237568940e+00,-1.564609448961671451e-02
7.020261820469553271e-01,1.381445200375035043e+00,-4.504880503962006566e-01,-1.377947260120979234e+00,9.837671106291898115e-03,-8.552639124393145165e-02,-1.071079683006489036e+00,-9.369803944320965750e-01,1.381338897118843834e+00,5.668751187470713049e-01,-5.485801818433897470e-01,1.486119891517608593e+00,6.327649745654393421e-01,-1.062237219946487343e+00,-1.062237219946487343e+00,-1.062237219946487343e+00,-1.062237219946487343e+00,-1.062237219946487343e+00,-1.062237219946487343e+00,-1.062237219946487343e+00,-1.062237219946487343e+00,-1.062237219946487343e+00,-1.062237219946487343e+00,-1.062237219946487343e+00,-1.062237219946487343e+00,-6.658055280557019229e-01,1.172164054928082955e+00,1.422020917142112761e+00,-5.768902714824055700e-01,-9.314710916530297702e-01,9.800002119816383361e-01,7.817779088006288069e-01,-1.602849584039510278e+00,-4.291453165320487373e-01,1.231140764271005716e+00,-9.870139500566665891e-01,-1.164913597902285991e+00,1.482322578716194883e+00,-2.135441427531863806e-02
8.784287766739955483e-01,1.430848343541691658e+00,-2.339874700934385654e-01,-1.294514632133843213e+00,-9.035378457680781628e-02,-7.131544960659801369e-01,-9.138628297932683830e-01,-8.461848511899856540e-01,1.330010879547932179e+00,1.466024193781893858e+00,-3.251799552745231470e-01,1.739006129314974780e+00,6.347731167820620524e-01,7.154715229301479296e-01,7.154715229301479296e-01,7.154715229301479296e-01,7.154715229301479296e-01,7.154715229301479296e-01,7.154715229301479296e-01,7.154715229301479296e-01,7.154715229301479296e-01,7.154715229301479296e-01,7.154715229301479296e-01,7.154715229301479296e-01,7.154715229301479296e-01,-6.716354099908218300e-01,9.630357065419116180e-01,1.246145076492762183e+00,-2.796424702655204153e-01,-4.273327640361298529e-01,8.210895236002995201e-01,6.735046315301655984e-01,-1.443227844514683778e+00,-8.382725782736432096e-01,6.974111778993556943e-01,-5.649167386784269551e-01,2.774572261868282763e-01,3.771834552574848121e-01,-2.278637354117975244e-02
1.395232814712026759e+00,1.854530614561639368e+00,4.840283179553503956e-01,-1.993153564276012757e+00,5.974010226150687775e-01,-5.474417809761124021e-01,-4.400034199773691923e-01,-9.863129150102377674e-01,1.316414109681981505e-02,1.954121797603219912e+00,-9.423669615912459996e-01,3.105943680872534363e-01,6.359630201496232482e-01,9.681577101686054954e-02,9.681577101686054954e-02,9.681577101686054954e-02,9.681577101686054954e-02,9.681577101686054954e-02,9.681577101686054954e-02,9.681577101686054954e-02,9.681577101686054954e-02,9.681577101686054954e-02,9.681577101686054954e-02,9.681577101686054954e-02,9.681577101686054954e-02,-6.747571377921501856e-01,8.474521380677854099e-01,1.903483562527610529e+00,-5.134566250361327633e-01,-9.315647892581817580e-01,5.976381464554140210e-01,9.462573086526259170e-01,-4.379973828505243638e-01,-1.510341735318618817e+00,8.294768356436003076e-01,8.576962376972221413e-01,-6.364900429223208089e-01,-2.907192761089459343e-01,-2.702201534740258579e-02
1.111598203476307667e+00,1.974845773139799476e+00,9.026310125579898314e-01,-1.778603397131270025e+00,3.747234614181391699e-01,-1.094542142940465368e+00,9.629066476404534169e-01,-1.062397886859496099e+00,9.675931681722501621e-01,8.738512612077177222e-01,-1.942352933530664849e+00,8.753468334935121664e-01,6.371187005037108886e-01,-3.240246339628026773e-01,-3.240246339628026773e-01,-3.240246339628026773e-01,-3.240246339628026773e-01,-3.240246339628026773e-01,-3.240246339628026773e-01,-3.240246339628026773e-01,-3.240246339628026773e-01,-3.240246339628026773e-01,-3.240246339628026773e-01,-3.240246339628026773e-01,-3.240246339628026773e-01,-6.811396530642304104e-01,-7.755021528483958815e-02,1.689784723216279927e+00,3.813491916686866379e-01,-4.744753226941736957e-01,-1.219723860079552721e-04,5.587590343087578404e-01,-9.779923537204888717e-01,-8.036606228380444028e-01,2.093656076052150095e+00,-2.262832269639827032e-01,-1.572925932686863204e+00,5.441290627181222250e-01,-1.431190935489889265e-02
7.113714730448827961e-01,1.904951763699618272e+00,5.441446716893098001e-01,-1.147609787192072961e+00,1.285690389508570730e+00,-1.326822167651688034e+00,-9.094416048144157716e-02,-1.263217673640976368e+00,2.726576144581088212e-01,1.192273076998437098e+00,-1.254196384799806552e+00,6.191682171214064612e-01,6.378521359829918413e-01,-1.030561029401462658e+00,-1.030561029401462658e+00,-1.030561029401462658e+00,-1.030561029401462658e+00,-1.030561029401462658e+00,-1.030561029401462658e+00,-1.030561029401462658e+00,-1.030561029401462658e+00,-1.030561029401462658e+00,-1.030561029401462658e+00,-1.030561029401462658e+00,-1.030561029401462658e+00,-6.858960341139761496e-01,6.439944838104638691e-01,1.202783270943076133e+00,-1.199039885047346488e+00,-7.177007192831610927e-02,9.040754079963971845e-01,6.882536044442308931e-01,-6.077375767057850986e-01,-1.139368646930495776e+00,1.331327933664834928e+00,-9.041986094910640925e-02,-1.575971629039695898e+00,1.246421693356416283e+00,-2.465065591256472392e-03
1.871915897618560976e-01,2.130970664905265544e+00,1.275687308754469784e+00,-1.068673095027824482e+00,9.722911750313264490e-01,-6.380167050644278692e-01,8.457214709755996873e-01,-1.675004799213125173e+00,-7.220777853012888027e-03,1.296247126068600375e+00,-2.010677819339448558e+00,1.497719734082593457e-01,6.380745468614629212e-01,-5.479819866767383640e-01,-5.479819866767383640e-01,-5.479819866767383640e-01,-5.479819866767383640e-01,-5.479819866767383640e-01,-5.479819866767383640e-01,-5.479819866767383640e-01,-5.479819866767383640e-01,-5.479819866767383640e-01,-5.479819866767383640e-01,-5.479819866767383640e-01,-5.479819866767383640e-01,-6.873733621679466443e-01,-9.484623741783982931e-01,1.398307793252411502e+00,-1.189686744161012194e-01,-6.458951168843694024e-01,1.359954398781273721e-01,1.275477385604845582e+00,-2.841792321677761302e-01,-1.503172632519315988e+00,1.599586817051029008e+00,7.116480291484256551e-03,-1.530924392102815723e+00,1.686223992262574800e+00,2.086472157057951953e-03
5.495513323733284272e-01,1.587171026403217056e+00,1.082023318335169515e+00,-9.464343738342830825e-01,5.887515341712533656e-01,-4.616955667135480557e-01,9.871173272785911390e-01,-5.777019789637701797e-01,5.950216283211740009e-01,1.943415069414184959e+00,-2.369843653492234026e+00,-1.805037317456132939e+00,6.381124908207240765e-01,-1.117679236196206904e+00,-1.117679236196206904e+00,-1.117679236196206904e+00,-1.117679236196206904e+00,-1.117679236196206904e+00,-1.117679236196206904e+00,-1.117679236196206904e+00,-1.117679236196206904e+00,-1.117679236196206904e+00,-1.117679236196206904e+00,-1.117679236196206904e+00,-1.117679236196206904e+00,-6.875577131623462623e-01,-6.364123677868950280e-01,1.141458155598759960e+00,2.484966412730257312e-01,-3.398729221128524713e-01,6.646788350912118636e-03,6.753952300914730644e-01,-8.055148281429531654e-01,-1.794322926035221588e+00,1.793120664872983383e+00,1.923243158679600828e+00,-1.607190154937503834e+00,3.241901947667729100e-01,5.633994756541254798e-03
2.587369412430989279e-01,1.922427856476456587e-01,4.974006227224522236e-01,-6.855845648067774301e-01,1.627879051203623195e+00,-4.590117821853790248e-01,-5.836020765540564925e-01,-3.753678327781666546e-01,3.124838499196190278e-01,2.743179792065228786e-02,-8.379213814838945007e-01,5.147892258801262111e-01,6.381188826033578065e-01,-2.359653011161040315e+00,-2.359653011161040315e+00,-2.359653011161040315e+00,-2.359653011161040315e+00,-2.359653011161040315e+00,-2.359653011161040315e+00,-2.359653011161040315e+00,-2.359653011161040315e+00,-2.359653011161040315e+00,-2.359653011161040315e+00,-2.359653011161040315e+00,-2.359653011161040315e+00,-6.872784748431532975e-01,5.544608031574178586e-01,4.148767293495131958e-01,-1.761911839573339744e+00,-1.458680069217890840e-01,1.383497047422975745e+00,1.085220033052269051e-01,-6.894450907962923480e-01,-7.702708881263921337e-02,1.155521091623129548e+00,-4.946003000469377797e-01,-2.147617570538042475e+00,9.469105865721705317e-01,7.698052808429871156e-03
5.176156596964863743e-01,-1.513122478585436081e-01,6.446026890656245678e-01,-3.708171990356949332e-01,1.017377618861935673e+00,1.180616404909329564e-01,8.739510894808644181e-01,-6.588142572928885610e-01,1.169384448809289045e+00,7.089899542074500349e-01,1.228078635765592397e+00,9.756814869557220993e-01,6.381298702376375642e-01,-5.065799960251312628e-01,-5.065799960251312628e-01,-5.065799960251312628e-01,-5.065799960251312628e-01,-5.065799960251312628e-01,-5.065799960251312628e-01,-5.065799960251312628e-01,-5.065799960251312628e-01,-5.065799960251312628e-01,-5.065799960251312628e-01,-5.065799960251312628e-01,-5.065799960251312628e-01,-6.860937371359162595e-01,1.875516344318020889e-01,2.049072826116470625e-01,-5.666030403851983754e-01,-4.841678586133318363e-01,4.941036482341170655e-01,6.850963506189322594e-01,-2.427835588582919479e-01,-4.939098121031539335e-01,2.434326861557540439e-02,-7.461942276758902759e-01,-1.532144119160901152e-01,1.285977931586024026e+00,3.138626299449323673e-03
9.690864077583418723e-01,5.714929321156230202e-01,8.995216477777518982e-01,-4.788887628690620679e-01,1.670486498681419407e+00,7.284052397237391618e-01,-8.148424080599160346e-01,-1.254300556341988226e+00,5.326336495953316874e-02,6.854187523926205117e-01,2.596817840838489211e+00,-1.054503451520656387e+00,6.381770930388613872e-01,2.333233508077082741e-01,2.333233508077082741e-01,2.333233508077082741e-01,2.333233508077082741e-01,2.333233508077082741e-01,2.333233508077082741e-01,2.333233508077082741e-01,2.333233508077082741e-01,2.333233508077082741e-01,2.333233508077082741e-01,2.333233508077082741e-01,2.333233508077082741e-01,-6.850179207882212129e-01,6.158832537943348395e-01,7.022878613269772918e-01,-1.616575011093866809e+00,-1.157549351383069691e+00,1.455631653192109187e+00,1.350027248422764892e+00,4.298620731230929359e-01,-1.231399980827043494e+00,-1.156190056404415856e+00,1.530303084596914776e+00,6.068167607127439300e-01,-2.087798346325313581e+00,-1.728930927697148101e-03
7.256971538296568269e-01,7.953621698770052539e-01,-2.698773179607974471e-01,-6.969785864868909275e-01,2.205482807709883808e+00,-4.584143001298806586e-01,-4.708816044035359916e-01,-1.625874381381715583e+00,-3.191550373306825117e-01,1.061727415656010531e-01,1.331289276762350537e+00,-2.848273222596803489e+00,6.383613163790724521e-01,-2.302247297535719550e+00,-2.302247297535719550e+00,-2.302247297535719550e+00,-2.302247297535719550e+00,-2.302247297535719550e+00,-2.302247297535719550e+00,-2.302247297535719550e+00,-2.302247297535719550e+00,-2.302247297535719550e+00,-2.302247297535719550e+00,-2.302247297535719550e+00,-2.302247297535719550e+00,-6.855927939486632372e-01,2.312488154947372365e+00,6.641138154177308461e-01,-2.904502871347376836e+00,-5.707742830530251332e-01,1.486528566157550912e+00,1.047222915201332594e+00,4.700165288105740968e-01,-1.491937312606373078e+00,-3.510399794462582546e-01,2.465848913168069867e+00,-1.368768493612330772e+00,-1.887543720600725283e+00,-1.530999346538909883e-03
6.375073218924655061e-01,4.279285579028689335e-01,-1.001944198144595205e-01,-1.730709083076397425e-01,9.622203714861558010e-01,5.440280062951173834e-01,-1.187067551636932450e+00,-1.296811599608987509e+00,2.417726728631515165e+00,1.002649464964850967e+00,1.246014399659646221e+00,-4.335757283248106719e-02,6.385658480962755901e-01,-6.756634648871410187e-01,-6.756634648871410187e-01,-6.756634648871410187e-01,-6.756634648871410187e-01,-6.756634648871410187e-01,-6.756634648871410187e-01,-6.756634648871410187e-01,-6.756634648871410187e-01,-6.756634648871410187e-01,-6.756634648871410187e-01,-6.756634648871410187e-01,-6.756634648871410187e-01,-6.863955047751789662e-01,1.243703627255322575e+00,4.060505544033019554e-01,-1.511322645157102240e+00,-8.945033911143784877e-01,1.920769210404056127e+00,1.380793689531832902e+00,-1.923455776471501455e+00,-1.199817379114926030e+00,4.553424348674046662e-01,3.913511819426052085e-02,-1.473826588701829254e-01,1.116632309716070415e+00,-6.250287566904659487e-04
1.401694100538974697e+00,5.587420501144789720e-01,6.727734131308693577e-02,-9.746640120830463161e-01,4.574139284541548500e-01,4.418388382452668739e-01,-1.879171292894663836e-01,-1.069367746089544768e+00,1.725612363500696800e+00,6.756041969367386768e-01,6.284326472236440031e-01,-2.102724945233055198e+00,6.386660118533723507e-01,4.789432602571668807e-01,4.789432602571668807e-01,4.789432602571668807e-01,4.789432602571668807e-01,4.789432602571668807e-01,4.789432602571668807e-01,4.789432602571668807e-01,4.789432602571668807e-01,4.789432602571668807e-01,4.789432602571668807e-01,4.789432602571668807e-01,4.789432602571668807e-01,-6.868939905740576446e-01,1.321932779657846391e+00,9.517243872585661180e-01,-5.474289021021109258e-01,-1.141432975314194076e+00,8.828896399052581501e-01,1.103002008698201530e+00,-1.218555727475697070e+00,-1.377924250884128510e+00,3.523614615059403321e-01,1.855989967106666194e+00,4.346702291303444210e-01,-1.428717111047910882e+00,4.422739304981022066e-04
9.258871334891862759e-01,5.283976110595146602e-01,4.364742840873175878e-02,-6.280608576893533801e-01,5.873021805320655098e-01,4.000252474273446324e-01,1.334315267445561393e+00,-1.440765672392474661e+00,2.769208639342595202e+00,9.986518837468659759e-01,-4.056207963557801333e-01,-1.691813836302577645e+00,6.387531689180759864e-01,3.495835368434566659e-01,3.495835368434566659e-01,3.495835368434566659e-01,3.495835368434566659e-01,3.495835368434566659e-01,3.495835368434566659e-01,3.495835368434566659e-01,3.495835368434566659e-01,3.495835368434566659e-01,3.495835368434566659e-01,3.495835368434566659e-01,3.495835368434566659e-01,-6.873470618806567511e-01,1.051185593644707872e+00,7.068401308938704330e-01,-3.202995118985747514e-01,-1.066832961273095570e+00,4.607770569528739646e-01,1.431380691632067714e+00,-1.795829442295121092e+00,-1.644768385298914559e+00,1.532267892491627981e+00,1.994408185217773299e+00,-1.914684159577297040e-01,-2.277937976375289164e+00,1.522316542637076452e-03
4.891356199147795514e-01,2.747260045212154833e-01,-1.971757610721871778e-01,-4.245455132913572571e-01,9.279189021046378993e-01,-2.465707761388932218e-01,1.714457204718385086e-01,-1.784283324927234959e+00,-6.056028931994436038e-01,-5.563393834937807592e-01,-1.448435947138437818e+00,4.449073410677291673e-01,6.387804426686016779e-01,-2.250498370950273497e+00,-2.250498370950273497e+00,-2.250498370950273497e+00,-2.250498370950273497e+00,-2.250498370950273497e+00,-2.250498370950273497e+00,-2.250498370950273497e+00,-2.250498370950273497e+00,-2.250498370950273497e+00,-2.250498370950273497e+00,-2.250498370950273497e+00,-2.250498370950273497e+00,-6.874336455677718671e-01,1.232447777940306910e+00,3.278348542254287401e-01,-1.179126413247274519e+00,-6.361436789539145487e-01,2.908982446538404543e-01,1.099411335550501301e+00,1.072151656145284848e-01,-4.356699352846667428e-01,1.107353317338165999e+00,-1.053057634349366944e+00,-2.269851834453547657e+00,1.704016574993439503e+00,2.038411711918127703e-03
-3.356035484436924454e-01,-4.773634087145890437e-01,-6.337344621111978826e-01,-1.764075411278612115e+00,3.768119347550831499e-02,-2.618669642655296337e-01,4.917610838829852143e-02,-1.387979677813152124e+00,9.198032709440814303e-01,2.064050786435228380e-01,-5.834794780220583510e-01,1.055233187074901657e+00,6.388013503625318279e-01,9.906947250691144902e-01,9.906947250691144902e-01,9.906947250691144902e-01,9.906947250691144902e-01,9.906947250691144902e-01,9.906947250691144902e-01,9.906947250691144902e-01,9.906947250691144902e-01,9.906947250691144902e-01,9.906947250691144902e-01,9.906947250691144902e-01,9.906947250691144902e-01,-6.874698980674150972e-01,5.990199038156255318e-01,8.857567755322299785e-01,-4.351085573395982453e-01,-1.150547587129824523e+00,2.670423717358767490e-01,9.683852198730523719e-01,-8.646224238992866740e-01,-5.391229375220738529e-01,3.032767346932925268e-01,-4.322422249647477899e-01,8.036574736058395008e-01,-3.390270814636325292e-01,2.089319540320271670e-03
1.301614373330557857e-02,-3.501303722336936430e-01,6.838153590863972342e-01,-5.988206461427996175e-01,-3.362158812393657437e-01,2.917411420480456319e-01,1.426852935964399105e+00,-9.795730893930324479e-01,8.272980043774901260e-01,-1.747778343453255667e-01,-6.415705550708756810e-01,2.670633100193907650e-01,6.388159636008885478e-01,-2.459577985942278389e+00,-2.459577985942278389e+00,-2.459577985942278389e+00,-2.459577985942278389e+00,-2.459577985942278389e+00,-2.459577985942278389e+00,-2.459577985942278389e+00,-2.459577985942278389e+00,-2.459577985942278389e+00,-2.459577985942278389e+00,-2.459577985942278389e+00,-2.459577985942278389e+00,-6.873573061198675616e-01,-1.110655387890014056e+00,3.113559315777552072e-01,1.204188658530021439e+00,-8.233205314638930572e-01,-7.163299985047603124e-01,7.940557635872393938e-01,-3.289387464011885864e-01,-3.081437259455533373e-01,9.991652225389878739e-01,-5.353375033164633479e-01,-1.807685179034219436e+00,-3.345741567411032041e-02,1.398483317885615028e-03
-1.864540504280906563e-01,-1.260991906537444474e-01,4.640704345491412086e-01,-1.148322685517470410e+00,-4.780986170379295519e-01,-3.256334667737085797e-01,5.177161323182943864e-01,-1.055938678108925277e+00,3.883210912101062867e-02,3.671177549852991384e-01,-1.098669864451128575e+00,-1.271176203988041986e-01,6.388315703515559107e-01,-1.593439292684736275e+00,-1.593439292684736275e+00,-1.593439292684736275e+00,-1.593439292684736275e+00,-1.593439292684736275e+00,-1.593439292684736275e+00,-1.593439292684736275e+00,-1.593439292684736275e+00,-1.593439292684736275e+00,-1.593439292684736275e+00,-1.593439292684736275e+00,-1.593439292684736275e+00,-6.873739118573730655e-01,-1.065955120007769041e+00,6.155042829936901994e-01,9.958259987085743559e-01,-6.930180040046232115e-01,-5.515863324913445886e-01,7.347243688995784838e-01,-1.689839725516536217e-01,-7.428850018645450914e-01,1.021402097998034053e+00,5.108095108775568827e-01,-1.639480681554561059e+00,-4.663024771245062872e-01,1.284257644745955863e-03
-7.957028047059764297e-01,1.470308803326922042e+00,-8.121639327570143729e-01,-1.430610887665296538e+00,2.198697057258808929e+00,2.865738818871227944e-01,-3.485454657094142483e-01,-4.619681624260958963e-01,-8.925382869188404067e-01,-4.392294628365213116e-01,9.240676377989186507e-01,-8.299942781817253312e-01,6.388626471036477072e-01,-4.470606953026813324e-01,-4.470606953026813324e-01,-4.470606953026813324e-01,-4.470606953026813324e-01,-4.470606953026813324e-01,-4.470606953026813324e-01,-4.470606953026813324e-01,-4.470606953026813324e-01,-4.470606953026813324e-01,-4.470606953026813324e-01,-4.470606953026813324e-01,-4.470606953026813324e-01,-6.875279330293457836e-01,1.807704664168209518e+00,1.575714792902590311e+00,-3.209759315054927065e+00,-1.054775396920291763e+00,1.249005823054507136e+00,3.529632127631847083e-01,8.380979814048645782e-01,-1.621006312776212543e-01,-1.116104061455602592e+00,5.577061321414015227e-01,3.817989988547157987e-01,-9.488008792430627780e-01,1.634374358234217317e-03
-3.346855781944197417e-01,9.243730867356220182e-01,5.528541725438951282e-01,-1.105460939884491456e+00,1.465642330390302117e+00,4.632662560589326795e-01,-5.552875949400377653e-01,2.672062285605911747e-01,-1.442771321343663926e+00,-6.015554508341358630e-01,1.019189014500192725e+00,-1.482609792977415353e+00,6.388758257163046350e-01,2.091769793098887220e+00,2.091769793098887220e+00,2.091769793098887220e+00,2.091769793098887220e+00,2.091769793098887220e+00,2.091769793098887220e+00,2.091769793098887220e+00,2.091769793098887220e+00,2.091769793098887220e+00,2.091769793098887220e+00,2.091769793098887220e+00,2.091769793098887220e+00,-6.875886216653098737e-01,-9.771198345937705254e-02,1.187387500312456101e+00,-1.527243286361962937e+00,-7.726973886267658465e-01,7.546218117124311453e-01,-1.527272016756775763e-01,1.219532564282397091e+00,1.291815531169997477e-01,-2.232708083308762692e+00,8.427779297066102515e-01,2.733828970022736726e+00,-5.535744751259806806e-01,1.765317466511995238e-03
-2.759144258976207065e-03,2.882614351539165495e-02,2.176927753027535051e+00,3.080192868860132660e-01,8.275360806778261358e-01,8.574404682580459847e-01,-1.046515480026006806e+00,-1.063532331393643338e+00,-1.356022527402361177e+00,-6.082762764364540997e-01,1.880142083433434363e+00,-3.001378165517766816e-01,6.388843810560264069e-01,-6.620943912129960696e-01,-6.620943912129960696e-01,-6.620943912129960696e-01,-6.620943912129960696e-01,-6.620943912129960696e-01,-6.620943912129960696e-01,-6.620943912129960696e-01,-6.620943912129960696e-01,-6.620943912129960696e-01,-6.620943912129960696e-01,-6.620943912129960696e-01,-6.620943912129960696e-01,-6.876075229548156420e-01,-2.393792407163247038e+00,7.051736852277196155e-03,1.337685635970012887e-01,-7.962464020473289938e-01,6.556369025320692989e-01,9.756053610174113544e-01,1.231385477136871298e+00,-2.323199740144253900e-01,-2.076596082321751968e+00,-6.876744922226875056e-01,8.889103480915925282e-01,1.658005670471590420e+00,1.740932962709991743e-03
2.350485738771918853e-01,6.303458325837514586e-03,1.812790002971185199e+00,-2.664937439768986782e-01,7.789936905183267868e-01,1.848874867740939676e+00,8.425684147984964234e-01,2.367363506815638174e-01,2.670970313409770647e-01,1.823977857183675111e-01,1.895356397269710280e+00,4.318436932287646468e-01,6.388886856042984563e-01,-1.257889074210241542e+00,-1.257889074210241542e+00,-1.257889074210241542e+00,-1.257889074210241542e+00,-1.257889074210241542e+00,-1.257889074210241542e+00,-1.257889074210241542e+00,-1.257889074210241542e+00,-1.257889074210241542e+00,-1.257889074210241542e+00,-1.257889074210241542e+00,-1.257889074210241542e+00,-6.876176769641288988e-01,-1.746626169267842199e+00,5.923059926442009182e-01,4.507932404426246986e-01,-1.326369018772965758e+00,1.016841858113051444e-01,5.663768354139403494e-01,6.388739339310078869e-01,1.088039421275250329e-01,-1.226622603685953994e+00,-8.017899266166346184e-01,3.454100335104478003e-01,2.028547081110861683e+00,1.835592679144584360e-03
-3.836074071141071795e-01,-2.861796697999759997e-01,2.199618558490538778e+00,3.043288959096346336e-01,9.330201952293493139e-01,1.584901212969767936e+00,8.088745921855475807e-01,-1.659021314634148425e-01,-1.701114381816695831e+00,7.162105235125436620e-01,7.066519077466718590e-01,-1.165581640090759041e+00,6.388944771438891390e-01,3.668088342283772341e-01,3.668088342283772341e-01,3.668088342283772341e-01,3.668088342283772341e-01,3.668088342283772341e-01,3.668088342283772341e-01,3.668088342283772341e-01,3.668088342283772341e-01,3.668088342283772341e-01,3.668088342283772341e-01,3.668088342283772341e-01,3.668088342283772341e-01,-6.876459889191665065e-01,-2.665083403972812626e+00,4.767066055632700194e-02,5.059055869607395062e-01,-9.989604621418545216e-01,-3.660971725068821181e-01,8.796222246108720277e-01,1.804839384485082965e+00,-7.536191785635363294e-01,-1.536202582511332126e+00,1.473224006667955832e+00,9.845023369189492835e-01,-4.254432328212191528e-01,2.043855327718532670e-03
4.616468427248751061e-01,-9.688276540083511079e-02,1.549669195640141828e+00,-1.659621364685793521e-01,2.855994931415898122e-02,1.554214373987857334e+00,-3.794754902481149439e-01,1.970281039310319005e-01,-1.152815708160614516e+00,1.016135842330855715e-01,8.072823947076214202e-01,7.607412481688700101e-01,6.388972969441357730e-01,-5.532514713731412348e-01,-5.532514713731412348e-01,-5.532514713731412348e-01,-5.532514713731412348e-01,-5.532514713731412348e-01,-5.532514713731412348e-01,-5.532514713731412348e-01,-5.532514713731412348e-01,-5.532514713731412348e-01,-5.532514713731412348e-01,-5.532514713731412348e-01,-5.532514713731412348e-01,-6.876196110827658137e-01,-1.678773235831324762e+00,4.195494242362205473e-01,8.536955142726837531e-01,-1.087137476437437522e+00,-1.204126685080913750e-01,4.662648576180946081e-01,9.948008118617877038e-01,2.111674938408336644e-01,-6.009120743401852316e-01,4.442794899090580785e-01,-4.163277171143390243e-01,-1.780057152802090092e+00,2.045877890886735242e-03
1.507564329723682928e+00,-2.490271372648566184e-01,1.473416075980894968e+00,2.826073138176365962e-01,1.233392360999143511e+00,7.669830131782283678e-01,-9.337158229752621219e-01,7.305249758814669203e-01,3.589324626889068282e-01,3.290934410056406967e-01,1.061850810532123157e+00,-6.805256819605088880e-01,6.388989486294048836e-01,-4.073979267783632841e-01,-4.073979267783632841e-01,-4.073979267783632841e-01,-4.073979267783632841e-01,-4.073979267783632841e-01,-4.073979267783632841e-01,-4.073979267783632841e-01,-4.073979267783632841e-01,-4.073979267783632841e-01,-4.073979267783632841e-01,-4.073979267783632841e-01,-4.073979267783632841e-01,-6.875675486268900682e-01,1.214838625903015557e-02,-1.084142496130073019e-01,-7.649507076326127475e-01,-1.453712442961181406e-01,1.344814241595304827e+00,-1.754822921682267778e-01,-2.948737830875813870e-01,6.454260198004452970e-03,-4.131703890537057333e-01,9.030662047113759971e-01,9.886509640497487261e-02,-2.414297347252007120e-01,1.808739598391980894e-03
1.886411405581516432e+00,-5.234520710370351576e-02,1.419276212514839708e+00,-4.120150173055509568e-01,1.300636609197739935e+00,6.259348839467214765e-01,-2.509904966595937204e+00,-3.282760050801503127e-01,-8.118007385067324000e-01,-2.065092193477859051e-01,6.436582344841298431e-01,-1.462877902743402680e+00,6.389056254716632965e-01,-5.072773467952477189e-01,-5.072773467952477189e-01,-5.072773467952477189e-01,-5.072773467952477189e-01,-5.072773467952477189e-01,-5.072773467952477189e-01,-5.072773467952477189e-01,-5.072773467952477189e-01,-5.072773467952477189e-01,-5.072773467952477189e-01,-5.072773467952477189e-01,-5.072773467952477189e-01,-6.875403902265030398e-01,4.309663291412583197e-01,3.859700758231184303e-01,-1.288920128331544124e+00,-7.438562581401245710e-01,1.877103279929775770e+00,4.339950674943747755e-01,-6.056769605622592395e-02,-3.755470355760726076e-01,-6.527572636478538026e-01,1.594180343231010877e+00,-8.770166578875099317e-02,-1.201383349303713377e+00,1.586954174430501522e-03
1.282507250824630463e+00,-1.123554033321004508e-01,1.608658515624678875e+00,-4.818665370904053752e-03,6.755316422657833275e-01,1.098075749426710601e+00,1.355434092088559694e+00,4.846448458148721050e-01,-9.427153177003475548e-01,-2.180534274535804451e-01,4.810329274966617108e-01,-1.164606655875545016e+00,6.389148898768121088e-01,1.705971071498396885e+00,1.705971071498396885e+00,1.705971071498396885e+00,1.705971071498396885e+00,1.705971071498396885e+00,1.705971071498396885e+00,1.705971071498396885e+00,1.705971071498396885e+00,1.705971071498396885e+00,1.705971071498396885e+00,1.705971071498396885e+00,1.705971071498396885e+00,-6.875798461043024501e-01,-6.955509938312207652e-01,2.063922281680184434e-01,5.767226728912795419e-01,-5.971556164707046976e-01,-5.883537151940361198e-01,1.157321451860791536e-02,1.342931206788988918e+00,8.842065466611961910e-02,-8.039611657318542770e-01,9.990950479946582030e-01,1.190481299037853491e+00,-1.585294155486583367e+00,1.661343233981123126e-03
1.680310545200341954e+00,1.480862350146752715e-01,1.677656515185330877e+00,9.032954483590382999e-02,1.363505416969168715e+00,-6.196988103943585138e-04,-6.157153289829785381e-01,6.555764715495032702e-01,1.382978901109359338e-01,-4.139759140390508185e-01,8.585576942550553481e-01,-4.529968784613781496e-01,6.389255378973611732e-01,1.043694005583357898e+00,1.043694005583357898e+00,1.043694005583357898e+00,1.043694005583357898e+00,1.043694005583357898e+00,1.043694005583357898e+00,1.043694005583357898e+00,1.043694005583357898e+00,1.043694005583357898e+00,1.043694005583357898e+00,1.043694005583357898e+00,1.043694005583357898e+00,-6.876382809340129132e-01,-4.066843410201343573e-02,1.034924189682895476e-03,-7.062652482980782409e-01,2.643866235550623722e-01,1.189818441203762456e+00,-5.736993215073870056e-01,-7.220960068718293434e-02,4.447909598814360765e-01,-7.314603905264738248e-01,8.459327192930208295e-01,1.184099274674152324e+00,-1.370076383627297112e+00,1.840604282531954020e-03
2.049940839761139610e+00,-6.530427532336122720e-01,1.073292550866873141e+00,-3.836849184696296544e-01,2.740302950616253508e-01,-1.040195903100345154e+00,-2.009592848341474891e+00,8.506513005712645903e-01,-8.109088079081983036e-01,-1.012450746414872427e+00,-4.526212199857289620e-01,-1.546149231584929451e+00,6.389290329522124834e-01,1.937087987410360534e-01,1.937087987410360534e-01,1.937087987410360534e-01,1.937087987410360534e-01,1.937087987410360534e-01,1.937087987410360534e-01,1.937087987410360534e-01,1.937087987410360534e-01,1.937087987410360534e-01,1.937087987410360534e-01,1.937087987410360534e-01,1.937087987410360534e-01,-6.876490279824531981e-01,3.872943426470262795e-01,-2.498606473037257580e-01,-1.639443759176033300e-01,8.137953022349307952e-01,9.926622113344039100e-01,-1.242343097677719665e+00,-2.055627295365578810e-01,6.270967241577454221e-01,-2.858528748068857595e-01,4.563120974414842657e-01,2.164001210809354536e-01,-5.556743800498976926e-02,1.840604282531954020e-03
