-1.725075223618128262e-01,-3.598289228168437964e-02,-1.025803736306613922e+00,-1.351057111509316844e+00,-9.901466406174841417e-01,8.225083907824121132e-01,-1.756746021583290407e+00,-6.842378624604477100e-01,-2.707784759313197620e-01,-1.407148797615376812e-01,3.461101110860225205e-01,-6.243101520350053946e-01,-1.158011903955276978e+00,8.265268546077175760e-01,8.265268546077175760e-01,8.265268546077175760e-01,8.265268546077175760e-01,8.265268546077175760e-01,8.265268546077175760e-01,8.265268546077175760e-01,8.265268546077175760e-01,8.265268546077175760e-01,8.265268546077175760e-01,8.265268546077175760e-01,8.265268546077175760e-01,-7.441547009879946328e-01,2.121133848377175779e-01,1.098046333477338488e+00,1.353260272861461222e-01,-1.229664746859379543e+00,3.545528829553570849e-01,7.017849530327664453e-01,-2.140207932483385589e-01,-4.062388030178874510e-01,-6.680260129816946169e-01,-1.711439243307215363e-01,1.051181515722164006e+00,1.684914201860487681e+00,-1.707083945345143176e-04
-6.474814968645422608e-01,-6.081370418422942237e-01,-6.560281792376644328e-01,-5.435971000714289181e-01,-1.166157154124327189e+00,4.072223022668878811e-01,-1.242148330117175181e+00,9.239505825110046200e-02,-1.719624157488425509e-01,-6.810083288753562281e-01,7.836547710323529259e-01,-4.552517808521968079e-01,-1.158010400961053010e+00,1.642453651550467519e+00,1.642453651550467519e+00,1.642453651550467519e+00,1.642453651550467519e+00,1.642453651550467519e+00,1.642453651550467519e+00,1.642453651550467519e+00,1.642453651550467519e+00,1.642453651550467519e+00,1.642453651550467519e+00,1.642453651550467519e+00,1.642453651550467519e+00,-7.441570202153835467e-01,-2.309614039761704041e-01,1.097557253552451234e-01,5.200646934828397905e-01,-4.047577064489629173e-01,-6.149471427124514333e-02,-9.021583480680053779e-02,5.681396296179155869e-03,3.466698172116029486e-01,-1.100464256032444466e+00,3.281868828111734193e-01,1.949254654841082957e+00,-1.801103160269410974e+00,5.770694241396085236e-03
-6.460515488690603547e-01,-6.913433765884747784e-01,-5.194795754783295694e-01,-5.644564455678274806e-01,-1.122535917777091052e+00,-3.661109330071583567e-01,-1.343778265824013607e+00,-1.127738728790938921e-01,7.253116282246904190e-01,-1.192912201588267607e+00,1.918866936490217778e-01,1.625470512297950476e+00,-1.158008896817807054e+00,8.152971876762753478e-01,8.152971876762753478e-01,8.152971876762753478e-01,8.152971876762753478e-01,8.152971876762753478e-01,8.152971876762753478e-01,8.152971876762753478e-01,8.152971876762753478e-01,8.152971876762753478e-01,8.152971876762753478e-01,8.152971876762753478e-01,8.152971876762753478e-01,-7.441572708092930588e-01,-3.000271998847717225e-01,-1.351158355171744874e-01,5.093930015842834669e-01,-2.962363824522973310e-02,4.030998785956851349e-01,-2.733577498468869327e-01,-8.950225849598094641e-01,1.011624377034639366e+00,-2.523026243098741017e-01,-1.569477141347545235e+00,1.327123733735676492e+00,-3.391906107451119201e-01,8.892784106884026041e-02
2.409415393786336068e-01,-3.432539518278046597e-02,-3.922824954487059701e-01,-9.733705746321403840e-01,-1.256209046721092903e+00,-8.245385888853009604e-01,-6.126697778444777365e-01,2.222620268893924222e-01,7.047534465165667950e-01,-1.710459375610511312e+00,-3.000870799709423609e-01,-3.981054436973188726e-01,-1.158007803785779721e+00,7.050390844103932020e-01,7.050390844103932020e-01,7.050390844103932020e-01,7.050390844103932020e-01,7.050390844103932020e-01,7.050390844103932020e-01,7.050390844103932020e-01,7.050390844103932020e-01,7.050390844103932020e-01,7.050390844103932020e-01,7.050390844103932020e-01,7.050390844103932020e-01,-7.405094910183812607e-01,-1.717530923178798574e-01,4.025859534392500771e-01,8.175050706984121618e-01,2.165958541888982902e-01,-1.740991648935578950e-01,-7.552374909242528522e-01,-8.156898120076382375e-01,1.033192709172785273e+00,3.075052050038793450e-01,-6.877835657454218765e-01,6.527327350538093542e-01,-1.485753414546796825e-01,1.425877266586436931e-01
-4.764795444506708839e-03,-7.857695708634107046e-01,-5.950964456838426786e-01,-1.227780638701188698e+00,-1.435281183996910181e+00,-7.029915572441864935e-01,-4.892574299591851417e-01,-5.924923063149101221e-02,-3.558531127716678677e-01,-1.866481927082827563e-01,1.614917076864394174e-01,2.387205120490950350e+00,-1.158006343939194771e+00,-3.539618938130342091e-02,-3.539618938130342091e-02,-3.539618938130342091e-02,-3.539618938130342091e-02,-3.539618938130342091e-02,-3.539618938130342091e-02,-3.539618938130342091e-02,-3.539618938130342091e-02,-3.539618938130342091e-02,-3.539618938130342091e-02,-3.539618938130342091e-02,-3.539618938130342091e-02,-6.894221721276131420e-01,-1.855932667520899526e-01,1.579304789700606559e-01,9.258933458540836714e-01,-5.133773203596177226e-02,-8.130102732099593332e-01,-2.000671677307942764e-01,1.741131990285999243e-01,6.163234613480272905e-01,-4.266495061466294980e-01,-2.244236433680991016e+00,2.860336855028755010e-01,2.369837190244581393e+00,8.607125311423406699e-02
-1.517352023419833884e+00,-1.013150857262059334e+00,-1.501255997141025311e+00,-1.366772426815656472e+00,-1.803432272949040627e+00,-8.849295886777729381e-01,-8.132518486478733377e-02,1.267776776305129305e+00,3.902240838742157547e-01,-2.267356946276592566e+00,6.237501665244675753e-01,-1.197219074581563347e-01,-1.157360444872379768e+00,2.600656986434153772e+00,2.600656986434153772e+00,2.600656986434153772e+00,2.600656986434153772e+00,2.600656986434153772e+00,2.600656986434153772e+00,2.600656986434153772e+00,2.600656986434153772e+00,2.600656986434153772e+00,2.600656986434153772e+00,2.600656986434153772e+00,2.600656986434153772e+00,-6.528084568976535440e-01,-2.006253069239750386e-01,6.587017038923820289e-02,1.009950693633885344e+00,4.938637223978562529e-01,-1.025785028714606861e+00,-1.641342656881192408e+00,-1.220095031934492064e-01,1.957604105205464462e+00,-8.327529534844997361e-01,-9.546206243395792823e-01,2.559095435050510847e+00,-5.815255865507680255e-01,2.776395778350526991e-02
-1.533039609946337811e-01,-6.435707153648219103e-01,-2.477646038773897164e-01,-1.168030949537236962e+00,-1.513163290787310711e+00,-2.723561468124252039e-01,-5.431431523028975583e-01,5.113617911915095959e-01,9.080408975357877333e-02,-1.962641356156705763e+00,8.879245493594928318e-01,1.279104182818206814e+00,-1.148328447709931588e+00,1.517188029929286364e+00,1.517188029929286364e+00,1.517188029929286364e+00,1.517188029929286364e+00,1.517188029929286364e+00,1.517188029929286364e+00,1.517188029929286364e+00,1.517188029929286364e+00,1.517188029929286364e+00,1.517188029929286364e+00,1.517188029929286364e+00,1.517188029929286364e+00,-6.364420174427837251e-01,-4.799418028672327030e-01,3.192899415400216601e-01,1.102650028446783947e+00,-7.495662830648783248e-02,-6.480149886168210527e-01,-8.557349743659332653e-01,5.026338407723043855e-02,1.706319607315858411e+00,-1.035796679896174632e+00,-1.736030018177112000e+00,1.933766740900319636e+00,6.346082200667058082e-01,-8.973619865824984665e-02
6.154027600546074783e-01,-6.515888663388585966e-01,-7.547484484273966898e-02,-8.001479120246666188e-01,-8.510622762341533143e-01,6.287022989096808789e-01,-7.291745774637435895e-01,-3.684407863562915580e-02,2.562612222698874564e+00,-1.473108350198158556e+00,-6.848327504100537588e-01,1.154777020979544933e+00,-1.141210462637517020e+00,-7.462609903569807912e-01,-7.462609903569807912e-01,-7.462609903569807912e-01,-7.462609903569807912e-01,-7.462609903569807912e-01,-7.462609903569807912e-01,-7.462609903569807912e-01,-7.462609903569807912e-01,-7.462609903569807912e-01,-7.462609903569807912e-01,-7.462609903569807912e-01,-7.462609903569807912e-01,-6.356493725034313425e-01,-1.038287660019006353e-01,3.141781127211177860e-01,5.560234076176353568e-01,-6.766863509788756392e-01,9.428977885241504042e-01,-9.787516155650863303e-02,-2.384339656780056327e+00,1.109920499067464261e+00,2.098956986921836076e+00,-1.227279537551074773e+00,-1.201767879402788619e+00,3.297695841439018394e-01,-1.437980284641584561e-01
7.172022229342023270e-01,-3.394094202403549754e-01,6.358059009878749279e-01,-9.724584500808648446e-01,-5.726837790007127671e-01,2.129634702403820079e-01,-2.308204732274528492e+00,-1.372407144300982207e+00,2.674630928399562180e+00,4.986109535652268332e-01,-1.023014230387406354e+00,-2.985880728846653301e-02,-1.129285423807702138e+00,-2.028590974336776376e-01,-2.028590974336776376e-01,-2.028590974336776376e-01,-2.028590974336776376e-01,-2.028590974336776376e-01,-2.028590974336776376e-01,-2.028590974336776376e-01,-2.028590974336776376e-01,-2.028590974336776376e-01,-2.028590974336776376e-01,-2.028590974336776376e-01,-2.028590974336776376e-01,-6.914691207148458973e-01,-4.158015728858447946e-01,5.015100261142058091e-01,2.425127027556495951e-01,-9.840341534015201175e-01,2.210181078236716168e+00,1.153535596776346317e+00,-3.053597360980806918e+00,-1.000901869653251897e+00,2.191365602793770684e+00,1.671989186838689911e-01,-7.518714255225829035e-01,1.123064211956197100e+00,3.939722683586278085e-01
9.760257153280483822e-01,-3.255830072290532562e-01,-6.213157917604509306e-01,-7.737827793229530293e-01,-8.542570459409447592e-01,1.679032843392908037e-01,-8.867038528784981777e-01,-2.475842347387447795e+00,2.292094783102044619e+00,5.487566448285774445e-01,-1.038769000715940916e+00,5.415305920835626896e-01,-1.122027325496651073e+00,4.646947648024326583e-01,4.646947648024326583e-01,4.646947648024326583e-01,4.646947648024326583e-01,4.646947648024326583e-01,4.646947648024326583e-01,4.646947648024326583e-01,4.646947648024326583e-01,4.646947648024326583e-01,4.646947648024326583e-01,4.646947648024326583e-01,4.646947648024326583e-01,-7.238893455293013979e-01,3.470778613798872203e-01,3.656490387695622291e-01,3.367290756951835662e-01,-1.290865150633731417e+00,9.324165591403663633e-01,1.945247130570540106e+00,-2.339274580073799736e+00,-1.464892314968969433e+00,1.832510834893029239e+00,-1.701335525750173050e-01,-1.416292243217797675e-01,1.024038788247228160e+00,2.385394017449943949e+00
7.576905500854066444e-01,-2.493017583501858925e-01,-4.328860709943325169e-01,-7.576033543609294041e-01,-3.037356275260735261e-01,1.089564083843580944e+00,7.348901929369507924e-01,-1.698947500166011038e+00,1.410424733004076892e+00,-9.129981515361429434e-01,-2.406787862613838924e-01,1.333334932222113522e+00,-1.119969359947058374e+00,1.014099714819130860e+00,1.014099714819130860e+00,1.014099714819130860e+00,1.014099714819130860e+00,1.014099714819130860e+00,1.014099714819130860e+00,1.014099714819130860e+00,1.014099714819130860e+00,1.014099714819130860e+00,1.014099714819130860e+00,1.014099714819130860e+00,1.014099714819130860e+00,-4.493300649515410972e-01,3.786806895368493575e-01,6.496546133022983449e-01,2.600632647859896229e-01,-1.545366279630584927e+00,-1.090891146425163188e-01,1.348897782666539147e+00,-9.260860803547915632e-01,-2.819443832493212510e-02,6.278338805995804517e-01,-1.290968345446410703e+00,8.274097663981999640e-01,3.974785243606910878e-01,3.819582786535683283e+00
8.366374750262498550e-01,5.224652948855441625e-01,2.385663119166072377e-01,-1.668119855124534645e+00,-6.709323236308284422e-01,6.100812311443944841e-02,1.676478381245864568e+00,-1.937810284528345361e+00,6.362067664849262449e-01,2.853874360029866053e-01,-1.303406243809623888e+00,-2.554262218124186967e-01,-1.118442078134747497e+00,5.725276424668582047e-03,5.725276424668582047e-03,5.725276424668582047e-03,5.725276424668582047e-03,5.725276424668582047e-03,5.725276424668582047e-03,5.725276424668582047e-03,5.725276424668582047e-03,5.725276424668582047e-03,5.725276424668582047e-03,5.725276424668582047e-03,5.725276424668582047e-03,7.416790949760121432e-01,-1.672795497074049953e-01,1.434197858608853737e+00,1.001019430691562073e+00,-1.354612747554472696e+00,-1.293404634415332488e+00,1.472096520572126144e+00,-3.928937794713435738e-01,-1.214147621688739243e+00,1.399863598950614296e+00,4.399111450907504384e-02,-8.855370398441168023e-01,5.673721583199273777e-01,2.435583471582452475e+00
-4.665216593363585157e-02,1.045770831193667982e+00,7.344120083045538872e-01,-6.803666874897117411e-01,-9.174153140341689827e-01,-3.833230608274166840e-01,6.598260652767307111e-01,-8.869623856592527833e-01,4.441779761110891123e-01,1.116586990326665196e+00,-9.036478079286609510e-01,3.144618066086649621e-01,-1.067851171681063915e+00,7.940959835131389255e-01,7.940959835131389255e-01,7.940959835131389255e-01,7.940959835131389255e-01,7.940959835131389255e-01,7.940959835131389255e-01,7.940959835131389255e-01,7.940959835131389255e-01,7.940959835131389255e-01,7.940959835131389255e-01,7.940959835131389255e-01,7.940959835131389255e-01,1.897331837632862506e+00,-8.380550552862041647e-01,9.691716911862320316e-01,1.177978725744223132e+00,-3.461808922318572734e-01,-8.783849376196665171e-01,7.598280438160633921e-01,-4.263345990873089741e-01,-1.040584972562204724e+00,1.022203135731972301e+00,3.383538211457137179e-01,-3.265344234162565473e-01,2.526384219729941871e-01,6.569848839329636148e-01
3.470893389575258753e-02,1.477519983113743995e+00,1.216104639072985272e+00,-4.882442850829762371e-01,-6.437131625907619448e-01,3.936808816055843985e-01,1.786811797048083017e+00,-9.851792808337568319e-01,4.918993945922632560e-02,1.240299703797185238e+00,-1.343155915506592857e+00,2.783473634766772675e-01,-8.557931183233192796e-01,3.285523253236319885e-01,3.285523253236319885e-01,3.285523253236319885e-01,3.285523253236319885e-01,3.285523253236319885e-01,3.285523253236319885e-01,3.285523253236319885e-01,3.285523253236319885e-01,3.285523253236319885e-01,3.285523253236319885e-01,3.285523253236319885e-01,3.285523253236319885e-01,2.238081412342362242e+00,-1.012355654383799264e+00,1.308418799538186406e+00,1.340266065949181851e+00,-7.728193479754379425e-01,-1.587646872687778821e+00,1.081610320894487831e+00,7.349513657999930116e-02,-1.171792987484078230e+00,1.080236683569762990e+00,3.776813832917365055e-01,-6.710056232413522670e-01,-1.448591007414509191e-01,-4.046763744748552716e-01
1.150178311075918947e-01,1.493129367188370082e+00,1.212102664523119211e+00,-4.279440114350814839e-01,-3.671111354283930761e-01,7.118273364601037656e-01,1.456329097212135437e+00,-8.950915832443154807e-01,-9.874976873576188918e-01,1.022861982077713616e+00,-1.691372605452272193e+00,-1.170060222778272818e+00,-6.009212779052465203e-01,5.731179973855744514e-01,5.731179973855744514e-01,5.731179973855744514e-01,5.731179973855744514e-01,5.731179973855744514e-01,5.731179973855744514e-01,5.731179973855744514e-01,5.731179973855744514e-01,5.731179973855744514e-01,5.731179973855744514e-01,5.731179973855744514e-01,5.731179973855744514e-01,2.301052618913789427e+00,-8.779849333657198107e-01,1.363764385258146472e+00,1.033938276453865823e+00,-9.062706600084525776e-01,-1.607587029485740615e+00,1.063743943266667769e+00,6.500280720645151833e-01,-1.323001006955724534e+00,6.848269080152682431e-01,1.015837842100015376e+00,-5.318909822245271313e-01,-1.083126823139247408e-01,-1.197268971671770377e+00
-3.092320218364322248e-01,1.491725453751169050e+00,1.324217651388923667e+00,-4.838444749615668505e-01,-3.094168615840656167e-01,4.702277771062845502e-01,1.311560519786469037e+00,-7.871636960774299752e-01,-1.097855367640749202e+00,1.455211662401901807e+00,-1.684036123718323674e+00,-1.128991094322301603e+00,-3.286300430732865818e-01,1.551608373885981773e-01,1.551608373885981773e-01,1.551608373885981773e-01,1.551608373885981773e-01,1.551608373885981773e-01,1.551608373885981773e-01,1.551608373885981773e-01,1.551608373885981773e-01,1.551608373885981773e-01,1.551608373885981773e-01,1.551608373885981773e-01,1.551608373885981773e-01,1.989570901697821137e+00,-1.051402716120677372e+00,1.334653310288920425e+00,9.938837832355119639e-01,-7.437651955539921200e-01,-1.518814194349967117e+00,1.006007402585458177e+00,6.924965335241622943e-01,-1.513840750673951963e+00,7.630271571788554974e-01,1.364602628703166065e+00,-9.695308929818168275e-01,-4.466111861518328729e-01,-1.027957819029944098e+00
-5.253466082662286984e-01,1.634859260060254282e+00,1.075773918637001891e+00,-4.254539752974062505e-01,-2.595714976755702369e-02,3.576236359882609683e-01,9.768044632411259087e-01,-4.351041109679611996e-01,-8.025773293342869374e-01,1.918035333765201189e+00,-1.660384778288630292e+00,-1.455874035670490452e+00,-6.262698960439565254e-02,2.124866206080587849e-01,2.124866206080587849e-01,2.124866206080587849e-01,2.124866206080587849e-01,2.124866206080587849e-01,2.124866206080587849e-01,2.124866206080587849e-01,2.124866206080587849e-01,2.124866206080587849e-01,2.124866206080587849e-01,2.124866206080587849e-01,2.124866206080587849e-01,1.565613071774514253e+00,-8.466987308695133052e-01,1.350454496510017366e+00,5.957424872677993255e-01,-5.264009654376657910e-01,-9.844858469462078876e-01,8.162778581636691566e-01,3.748132022982583189e-01,-1.680825209733348924e+00,8.945477880657581871e-01,1.732458755751004276e+00,-9.252807176490457364e-01,-5.253679265799889864e-01,-6.221516479739388483e-01
-8.508822716504566008e-01,1.683151885690205019e+00,1.014393231071504919e+00,-4.581730296844432893e-01,1.053915456617127502e-02,1.064935994297927374e-01,6.365570955901201922e-01,-4.485017300347293734e-02,-8.503799878961733061e-01,1.315776036223766265e+00,-1.604714182305582160e+00,-1.726684469554824686e+00,1.546046466500325955e-01,2.511626196623236162e-01,2.511626196623236162e-01,2.511626196623236162e-01,2.511626196623236162e-01,2.511626196623236162e-01,2.511626196623236162e-01,2.511626196623236162e-01,2.511626196623236162e-01,2.511626196623236162e-01,2.511626196623236162e-01,2.511626196623236162e-01,2.511626196623236162e-01,1.358147612993539699e+00,-8.893744195555089993e-01,1.332900710113689602e+00,4.736752466854847743e-01,-2.460250021308727775e-01,-7.570819659312277849e-01,3.371235563555461390e-01,3.262135742726937626e-01,-1.187259292398854749e+00,9.147319387123428180e-01,1.819631313117992422e+00,-1.026252603398951857e+00,-1.057486395725179218e+00,-7.893943959754877726e-01
-1.026914877635304979e+00,1.652755764438770036e+00,1.074077601765118350e+00,-2.236495360980728375e-01,1.600930373288504682e-01,-1.864044031388239209e-01,5.749183572040797996e-01,4.883693599071131652e-01,-6.435555476548686649e-01,8.045441264179776786e-01,-1.005179571107101655e+00,-6.718157401311486421e-01,3.456660690722649365e-01,-2.018673383613052083e-02,-2.018673383613052083e-02,-2.018673383613052083e-02,-2.018673383613052083e-02,-2.018673383613052083e-02,-2.018673383613052083e-02,-2.018673383613052083e-02,-2.018673383613052083e-02,-2.018673383613052083e-02,-2.018673383613052083e-02,-2.018673383613052083e-02,-2.018673383613052083e-02,1.183496688755128812e+00,-9.205427755379603783e-01,1.079899864441875135e+00,3.534310554063352372e-01,2.087435630240200291e-01,-5.292234927645877995e-01,-2.381078644290135216e-01,3.416950786060626299e-01,-3.766061659926969729e-01,5.400733135384192529e-01,6.528833907944032733e-01,-7.686241030760865289e-01,4.304273530896357003e-01,-1.113129639585398012e+00
-9.533909066270276345e-01,1.541481730060642485e+00,1.101796051675265398e+00,1.985034954986702235e-03,3.513898865022332951e-01,-3.645084927866005242e-01,4.240743605949606199e-01,9.942603988988674146e-01,-4.953851010914424036e-01,3.197956486252421238e-01,-1.518092470135881389e-01,3.913675147999620130e-01,5.262247186060513560e-01,3.186983222884246514e-01,3.186983222884246514e-01,3.186983222884246514e-01,3.186983222884246514e-01,3.186983222884246514e-01,3.186983222884246514e-01,3.186983222884246514e-01,3.186983222884246514e-01,3.186983222884246514e-01,3.186983222884246514e-01,3.186983222884246514e-01,3.186983222884246514e-01,8.732856953411911594e-01,-8.416404732996674021e-01,8.158170711875725178e-01,1.680273368669407408e-01,5.822276262490050369e-01,-2.385724823374915649e-01,-7.548634469912580691e-01,4.557310739433934610e-01,4.063496971221600695e-01,-1.993793602539645771e-01,-5.304629136020329039e-01,1.693038272322660298e-01,1.778767365373912890e+00,-1.123585656711535208e+00
-9.948281551619317931e-01,1.343900509341692917e+00,1.146539047352385765e+00,5.029513152877540527e-01,4.332312168894222881e-01,-9.051222861712339141e-01,6.644975896499348833e-01,1.387243851331386946e+00,-3.380757822026217441e-01,-4.067263252360792114e-01,2.377697334035238363e-01,7.094900424129321204e-01,6.864136716399942273e-01,8.866958295487621378e-01,8.866958295487621378e-01,8.866958295487621378e-01,8.866958295487621378e-01,8.866958295487621378e-01,8.866958295487621378e-01,8.866958295487621378e-01,8.866958295487621378e-01,8.866958295487621378e-01,8.866958295487621378e-01,8.866958295487621378e-01,8.866958295487621378e-01,4.997481163347973210e-01,-8.501907389701104378e-01,2.195898334164009535e-01,1.623199198741943072e-01,1.228983132462092343e+00,-2.746039593597658368e-01,-1.345801378133948623e+00,5.330066575118050931e-01,1.106965008380209392e+00,-5.644806940819245833e-01,-1.068121405724878681e+00,9.210080338967711056e-01,1.731989842319207717e+00,-9.232157117151090775e-01
-1.163618951633795362e+00,8.525547911273502200e-01,1.339490810830577860e+00,1.114580475325882336e+00,3.371547363514954543e-01,-1.206078533168252642e+00,7.525680460251268356e-01,1.594508489604877122e+00,-5.068186965348140394e-01,-5.226403668797238167e-01,6.192008167240995453e-01,7.593233993633933254e-01,8.121373442628689876e-01,4.355225072715259160e-01,4.355225072715259160e-01,4.355225072715259160e-01,4.355225072715259160e-01,4.355225072715259160e-01,4.355225072715259160e-01,4.355225072715259160e-01,4.355225072715259160e-01,4.355225072715259160e-01,4.355225072715259160e-01,4.355225072715259160e-01,4.355225072715259160e-01,1.831134717754813179e-01,-1.059768339216403010e+00,-5.597601046674693936e-01,3.299270915991456832e-01,1.705676293215306893e+00,-4.673312888201834880e-01,-1.606413743120324700e+00,8.093225018388293668e-01,1.292272347368588870e+00,-1.004646476623666906e+00,-9.376324252336243337e-01,1.035679574518219015e+00,6.868507518334736606e-01,-7.277776383062652954e-01
-1.357144529284071144e+00,4.539368575085397373e-01,1.312317004055335801e+00,1.331358514232093393e+00,2.562016210967723584e-01,-1.237253017382540898e+00,3.644684940839421072e-01,1.653502115563876496e+00,-2.419693966389408757e-01,-7.976158548442745522e-01,7.074767186582286982e-01,2.013825747560601398e-01,9.062972881545034998e-01,-8.019533263560340020e-01,-8.019533263560340020e-01,-8.019533263560340020e-01,-8.019533263560340020e-01,-8.019533263560340020e-01,-8.019533263560340020e-01,-8.019533263560340020e-01,-8.019533263560340020e-01,-8.019533263560340020e-01,-8.019533263560340020e-01,-8.019533263560340020e-01,-8.019533263560340020e-01,-6.732688855303864406e-02,-1.131192227978796483e+00,-9.489091848593715905e-01,3.108785340655131346e-01,1.824586239868225990e+00,-1.610610102416064893e-01,-1.715174198110095194e+00,5.192563009341331082e-01,1.359245274079756038e+00,-6.294203438252385929e-01,-3.779306346732341781e-01,-3.216323476102093265e-02,-4.917717946306564003e-01,-5.431944222661680977e-01
-1.672011533878265510e+00,1.577448114711489380e-01,1.102325636697788935e+00,1.601761577975355344e+00,4.024784425028520851e-01,-1.418107559783610805e+00,-1.349207210978820293e-01,1.629395938784863329e+00,1.588586960867962097e-02,-5.993574836765429570e-01,3.979804604144252522e-01,-5.463799510481200938e-01,9.760504961831832915e-01,-1.603453317879143913e+00,-1.603453317879143913e+00,-1.603453317879143913e+00,-1.603453317879143913e+00,-1.603453317879143913e+00,-1.603453317879143913e+00,-1.603453317879143913e+00,-1.603453317879143913e+00,-1.603453317879143913e+00,-1.603453317879143913e+00,-1.603453317879143913e+00,-1.603453317879143913e+00,-2.638942083405686478e-01,-1.033594582752471513e+00,-1.353311777612401068e+00,1.037357538206045912e-02,2.021098768616814034e+00,3.710504978434635559e-01,-1.708986975564112498e+00,7.411258480901582180e-02,1.061941379122800511e+00,1.298635987053665432e-02,4.322061398139843691e-01,-1.065918345978623449e+00,-1.241633540460965079e+00,-3.742237460689410433e-01
-1.465664194060426473e+00,-3.863025502129351363e-01,8.309933406485653373e-01,1.760733937887829725e+00,5.174316740333024800e-01,-1.250738791281810425e+00,-6.854000198108484154e-01,1.253446450213376862e+00,6.095613556442388559e-01,-7.946348232594714345e-01,5.278118555406347001e-01,-9.104231548680433717e-01,1.025940921367432868e+00,-1.134033636761354380e+00,-1.134033636761354380e+00,-1.134033636761354380e+00,-1.134033636761354380e+00,-1.134033636761354380e+00,-1.134033636761354380e+00,-1.134033636761354380e+00,-1.134033636761354380e+00,-1.134033636761354380e+00,-1.134033636761354380e+00,-1.134033636761354380e+00,-1.134033636761354380e+00,-4.009359224322073811e-01,-7.558952913601478807e-01,-1.736756507735083499e+00,-2.949878642385264094e-01,1.841470112681754978e+00,1.052822597907285607e+00,-1.430473339893764795e+00,-5.014010400202136841e-01,9.036189165554927571e-01,2.160513711894443134e-01,7.714871260253276519e-01,-7.641628831924304199e-01,-2.099105061335793554e+00,-2.536794538437159297e-01
-7.427233846259897465e-01,-7.474551078189762832e-01,4.908727987024734674e-01,1.462815911112904432e+00,1.058393091599860281e+00,-1.195717628343995198e+00,-1.313172055255235282e+00,9.356906300662348741e-01,6.315124634068183251e-01,-2.787545297916391163e-01,8.036820733049390153e-01,-1.161129825141235861e+00,1.060947570857466493e+00,-4.602318387961157331e-01,-4.602318387961157331e-01,-4.602318387961157331e-01,-4.602318387961157331e-01,-4.602318387961157331e-01,-4.602318387961157331e-01,-4.602318387961157331e-01,-4.602318387961157331e-01,-4.602318387961157331e-01,-4.602318387961157331e-01,-4.602318387961157331e-01,-4.602318387961157331e-01,-4.936961553915742984e-01,-1.158592514561955222e-01,-1.738666357255056472e+00,-1.005920455339355035e+00,1.583816891473627475e+00,1.843005772198245129e+00,-1.078362389045409042e+00,-6.195121540921189052e-01,3.808136176821034224e-01,-1.245680149197947728e-01,9.256022798992937783e-01,-4.037350985329184183e-02,-1.311597299300692576e+00,-1.816995779319429682e-01
-1.020744760243316174e-01,-8.946743368694997089e-01,-3.193863653842461958e-01,9.992703148381814060e-01,1.677099347229445092e+00,-9.470594831954582959e-01,-1.331275339927726842e+00,4.898718862286206566e-01,1.511137962294037962e-01,3.041567709320894264e-01,1.374584566589063472e+00,-1.401235057356819524e+00,1.086613583020932472e+00,-1.923882399344895300e-01,-1.923882399344895300e-01,-1.923882399344895300e-01,-1.923882399344895300e-01,-1.923882399344895300e-01,-1.923882399344895300e-01,-1.923882399344895300e-01,-1.923882399344895300e-01,-1.923882399344895300e-01,-1.923882399344895300e-01,-1.923882399344895300e-01,-1.923882399344895300e-01,-5.566815178647968043e-01,8.283409303500044452e-01,-1.451133320843715824e+00,-1.822916425660570106e+00,1.104193084367783184e+00,2.082685408491581125e+00,-5.639534865933414354e-01,-7.815383096026674858e-02,-2.444791644632308969e-01,-9.028160877719976218e-01,1.247161957422649570e+00,5.824648846030265892e-01,-7.147807461617800007e-01,-1.531836416640938447e-01
3.130887734464840033e-01,-9.608353873730660633e-01,-7.778842559023180225e-01,7.139419664774484531e-01,1.778889698314883860e+00,-7.695709117862722382e-01,-9.971439776541272115e-01,3.270147584059164836e-01,-5.776563832547016997e-01,5.863124243875478259e-01,1.892135471510745681e+00,-1.352723016595198224e+00,1.105223311252310436e+00,-4.604274547247317884e-01,-4.604274547247317884e-01,-4.604274547247317884e-01,-4.604274547247317884e-01,-4.604274547247317884e-01,-4.604274547247317884e-01,-4.604274547247317884e-01,-4.604274547247317884e-01,-4.604274547247317884e-01,-4.604274547247317884e-01,-4.604274547247317884e-01,-4.604274547247317884e-01,-6.052209345451764477e-01,1.281009324906654534e+00,-1.253005128726925710e+00,-2.001753908076092880e+00,8.355116795937674867e-01,1.635497303617699405e+00,-3.365000933865764376e-01,7.410717971965116169e-01,-4.831323760426093350e-01,-1.733894953214587309e+00,1.306844194288638183e+00,8.617055395823329800e-01,-8.728573909111657647e-01,-1.278877883148768213e-01
8.950585482563326867e-01,-1.175073005813263460e+00,-1.110959165037344043e+00,3.839006400600523672e-01,1.556717898927840071e+00,-3.334889147147449551e-01,1.442051901385658919e-01,3.147647493026456966e-01,-1.082149016957251186e+00,7.779960962131391433e-01,1.506669798737909405e+00,-4.088366259305995509e-01,1.119755608072761754e+00,-3.897174023309475932e-01,-3.897174023309475932e-01,-3.897174023309475932e-01,-3.897174023309475932e-01,-3.897174023309475932e-01,-3.897174023309475932e-01,-3.897174023309475932e-01,-3.897174023309475932e-01,-3.897174023309475932e-01,-3.897174023309475932e-01,-3.897174023309475932e-01,-3.897174023309475932e-01,-6.506875396886488971e-01,1.576587150644767510e+00,-1.043184871686459125e+00,-1.694149843175226877e+00,4.527620828455047319e-01,5.312313004376086889e-01,-1.613138531100908879e-01,1.345620884334195466e+00,-3.903941402235113212e-01,-1.477145806011588292e+00,6.111346066561820223e-01,2.882894315831930898e-01,-4.129254688631763676e-02,-9.352508875295796609e-02
1.602261894625608418e+00,-1.134653466894152141e+00,-1.763053147414582300e+00,3.811122274966344259e-01,1.671063787933373623e+00,-1.110546785147868698e-01,-8.467018900588074368e-03,-2.015929466685044760e-02,-8.740983080776524305e-01,1.298095805547963555e-01,1.158920091891940896e+00,1.674113116842385340e-01,1.129785183281045269e+00,-1.169870094467897692e+00,-1.169870094467897692e+00,-1.169870094467897692e+00,-1.169870094467897692e+00,-1.169870094467897692e+00,-1.169870094467897692e+00,-1.169870094467897692e+00,-1.169870094467897692e+00,-1.169870094467897692e+00,-1.169870094467897692e+00,-1.169870094467897692e+00,-1.169870094467897692e+00,-6.836864560638179489e-01,2.242865365076085471e+00,-9.571240477767122279e-01,-2.050374662983410090e+00,1.968304474949472416e-01,7.947876013154178132e-01,9.335333610698867690e-03,1.030703396692127738e+00,-4.926081409482498813e-02,-1.000162562372316044e+00,-1.612107129461152477e-01,-4.639014595057586177e-01,7.145718650916325076e-01,-7.014303005494490484e-02
1.503121956879568843e+00,-4.705544619147213892e-01,-1.897294414265717766e+00,4.731806647583756686e-01,1.453857875325805793e+00,2.384655798244027236e-01,-6.658100601648581085e-02,-3.804212974515407963e-01,-1.279166307704500127e+00,1.238419613755850524e+00,1.024348043808351205e+00,2.459977417486894358e-01,1.136280497866205330e+00,-7.239188169641695980e-01,-7.239188169641695980e-01,-7.239188169641695980e-01,-7.239188169641695980e-01,-7.239188169641695980e-01,-7.239188169641695980e-01,-7.239188169641695980e-01,-7.239188169641695980e-01,-7.239188169641695980e-01,-7.239188169641695980e-01,-7.239188169641695980e-01,-7.239188169641695980e-01,-7.080423465119749515e-01,2.213803735215666979e+00,-5.291133827449951976e-01,-1.922382557935006231e+00,-1.092473525114943944e-01,5.171891069825335085e-01,6.008572638934052135e-01,1.277872983331070467e+00,-8.695035340191912265e-01,-1.206438540625081712e+00,5.541059728494596159e-01,-1.547419955211021547e-01,1.181165027684673123e-02,-4.820043644944319028e-02
1.387927620860385014e+00,-6.198485846471510907e-01,-1.198640786959105586e+00,7.296619887595873211e-01,8.152824959146512951e-01,9.373387264517140105e-01,6.405114097174882115e-01,-2.495248885588516319e-01,-7.392796359635057657e-01,-6.693794492121345197e-02,1.151723646277664992e+00,7.531879952105249298e-01,1.140476963172084801e+00,-2.039336892157030956e+00,-2.039336892157030956e+00,-2.039336892157030956e+00,-2.039336892157030956e+00,-2.039336892157030956e+00,-2.039336892157030956e+00,-2.039336892157030956e+00,-2.039336892157030956e+00,-2.039336892157030956e+00,-2.039336892157030956e+00,-2.039336892157030956e+00,-2.039336892157030956e+00,-7.266765017811830374e-01,1.487293041897424839e+00,-5.989248223787689840e-01,-9.866927938608067716e-01,-3.819801935880662302e-01,-1.611677866214790145e-01,4.375052260648881197e-01,1.121818687295637940e+00,8.147313447453620461e-02,-8.343280256957590346e-01,-3.363532295698910823e-02,-1.038266759207645107e+00,-8.122079468371100619e-01,-2.461555655878585117e-02
1.670429721810244406e+00,-1.103768658386671042e+00,-1.108909575516379142e+00,4.825124618463116355e-01,1.284712589141835837e+00,2.132410867809713118e+00,2.511720524386907294e-01,-3.020742732470425573e-01,-4.870923222665821672e-01,-4.846446674461531989e-01,4.952074656866564117e-01,1.956496014944552941e+00,1.142666967117956123e+00,-2.291743378889966820e+00,-2.291743378889966820e+00,-2.291743378889966820e+00,-2.291743378889966820e+00,-2.291743378889966820e+00,-2.291743378889966820e+00,-2.291743378889966820e+00,-2.291743378889966820e+00,-2.291743378889966820e+00,-2.291743378889966820e+00,-2.291743378889966820e+00,-2.291743378889966820e+00,-7.375519660932530197e-01,1.697210121937350769e+00,-3.989398804869302984e-01,-1.438016686186842641e+00,-1.199082966717236909e+00,5.188463009496878664e-01,7.349184582477131800e-01,6.035464727511349325e-01,5.715306801614711274e-01,-8.867250507556639905e-02,-1.179776628075856371e+00,-1.736510695945113980e+00,-2.842216748168031604e-01,-9.090317058511236323e-03
2.295025450436934289e+00,-1.195874553415715136e+00,-7.500339774417378313e-01,1.904679960568764319e+00,8.197292403809358641e-01,3.408918002057481189e+00,1.288663803504213279e+00,4.677915095727128714e-01,-1.359545009147576478e+00,4.886972999794441663e-01,-3.943886378888624145e-01,1.563315075431913892e-01,1.143569534091296580e+00,-7.815359652000219981e-01,-7.815359652000219981e-01,-7.815359652000219981e-01,-7.815359652000219981e-01,-7.815359652000219981e-01,-7.815359652000219981e-01,-7.815359652000219981e-01,-7.815359652000219981e-01,-7.815359652000219981e-01,-7.815359652000219981e-01,-7.815359652000219981e-01,-7.815359652000219981e-01,-7.416967571145275384e-01,1.471791125024499935e+00,-1.052232791397666123e+00,-7.022843393622740793e-01,-1.155623903431961308e+00,-8.355377622363292511e-01,7.535366229562616702e-01,1.295466414876735417e+00,-1.464518143503328908e-02,-3.157850130820598622e-01,2.080970695971760473e-02,-7.384763376202586604e-01,4.307230887375631395e-02,-1.665254003307545445e-04
3.914044304462332424e-01,-1.283793524940965325e+00,-8.562391889375533527e-01,1.510406606215842995e+00,2.189443886711772425e-01,1.212496215492380180e+00,1.857745480810099326e-01,-2.650124858177005938e-01,-2.268081983428760773e-01,4.279014749113433935e-01,1.371482188789833467e-01,-4.383921269005982557e-01,1.143837117984013885e+00,-4.938612181745693497e-01,-4.938612181745693497e-01,-4.938612181745693497e-01,-4.938612181745693497e-01,-4.938612181745693497e-01,-4.938612181745693497e-01,-4.938612181745693497e-01,-4.938612181745693497e-01,-4.938612181745693497e-01,-4.938612181745693497e-01,-4.938612181745693497e-01,-4.938612181745693497e-01,-7.430342949585048151e-01,7.435944206635352050e-01,-1.437160400939502702e+00,-4.480933042445995329e-01,-2.670578847973649195e-01,-6.386752902972515911e-02,6.314757910171280297e-01,2.720064429676501971e-01,-4.861639875699235169e-01,-1.889903486302090263e-01,6.302651515831995122e-01,-2.106094219558945491e-01,-7.587124461575468493e-01,-1.665254003307545445e-04
