9.032724917396114606e+00,-1.404320187339359549e+01,7.783021008500234927e-01,-4.898549870806706785e+00,-1.630444442441421504e+00,-1.248115748675278525e+00,4.352804708924939633e-03,-3.195454833914826320e+00,2.109904542870464894e+01,6.004166908623981946e+00,-8.344390731502473457e+00,1.414092788053575300e-01,2.125458319746379582e-02,5.271859793180144749e-02,1.149143363105459059e+00,5.051665518642362018e-02,-8.424450352699612843e-01,-9.110020419193998187e-01,-1.368108824157147962e+00,-9.933659261595272350e-01,-4.126146325223560840e-01,-7.083940152402702140e+00,-4.764451562708629240e-01,-1.367189563140225772e+00,4.295872619424516703e-01,2.453382701505572250e+00,1.209899397279388111e+00,-3.773388021564169748e+00,-2.093962938149649844e+00,-2.588984897178576647e-02,-5.330615543767180942e-01,-4.723397797564667044e+00,-4.567995738690131091e+00,1.039976954870971415e+00,-4.694717156699360849e+00,2.490184198010195082e+00,2.002668850137702350e+00,-1.280708981476572861e+00,6.275155496570171687e-01
9.138162113259717501e+00,-1.174491514718267737e+01,8.793354112228707331e-01,-6.583439941346629354e+00,-3.452448526280221142e+00,-3.984333396989574450e+00,-1.982379047610129508e+00,-4.020684098959538488e+00,6.931165123899244662e+00,5.051276596082256098e+00,-1.107876985778292500e+01,1.000583802690260926e+00,4.928019986208608039e+00,2.998389194232569110e+00,-1.000804173546315390e+01,-5.260165672967336725e+00,3.564978952055164463e-01,-8.771528649820952150e-01,-1.112444008183309307e+01,-1.092330638364556350e+01,2.806249703438607135e+00,-8.194822815547050610e+00,6.463683073160918724e+00,5.690266906914368761e+00,-3.416566084662658209e+00,3.420975233897569079e-01,1.810854452156355210e+00,-6.049225537631673255e+00,-3.142169989289895771e+00,1.007153091487023033e-02,-6.704780263144348718e-01,-6.692424031445713517e+00,-6.649381017306298602e+00,1.529665769573099299e+00,-5.327538415960243690e+00,3.564015629910024074e+00,3.176730089547976643e+00,-1.958984545330643368e+00,1.399658355269131627e-01
1.502950330586125283e+01,-3.405928534431990329e+01,-9.742029245084649958e+00,-4.185554080395673893e+00,-3.384750172405611934e+00,-2.349699591234146467e+01,-2.184225996258220093e+01,2.417044572962387505e+00,4.709399797610548610e+00,1.893153305494582028e+01,3.036143082326263176e+00,-6.691722890519958611e+00,7.054496299769775769e-01,2.975222935342801911e+00,-1.126818633945306480e+01,-5.275858791927494629e+00,6.893749149543784149e-01,-3.266165913756398087e-01,-9.800731213540592179e+00,-1.016843342528343719e+01,2.833654204735800874e+00,-2.137494479724382224e+00,6.154642694465463748e+00,6.463881333552983222e+00,-3.618765582937731207e+00,-2.274516874383167853e+00,1.615389942889559283e+00,-6.130776916175845415e+00,1.971843417274661281e+00,-1.530753353725669452e+00,-4.929926705364872319e+00,-3.686913801242655886e+00,-2.230436065149743463e+00,3.594081713489157615e+00,-4.294395975932578047e+00,1.019059775296803361e+00,3.606690629377878654e+00,1.266506718923820163e+00,1.265820126348873309e-01
1.508860798394532132e+01,-3.428128782608880698e+01,-9.672382172632119079e+00,-5.204690111437872524e+00,-4.105681709031500759e+00,-2.358579582407075748e+01,-2.231924589817700522e+01,1.646624310512063705e+00,2.656176164450480215e+00,1.736056198501318448e+01,1.848992809323042108e+00,-6.236947363185201709e+00,3.789862374422726110e-01,-4.475258046800725253e-01,3.151926147500709874e-01,1.282770361211773746e+01,-4.528068736996879728e+00,-1.128435560274226646e+01,6.807521185496748117e+00,1.043143293341292299e+01,4.762127477916386908e+00,-1.472419884422203396e+00,-6.993354982151642751e+00,9.451899975383670771e-02,8.392215673441073776e+00,1.111615945389045512e+00,4.229247691339782511e-01,-1.448953636638652398e+00,4.580659893914604375e+00,-3.298104471481816180e+00,-4.456450872086675119e+00,8.213015769957234813e-01,2.929317571690325916e+00,5.352202611620883843e+00,-3.330064609105960471e-01,-2.838913331653003438e-03,2.721493623992806032e+00,3.847820150614631451e+00,-8.080919499171803633e-01
1.413445169650110778e+01,-3.342890011481976131e+01,1.591337797915082497e+01,-1.324169155438943335e+01,-2.595346137789014662e+01,-9.881953541347968439e+00,-9.793940957563557204e-01,1.194129952879516132e+01,1.764560028766141819e+00,4.944823090642534780e+00,3.225181081833936592e+00,1.009270845636218894e+01,2.928681520755068490e+00,-1.694148110167819965e+00,7.488205940481398315e+00,1.031365672065513550e+01,-6.670601725160478779e+00,-5.172332787469914095e+00,8.450224563281526713e+00,1.227601088780279248e+01,8.165788585358214391e+00,2.041188269658993804e+00,-2.665062486718775325e+00,2.925932265521139497e-01,9.042208122753773836e+00,-3.015209731043059782e-01,1.007570505421256229e-01,1.916478706628708950e-01,4.288167452505683208e+00,-1.579920777743344829e+00,2.675813276333699697e+00,4.795881564653249995e+00,3.433392305865341054e+00,5.548402182784174741e+00,3.154416697111453338e+00,-2.695729839525075722e+00,-2.145248139795187914e+00,4.324457379685059166e+00,-2.802401645749529102e+00
1.170031176360968139e+01,-1.930487594512601035e+01,1.095493126867815192e+01,-1.854589356175883097e+01,-1.445034728397132895e+01,-6.685346697507705827e+00,2.232775877428578415e+00,1.797820148122849204e+01,6.738552703768467822e+00,1.203043701157563383e+01,2.434179262427270007e+00,1.184746888232234419e+01,-2.240557087663393177e-01,1.546492486119295684e+00,-3.580175908333593782e+00,-7.264113341181096750e+00,3.913567655218757046e+00,2.056005518731147319e+01,9.570704444956135148e-01,-7.985957612650967263e+00,5.025983686364940972e+00,8.337867492371341172e+00,1.586561626698340888e+00,-5.603935962517863523e+00,-2.102176285605313666e+00,-7.966859573210715695e+00,8.255653048512833214e-01,-3.434644249689859041e+00,-4.167617164720384682e-01,3.648366883764854185e-01,8.455332515792912673e+00,4.629641652097082449e+00,1.322881022138204798e-01,5.610528226340608882e+00,1.724612804190291282e+00,-5.258256705137367426e+00,-3.118992288175304495e+00,2.517718395866252568e+00,-9.038089463558684145e+00
1.722743666873969914e+01,-4.058925193148694888e+01,1.385151296788631470e+00,-5.414556243951919257e+00,1.516664899673279976e+01,-7.967812652356741410e+00,-1.695130932105828947e+01,2.199326690152504327e+01,1.844029501350882327e+01,8.117946344039216555e+00,-7.982690843201790010e+00,5.888355885151561608e+00,-1.300503762566636290e+01,2.984815129236380038e+00,-1.428472861053924881e+01,-7.723504341244683324e+00,5.625909618492314301e+00,1.603063648329646185e+01,2.645344344713373541e+00,-7.952311825942756762e+00,3.347540137310836883e+00,-1.898590005368936184e+00,-1.127386008947381413e+01,-5.288105965731443092e+00,-1.696823990285484918e+00,-1.831027289918704781e+01,1.306512117352510716e+00,-5.741929235007633636e+00,-5.606022530082033661e+00,2.440681220072814739e+00,1.177181432764484725e+01,1.990000540368107140e+00,-4.463538277949214539e+00,2.904130242232850101e+00,-3.104598963384661015e-01,-5.539061272714656425e+00,-3.188748407472226098e+00,-6.237167293309067162e-01,-1.155144861875799300e+01
1.766994202208244147e+01,-4.787433316620450796e+01,-4.492077413811214726e+00,-7.294074324774202367e+00,1.761092568262159119e+01,-1.394658008080958744e+00,-1.367184777445693555e+01,2.467328175585016581e+01,2.941372693030595453e+00,-1.051728316737199265e+01,-8.142032669035616621e+00,8.453820901751374350e+00,-3.684460150714043181e+01,2.273802426437914193e-01,-3.632282873915865906e+00,-2.889190813401644853e+00,-6.248194142828782383e-01,8.541623901524140194e-01,2.695258734067966788e+00,8.032678307493092973e-01,5.605718505617662828e-01,-8.164722230533037362e+00,-9.797284763748072223e+00,2.761179267030202666e-01,1.391296457420788890e+00,-1.175662552409074380e+01,7.416034668805849828e-01,-2.759402772919742119e+00,-1.405695311863580210e+00,3.701365529213409111e+00,5.209480652805092760e+00,-4.527256910497744480e-01,-2.525476997621761699e-01,-1.423221485724007307e+00,-2.451165612687427942e+00,-8.442727922734812651e+00,2.822946388969189147e-01,1.698933793098101663e+00,-5.975910557057327210e+00
1.768219715402728198e+01,-4.785381767931868069e+01,-4.393230330014658236e+00,-6.664195072517675733e+00,1.687497377703762780e+01,-2.577295184220807833e+00,-1.534477365955967088e+01,2.311441060264857583e+01,2.110850552442747219e+00,-1.147662318345692789e+01,-7.430454989795749476e+00,8.670948799993139389e+00,-3.651828867384784871e+01,-1.244496583356813346e+00,9.202363115197826460e+00,5.653861468286555336e+00,3.939913911682647374e+00,-3.434016046359936958e+00,-5.124787939371792334e+00,6.919308661162661522e+00,-7.185879776901739291e+00,-1.469629110831143226e-01,-4.934317335489181389e+00,5.855783599622230717e+00,5.248510244320344853e+00,9.248809268589099020e+00,-1.151787341278533550e+00,5.385105882425540891e+00,-2.173178512888718217e+00,4.230232236358179243e+00,-4.560851638370960970e+00,-8.378649516031997369e-01,3.243412213066436234e+00,-3.032173412485942965e+00,-1.573890993095292901e+00,-4.718279326579832400e+00,3.616688222172105505e+00,-5.388657992892702253e-02,8.378471236885473572e-02
1.518094885536881478e+01,-2.946960693580885504e+01,6.815645522761895059e+00,5.857534985910923808e-01,1.074289358990171728e+01,-1.164423388682454430e+01,1.667695478683881571e-01,1.030152220204668723e+01,2.647446870864366808e+00,-2.038591783835035542e+01,3.569534530208844370e+00,1.895084139039206406e+01,-1.834698296996223377e+01,-2.484600304161718398e+00,1.249386602238080535e+01,-5.370686202963428357e+00,9.230443049337003103e+00,-1.053928346289984930e+01,-2.227527143390069853e+00,3.845608371335451636e+00,-4.548065493325753827e+00,4.303476203336363604e+00,4.687451150430819169e-01,5.837710828916128136e+00,-4.150268029403278547e+00,7.341682670718329362e+00,-1.473531167536823006e+00,9.299542456379308319e+00,-4.247801350967219669e+00,4.099229304649155026e+00,-6.970586341835511845e+00,1.295442611120621645e+00,4.693911113704233529e+00,-6.182943772800577609e-01,6.233811448921979664e-02,-3.966811034787263601e+00,2.387836571458461510e+00,-2.727242842408352796e+00,6.098324303926395018e+00
1.271299654570384519e+01,-2.286608563455706999e+01,-1.513460273594151495e+01,1.179669102615632958e+01,-4.203593148762069909e+00,-7.032349471000947538e+00,-7.653556916888767603e+00,1.401827961599706818e+01,1.071780295911547398e+01,-1.053913295337076406e+01,4.244966668036506796e+00,3.704127411865816288e-01,-2.183492333241118999e+01,-1.197031183404384080e+00,7.799560014560041665e+00,-1.358802174422288900e+01,1.692937825271738861e+00,-8.722808076778919784e+00,9.477158038868381595e+00,2.892664937430197369e+00,7.914176580364472358e+00,-1.848929904362017984e+00,-5.217082809000517685e+00,-2.805047585434141233e+00,-9.991483335639587793e+00,2.326160155867723844e+00,-1.035375658430565782e+00,9.310552614674335814e+00,-3.366275098256450882e+00,1.996210825167415548e+00,-5.633981231255953404e+00,2.802928729219426263e+00,3.515382508368949832e+00,-2.042659471585217101e+00,2.685130002940342431e-01,-5.344069642301283452e+00,-3.802353763796695232e-03,-4.336624971720116406e+00,3.766712991034201430e+00
1.278688648856004662e+01,-1.387048690668877171e+01,-2.036039796568388383e+01,3.971629149134570103e+00,-6.702722563656121402e+00,7.310082190912219779e+00,5.952099422728783118e+00,2.612987536277563194e+01,-1.050412937859669160e+00,-3.082008345635139079e+01,-2.040560640659438096e+00,-1.032125280887111085e+00,-1.369466265822678608e+01,4.946767497874962061e-01,6.882735507025014243e+00,3.749009329433745652e+00,-5.086384899054332998e+00,8.157344231494272346e-01,4.496269947004444489e+00,3.496515430871823149e+00,-4.515671475819525327e+00,-2.707728750420268948e+00,-1.122037781629603082e+01,-4.444692920608549258e+00,-1.695552732077218572e+00,9.120197289333145108e-01,9.339194746714649664e-01,8.827975412481880113e+00,-4.182383556154136706e+00,-4.102210633781433913e+00,-5.180393685275232585e+00,8.736880670820899031e-01,-3.125326541815138803e+00,-5.142773614615396838e-01,-3.620752759563477530e-01,-1.528315862209588705e+00,-3.505197433216288516e+00,-2.095082305289162505e+00,2.680053572301575038e+00
1.370235004527883760e+01,-9.100614620507041508e+00,-7.636584077074023647e+00,1.623921228047663590e+00,-2.572124302463215439e+00,1.960190423007940774e+00,-6.605260551451210826e-01,4.986936664358017524e+00,5.302345458274936085e+00,-3.297988858596282569e+01,-4.644419173180591720e+00,-3.020692722967855737e+00,-2.001088387454456097e+01,3.284491495189298504e+00,1.082901076313214794e+01,1.257558189120675962e+00,-9.405271960198158254e+00,-4.636043347983877183e+00,-9.541072844665379193e+00,-1.245423900740395595e+01,-6.942034246108558904e+00,2.297606089681282882e+00,7.006482061624561553e+00,-3.735599537302306317e+00,5.601553938455290371e+00,3.917963910419555162e+00,2.139382549721432714e+00,8.392987048026602892e+00,-7.938796614423011544e-01,-7.205474536858330836e+00,-3.059940906052582843e+00,-1.828347301519244628e+00,-5.146186839083877196e+00,-1.321406021062467406e+00,5.553097674395086614e-01,-1.549707322925294672e+00,-5.991389551271294245e+00,1.945680024984305589e+00,2.921765928140105384e+00
1.935586947893864362e+01,7.787534619575525063e+00,-1.784528158744253190e+01,-1.483891477126174685e+01,-1.597480925962387666e+01,-1.177206349841853772e+01,-1.895637859207912967e+01,1.224580687055851413e+01,3.544799241502896603e+00,-1.680711933310226769e+01,-9.511759715264050286e+00,1.017098259602346921e+01,-5.858734837387675753e+00,3.211533876921436104e+00,8.685226731475417239e+00,-6.362487577599837962e+00,-8.224665462992415854e+00,-6.147565014288945306e+00,-4.296601778469866240e+00,-1.013486302487953949e+01,4.683173546217637373e+00,2.947200124178399161e+00,3.842868478170512248e+00,-8.665981188918532752e+00,3.758975825310337360e+00,4.433413136207171590e+00,2.199754396676720347e+00,5.766857823511778669e+00,-1.972125097178605957e+00,-5.490408549640727998e+00,-3.386287839131855826e+00,-5.042594765770028964e+00,-8.100409556380970599e+00,-2.971101820541298899e+00,2.575098158214731203e+00,6.606693139725010600e-01,-7.473637550448001932e+00,3.813455710312548819e-01,5.835668593179051122e-02
2.012541779912170981e+01,8.269838842443794746e+00,-2.036155923227369868e+01,-1.482540969793716634e+01,-1.486725433104110650e+01,-6.633013133931791039e+00,-2.093025210490419852e+01,1.435328375679329227e+01,1.119674570663173441e+01,-2.529415162962180119e+01,-2.197638155101765634e+01,4.497258927652818983e+00,-1.114405760213021779e+01,6.091275580417843116e-01,-7.544795700904107782e-01,-3.006627143267271762e+00,-2.084166824074547009e-01,-7.558937427012901722e-01,-9.171131805247609847e-01,-2.729353371108702575e+00,-2.827307078353507030e+00,2.666539243766345102e+00,-7.276243015778563361e+00,-1.061550374435843125e+01,-6.527677923532321458e+00,-5.988778763693664686e+00,1.544661045601259941e+00,2.441589887099761214e+00,-3.705979615132610316e+00,-3.467921255875542563e+00,-2.949953607739741912e+00,-2.431971312261036022e+00,-6.520513647505842059e+00,2.653308634610399008e-01,1.437753853779819124e+00,-4.379308000255520139e-01,-8.022525811295089682e+00,-9.048086903467813524e-01,-1.760035735300861104e+00
2.057412459502221225e+01,6.278575479394703507e+00,-2.385853587397707543e+01,-1.525574813607665625e+01,-1.748659674502645700e+01,-1.360628985946805969e+01,-2.441508533429653482e+01,6.591192713851500073e+00,8.877877729035587251e+00,-3.135960536465939441e+01,-3.074276720398091456e+01,-2.884373251041174147e+00,-1.783629236477500513e+01,3.455549580608217042e-01,-2.204012228680809926e+00,-1.399147888598053058e+00,-3.409293354927136477e-01,-8.493721337097639434e-01,-1.324769911920343990e+00,-4.801744408330714364e+00,-2.606192848388284133e+00,-6.860851116120239013e-01,-1.299573970345111462e+00,-6.082581467139975828e+00,-2.757158589411130123e+00,-5.839113092612491229e+00,4.074077106471953869e-01,-1.663366972085442042e+00,-8.141140795285515264e-01,-5.167402287381541587e-02,1.884092286149190443e-01,1.089248281015089415e+00,-2.856572153158078109e+00,-7.827471126606194707e-01,2.114434791194937713e+00,-1.406027208867499212e+00,-5.110211797111061216e+00,-2.045276016005142861e+00,-3.723035568438022747e+00
2.081652771524335321e+01,3.861814385082175338e+00,-2.315985500946980480e+01,-1.550726836892259364e+01,-1.656599859846063438e+01,-9.282552957772479019e+00,-3.053374092156562725e+01,9.140898060016724003e+00,9.824575483407686605e+00,-2.789329957031202412e+01,-3.414154448529760799e+01,-1.017058251169441263e+00,-2.282228378735520025e+01,2.366142395457924152e-01,-2.301931745782790362e+00,1.670915888744920252e+00,2.496962929692729816e-01,1.651602881093469755e+00,4.302618839022656516e+00,-2.011204807621135515e+00,2.173535720896100365e+00,2.962590290027010909e+00,4.410961978782371062e+00,8.812649851507661225e-01,2.793067178225029590e+00,-3.992536110951458994e-01,2.729716067537182878e-01,-2.169115806675611768e+00,1.294141875215823578e+00,2.197825860777701534e-01,1.337380808615705519e+00,2.068132606177536470e+00,-8.632573669134956384e-01,5.063651308212015895e-02,2.512459495011875266e+00,2.590528784321010303e+00,-1.189889348054397500e+00,6.011050996504725408e-01,-4.519121696159494883e-01
2.104735307411379708e+01,1.674711987829123006e+00,-2.051670409648723492e+01,-1.475635555013811029e+01,-1.418339098283951749e+01,-5.001052181422747545e+00,-2.843749494953880586e+01,1.093826415564370080e+01,1.480305830908960907e+01,-2.253768140709465229e+01,-2.898023723367938231e+01,2.701761105408885033e+00,-1.863479958696529692e+01,2.185669390505786680e-01,-2.067811415116824758e+00,3.799044632265150767e+00,7.655376542025020825e-01,3.367022714702292419e+00,4.343792007852858461e+00,3.649203394857542193e+00,1.646016270645533908e+00,5.485938704128206389e+00,5.570414941756451910e+00,2.667225604428598018e+00,2.863387749424796791e+00,4.908959474120190514e+00,1.772066989150040683e-01,-1.809336331879286330e+00,2.837831941640434064e+00,5.865393808428442934e-01,2.810396602457281290e+00,3.603809920361505270e+00,1.798994645310475038e+00,9.874289638323204832e-01,4.059991857926906533e+00,4.335091149467949379e+00,1.030976183980165883e+00,1.781761583789417402e+00,2.504174040793255340e+00
2.125366159334451055e+01,-2.738084451514740669e-01,-1.556176574493950326e+01,-1.397619306051758947e+01,-9.831953169056049546e+00,-5.949689420667629847e-01,-2.323533413185054286e+01,1.243293060130779182e+01,2.079645289166409938e+01,-1.675246968679912030e+01,-2.880709327644041196e+01,4.709717247680152319e+00,-1.300436483911481922e+01,9.711903821642842161e-02,-1.187503376357012863e+00,3.524141649223589745e+00,8.338833320365868218e-01,3.690877267698588593e+00,2.535009957954677429e+00,4.684089723468551014e+00,-5.279714466380660554e-01,4.444420002726151786e+00,3.641558424009276429e+00,3.625626725853496879e-01,2.296429065361149657e-01,4.205208976018188771e+00,1.398137304217350052e-01,-1.564736724613674967e+00,2.353877612687190979e+00,6.775706923849181829e-01,2.187632512953231245e+00,1.290891445681604965e+00,2.373113241604402734e+00,-8.819902977890464735e-01,1.720901505782477248e+00,3.749432944989948169e+00,1.005541393743054401e+00,-6.468961049961569065e-01,3.969219056217733854e+00
2.124159115054665392e+01,-7.002947648849027207e-01,-1.346842079804005543e+01,-1.308858888606493664e+01,-6.801636447442340305e+00,6.896773448660767358e-02,-1.906931550260170383e+01,9.882321262367568693e+00,2.369189831454191264e+01,-1.525456455907609943e+01,-2.825511188850868294e+01,3.161046918481114965e+00,-1.022438163492891938e+01,8.240786789554555014e-02,-1.250278708238856229e+00,3.235785748410311413e-01,5.114474107414999082e-01,2.566199338314909539e-01,-2.384068372626184651e+00,-5.846515258081019795e-02,-3.587006291799117008e+00,-3.405894941035089829e+00,1.982388208713779854e+00,-3.346534563636360815e-01,-4.595449465183246929e+00,2.911483678415050402e+00,9.816441061540999435e-02,-8.011373774713552720e-01,1.360197244916603099e+00,-1.346026007228456889e+00,1.308987713073247239e+00,6.512373259545353732e-02,1.009759883591101470e-01,-3.000832431924159938e+00,3.437257360865401956e-02,2.000488625823457323e+00,4.809801171392152352e-01,-9.371267129710766364e-01,2.052727742372300046e+00
2.141847732913560165e+01,-2.774365861629186636e+00,-1.491460859525744098e+01,-1.295329823903458966e+01,-9.318713301393067638e+00,-5.363105687319132286e+00,-2.335226443701216326e+01,5.258918017709557802e+00,1.398466300959391972e+01,-1.278769326937156059e+01,-2.947640018916768412e+01,-4.481181682686340650e+00,-7.181397482284718414e+00,1.070880543743246704e-01,-1.902007132019470914e-01,-2.854378243525985681e-01,-4.454672055478479109e+00,-5.467179519312157510e-01,-1.180166440152951468e+00,-4.402417176280369659e+00,-5.180606487272775063e+00,-2.655541098186970927e+00,3.684690361924776170e-01,1.007214348444506413e+00,-2.747349563721832588e-01,-5.291314592949651896e-01,3.037615635760531133e-02,6.421964508913123593e-02,4.524173351339800808e-01,-2.573302169988536559e+00,-2.520553396745583430e-01,-6.318962436272105299e-01,-1.895029538111525413e+00,-3.270681903251789979e+00,-1.002448110549085003e+00,1.222446891593327312e+00,2.667564750368143223e-01,-9.282631756220501851e-01,-6.344268336850380496e-01
2.145576725929530326e+01,-1.080696191288796904e+00,-1.403929644674525257e+01,-2.199793299702189486e+01,-7.895072351304771807e+00,-2.291365145819295179e+00,-2.787414985516244315e+01,-4.788917121779821540e-01,1.838081611816797079e+01,-1.451762648669114419e+01,-2.624068319161967011e+01,2.611577005736748447e+00,-1.128264455351884976e+01,-6.001150418869372061e-02,1.505928177562657844e+00,9.501836751702184003e-01,-4.717366807973601972e+00,-6.133993070522789637e-01,1.394410983634634116e+00,-2.477900104557818395e+00,-1.999395222693970631e+00,2.227545213755862008e+00,8.894945021733002832e-01,4.979374697334186806e-01,2.412159004314212485e+00,-4.232985032980163709e+00,-1.993258466643652721e-02,8.676132593912331270e-01,3.389753959592948229e-01,-2.746285876345853971e+00,-9.502689115301408140e-01,-3.900049464220347040e-01,-1.547839117274085741e+00,-2.659032055415365470e+00,-2.752659821155972741e-01,1.973977779538537147e+00,4.281176343724837352e-01,-1.211519968333757191e+00,-2.809827726983370244e+00
2.129845432075821421e+01,2.374904934961292180e-01,-1.301424124491700418e+01,-2.238803185498179360e+01,-1.054551191549762557e+01,-2.574283720049864055e+00,-2.830806464612780005e+01,1.260127572321616540e+00,1.843975343710564374e+01,-1.100870426502496002e+01,-2.848052524970084676e+01,3.431363259420842082e-01,-1.564736754824504494e+01,-1.269137639460691247e-01,1.606269772898701209e+00,6.577844766657268138e-01,-5.235923139935572124e-02,-1.522254673367996691e+00,-4.920514177194523775e-01,1.771769435374064727e+00,-4.672760399186542957e-01,8.536035360200457944e-01,4.121728161567215665e+00,-1.858889973800064155e-01,-3.960144466619316184e+00,-4.378945341673379232e+00,-6.788566513876972963e-02,1.567399644813500581e+00,3.066633706534173109e-01,-2.676136025847934974e+00,-1.787582391562506867e+00,2.252712440110849756e-01,-1.133966370244331667e+00,-2.620093589760254638e+00,1.177184413077320357e+00,2.776736823952481004e+00,2.812210090726466882e-01,-1.626554281000772928e+00,-4.065284541364112769e+00
2.120193973140316501e+01,2.131843354508605515e+00,-1.272372749341379894e+01,-2.210265145982060631e+01,-1.093958169804076519e+01,-3.275467981258199934e+00,-2.433061098441431369e+01,-1.413443792015290690e+00,2.008802319020806237e+01,-6.274170163556713753e+00,-2.661246118637968294e+01,-5.308711927501883920e+00,-2.004053523686560823e+01,-4.624577668519691542e-02,1.609436048021742893e+00,-5.124174868695385854e-01,-1.946793640946557602e+00,-3.094429335169990303e+00,-5.852071647471956961e-01,-1.242900538740043359e+00,-4.317200731747338871e+00,2.886140509274159882e-01,3.991483476924293505e+00,2.980595516382003041e-01,-4.498472473506486047e+00,-3.740753649593428598e+00,-6.545563348924474112e-02,2.226962805654678856e+00,3.435458491518172397e-01,-8.640259219554338177e-01,-2.137440689232435354e+00,1.289840649747117762e+00,3.228653927716216288e-01,-1.752055408814472859e+00,1.872980338573824399e+00,4.818695926237996474e+00,4.060530331893431599e-01,-2.417597524950982457e+00,-2.269691551636074500e+00
2.120596276738782038e+01,3.456362589539614838e+00,-1.403907621865608135e+01,-2.628161913687490880e+01,-1.673437058583760617e+01,-3.744698049544255447e+00,-3.079386572360788676e+01,-7.374273891173061202e+00,1.901698153896047572e+01,-3.025737311176373012e+00,-2.788440614642444615e+01,-8.653808621070888663e+00,-2.312887484743190214e+01,-1.360243143444428426e-02,3.156419217227124818e+00,4.572888896485860499e-01,-1.134308753015950799e+00,-2.274132382128096097e+00,4.009256624460844520e+00,-3.431556840749880877e-01,-1.754262116243858305e+00,3.684540284950807987e+00,5.929269915565629212e+00,1.051991804534264219e+00,1.653868909951023980e-01,5.750932873799072809e-01,-7.610154842085777027e-02,2.721546650308470650e+00,-3.132246497055035661e-02,1.227514527520755294e+00,-8.188073302887570737e-01,1.066444480821589602e+00,1.694569816291698228e+00,-5.249943070205890239e-01,1.030989619770206200e+00,4.874091198896124411e+00,2.449384342132226777e+00,-2.419994272811727853e+00,3.911214962193081957e-01
2.117473486853427644e+01,8.444681788962855151e+00,-1.180914971411662684e+01,-2.437126896585250790e+01,-1.548784646229695738e+01,4.743045267663489106e+00,-2.501692235256428987e+01,-4.921968024503007300e+00,2.745710376010967835e+01,5.584369667574544671e+00,-2.450847757731115450e+01,-4.977938145511679124e+00,-1.889034866210579366e+01,-1.372068786497244730e-01,3.616220969135870877e+00,2.054668796188696689e-01,5.582734336256421237e+00,2.184477200512145778e+00,1.246690054570747108e+00,5.650902921506784082e+00,3.881846022317795519e+00,4.465898560226957414e-01,5.229109562533201583e+00,5.299405401425234530e+00,-1.634206654020384342e+00,4.431010746451746307e+00,-1.179526195255682780e-01,3.209160006930840581e+00,-2.752891787941166291e-01,1.871711179768470235e+00,-6.711577991792438969e-01,4.992054985660878547e-02,5.695359773375578971e-01,-3.892402249553971183e-01,-2.825136647278441160e-01,2.964902677477593507e+00,2.744979960928488172e+00,-1.887908275318626705e+00,1.514903702551788411e+00
2.093154901008837143e+01,1.068880452781135659e+01,-1.362814245941834201e+01,-1.511615046436206633e+01,-1.236541618481331462e+01,-1.251317940402761231e+00,-1.949205988059431860e+01,3.894181534625298924e-01,1.991016125100586720e+01,7.432481813890030153e+00,-1.728559534357397709e+01,-1.192222192911165735e+01,-1.426685335452840953e+01,-2.126756780546141812e-01,3.058370315532041417e+00,-1.248245276443312513e+00,3.022219534308915101e+00,-4.960007160760859790e-01,-4.507800277104696107e+00,-1.058455833334509322e+00,-1.159761457303532417e+00,-4.614119374781767036e+00,-1.131568003138246459e+00,3.160755397074339612e+00,-4.068054252281476657e+00,9.966605957736902610e-01,-1.840581110575079948e-01,2.953137742115790498e+00,-8.721339602536240521e-02,1.276460221916504878e+00,1.433216730841451181e-01,-7.340837424765171981e-01,4.585367974163766513e-01,-1.344337149492563110e+00,-1.034693781284006020e+00,1.885449497497595939e+00,4.048479910225966982e+00,-1.326292322579058824e+00,6.844378694640773642e-01
2.074938351242504808e+01,1.456142242002693798e+01,-1.430564026700325186e+01,-1.832682989723467770e+01,-1.647984789444912934e+01,-4.272555286545903108e+00,-2.713383401923330851e+01,-7.241490939110072134e+00,1.822886501054614428e+01,3.321233661298051754e+00,-1.818696678316247528e+01,-1.311404665007463244e+01,-1.689702747055841314e+01,-2.166005599667393255e-01,2.237438228387585326e+00,2.006222685393810323e-01,-3.902693548619617481e+00,-1.578172659763739993e+00,-8.279992722096920499e-01,-3.975333011298587849e+00,-6.662808167397437309e+00,-7.262646218418264965e-01,5.029818277991182640e-02,3.241416675602514452e+00,3.525029737134754981e-01,-3.218246370678397916e+00,-2.331277687288633160e-01,2.299868899543855871e+00,4.064861107614870517e-01,-1.031459987591612393e+00,-1.447866581290661314e-01,-5.697520911157614165e-01,-1.213491732712423499e+00,-3.876966225850055459e+00,-1.927434092652340114e+00,2.068804820272024669e-01,2.840338186394828490e+00,-9.265864846552812617e-01,-2.361050834880091820e+00
2.049834789015489278e+01,1.516368098458652725e+01,-1.322689792233957995e+01,-2.292153756160130129e+01,-1.552176150434079460e+01,-2.907316484822145330e+00,-2.744272590319149430e+01,-1.293619818133234389e+01,1.845763200732221421e+01,7.533078179449853806e+00,-1.080276199236894819e+01,-1.121721598168470635e+01,-2.070334609588520536e+01,-2.618434637841744461e-01,1.572582819133805820e+00,2.164149419077339154e+00,-3.649522728978137565e+00,9.231204006352911051e-01,3.497419685420138702e+00,1.239300720274449930e-02,-5.201250023622886687e+00,1.586664540718292216e-01,1.623620116816296699e+00,2.319381731111474387e+00,1.575336553786535809e+00,-5.290164497634719964e+00,-2.503403997388936597e-01,1.973234520754815646e+00,1.496445326910949003e+00,-3.404313394514744573e+00,-2.251337269612452840e-01,2.234170168359432829e+00,-1.102764985564926636e+00,-5.740928836701674420e+00,7.068230405984301523e-01,8.595628399049465296e-01,2.475023961119325655e+00,1.855535556623182369e+00,-3.006479199987913908e+00
2.022569658485669919e+01,1.770658805829454963e+01,-9.977341428848573557e+00,-2.562587535519095283e+01,-1.463360709317854713e+01,2.722284084294374296e+00,-2.710904800482781951e+01,-1.764399098635584551e+01,1.854619791868980272e+01,6.568473894930645152e+00,-1.354820332093952651e+01,-9.963373542501560820e+00,-2.747735646582785307e+01,-2.783287074884075452e-01,1.909356663932550546e+00,2.458416339199321676e+00,-2.783328573178174281e+00,5.537781420429812584e-01,4.664714850398204327e+00,1.212224043784898342e+00,-5.088888912545305843e+00,2.413988996301988266e+00,1.286798858574305982e+00,1.786452361640062936e+00,3.498667640951213631e+00,-1.652869380474026428e+00,-2.876278263868165541e-01,1.250315116827721285e-01,1.617691180747015789e+00,-6.618170734345796280e-01,7.983320260421613579e-01,6.507567538592553547e-01,1.886181687884349145e+00,-2.506401743584944164e+00,-1.716968840099513560e+00,2.411887634537074609e-01,3.092508855477630103e+00,1.508446610782140151e+00,4.127855422081676551e-01
1.994169047517807769e+01,1.898239431245162834e+01,-8.310065243940936597e+00,-2.848819470795764985e+01,-1.441420522025483208e+01,6.422113215974263767e+00,-2.501827781562169761e+01,-2.311397600642295558e+01,2.328560999992619074e+01,1.010667589659846577e+01,-7.229857269088822314e+00,-4.219880699782279088e+00,-2.400908485683325821e+01,-3.180617484386640825e-01,-2.214682371893150759e+00,6.508703631905401465e-01,3.386644331980775746e+00,7.958205934486226596e-01,-4.202885225971102479e+00,4.096949190615680081e+00,1.479690120933178754e+00,-5.658083052471607033e+00,-1.664047637469181051e+00,4.518664226762568958e+00,4.464461526932081981e-01,7.148563043392151428e+00,-3.108069327938501880e-01,2.735332672078953919e-01,1.904200418101018588e+00,-1.728301297891689930e-02,8.553883595108757731e-01,-1.564069817405183471e+00,2.683703073523076021e+00,-1.864901510292030995e+00,-4.442972662139339057e+00,-1.847886196169989059e+00,2.621511896244125950e+00,1.722963743368871814e+00,1.986307571766357638e+00
1.958957308797937102e+01,1.327722331450824811e+01,-8.675600702467493264e+00,-1.885258669122940134e+01,-1.304196590628130181e+01,-5.683486367647830662e+00,-1.891514962359645935e+01,-1.468461074448948800e+01,7.230031813746589542e+00,3.240378619992283049e+00,-4.510874867414387701e+00,-9.070481237115144424e+00,-1.318023037904355022e+01,-3.396577502768867163e-01,-1.181823099662366872e-01,1.976649524457954499e+00,1.046798874740494156e+00,1.186782460009895956e+00,-6.473446780925612210e+00,3.448559044714951227e+00,-3.132099236513603557e-01,-1.069237912541453284e+01,-5.074490530264688104e+00,2.507995265588967015e+00,5.855186411243613609e-01,3.044356788193843144e+00,-2.832257155133895421e-01,6.845718260661122212e-01,2.250458443928629926e+00,-1.049682647342577102e+00,-3.929837012033058352e-01,-1.244794891987596186e+00,3.521955226470116607e+00,-2.856541183390507221e+00,-3.489482480321570712e+00,-3.452847705662546396e+00,5.641562035096041150e+00,1.502918164074414920e+00,2.211931604478015068e+00
1.926237497462430426e+01,1.874602969251915496e+01,-4.356766195025027599e+00,-2.639459695847666154e+01,-1.204064030023504017e+01,-6.524780345876960652e+00,-1.812115972619179516e+01,-2.374039585372567629e+01,1.900851749097124843e+00,-4.230516393091104249e-02,-2.213866737910888283e+00,-3.048843417533556366e+00,-1.792037128044557193e+01,-2.201736652063672750e-01,3.985203092041549766e+00,3.986950984402056974e+00,-6.534250387707464469e+00,-2.371671076461835170e+00,4.327621386464917563e+00,2.983659353202135378e+00,-8.464438117583767962e+00,2.280566414374946671e+00,-4.430826361554839110e+00,8.331243228183048188e+00,3.018089936930648420e+00,-3.140912426294034887e+00,-2.129621116331982533e-01,9.494515302272116264e-01,2.036835249760258204e+00,-1.430855945881206237e+00,-2.633190255586638884e+00,4.628244417473309502e-01,2.771819009180531257e+00,-3.634927174796120486e+00,-2.875932646437370011e+00,-5.464910897123134603e+00,6.789202194566749782e+00,-7.431206919752992857e-01,2.022596334339965638e-03
1.914922575756663647e+01,2.124762949859134764e+01,-7.016987336633790928e-01,-3.192108746664433028e+01,-1.778530805920497215e+01,2.971756405282004465e+00,-1.294783091719218859e+01,-3.161348697965702215e+01,1.179116464249648288e+01,-5.621274103117395171e+00,1.215161158895170779e+01,-3.034301363253847583e+00,-1.946205523163161999e+01,-8.266069620292526565e-02,4.992095895134909256e-01,1.121963107741662746e+00,-1.356813545589778514e+00,-6.583922560745575581e+00,5.466697192061481303e+00,1.989158801635309004e+00,-4.541888954547056656e+00,2.362264302133635141e+00,-6.372373531765727073e+00,1.029938860673638423e+01,-3.952365339527934118e+00,-1.468844084210976675e+00,-1.238363673583180030e-01,9.759313575011298036e-01,7.218784636279526046e-01,5.709442574865377512e-02,-2.607139389733302615e+00,2.281560762628716432e+00,2.264791466274584941e+00,-1.623074939446750076e+00,-4.566642847114393833e-01,-4.046407979989775860e+00,7.381075959834694444e+00,-7.567819616096185253e-01,1.405811828144223341e-01
1.909705358221845373e+01,1.974444887154613681e+01,-2.112839979541702107e+00,-2.910822404965621857e+01,-2.520848542172619133e+01,4.408614038246001066e+00,-1.414284212292117715e+01,-3.282417376281978960e+01,6.625380353364395347e+00,-1.278705222746236458e+01,1.838491047556188107e+01,-1.095357409658942416e+01,-2.085805944886752528e+01,-4.808690508796509278e-02,-1.794979493045470775e+00,-2.743236379203006337e+00,7.355393224873987279e+00,-8.542161174986340200e-01,-1.357068075923866912e+00,1.683739911666672029e+00,6.677695246240419991e+00,-4.603359277220362422e+00,-2.499006822536738781e+00,4.971752368035496694e+00,-2.933862171190727786e+00,4.226787425435579060e+00,-1.030875554205309130e-01,-3.648430060305649647e-01,2.430284625827308087e-01,3.287401143584156138e+00,-4.034477612678193381e+00,3.103712568259373139e+00,7.043167016023836879e-01,1.756932341354155991e+00,-1.575329647462021088e+00,-3.970641290311134330e+00,6.396227091600652948e+00,-3.348428675775345198e+00,3.844840794213324475e+00
1.905305194739070629e+01,1.765767051250040609e+01,-6.188171492069391988e+00,-1.721030101689635572e+01,-1.949374029420224019e+01,2.576202534342705297e-01,-9.580351093858844536e+00,-1.825809648717618217e+01,2.584446088055757595e+00,-1.061928774819087273e+01,2.209511632502270118e+01,-8.902025705635303154e+00,-1.100848038076046187e+01,-1.510147398044185962e-01,-5.138273580671679497e-01,8.572262383166674438e-01,5.897619792113175663e+00,-3.075163412200591750e+00,2.971118266548885334e+00,-1.070237003462686687e+00,5.595372184812235972e+00,-3.998908782178506538e+00,-2.304726282743740029e+00,3.205302938247500677e+00,-2.951775264315065428e+00,8.967552357026496779e+00,-1.543389727226461561e-01,-5.222275955987314422e-01,6.018235653976290456e-01,4.624095556026684761e+00,-3.764433277524596555e+00,2.025850429295628530e+00,-1.694659667168542772e+00,4.192886801920311157e+00,-4.131799635886492794e+00,-2.453771516378973505e+00,3.032562774633471125e+00,-3.057037230357743773e+00,5.282335731192356221e+00
1.879502410260961653e+01,1.871679415541180092e+01,-3.983875029083672192e-01,-1.731298446542986724e+01,-3.135881224612737483e+01,1.035085057134377173e+01,-1.628331612984655052e+01,-2.163342939319531766e+01,-1.372437210992617951e+00,-1.739650479294984464e+01,2.479551635205688243e+01,-1.685712462521955501e+01,-2.922954734814532163e+00,-2.622531568164401250e-01,7.463241830822262557e-01,3.819182173538745229e+00,1.256035769136136793e+00,-7.019285370212561048e+00,4.936135015888496014e+00,-5.385270577856685392e+00,1.006835666154238140e+00,-3.726685421406615184e+00,-2.483058827038824745e+00,1.007003099424430559e+00,-3.232843272546098490e+00,4.495275724032061326e+00,-2.149497038474244559e-01,4.857069761359042448e-01,1.980856169995445892e+00,4.136179262605625517e+00,-3.896746401975390572e+00,2.281665731401523622e+00,-2.771851277406126357e+00,5.032784516630859351e+00,-2.992735792258629957e+00,-8.968787447652932787e-01,8.631793333638256849e-01,-1.830165581069143510e+00,6.231385278748928336e+00
1.852854563375782604e+01,1.915031887866485860e+01,1.450192855008098691e+00,-1.469822947862408213e+01,-3.353231103462736229e+01,1.012989028521126222e+01,-2.035089224957221532e+01,-1.624442515486770588e+01,-4.868924754757472328e+00,-1.558540540226852222e+01,2.410912252387156229e+01,-1.536771225072750013e+01,-2.017928932696338773e+00,-2.552329414059233414e-01,1.354932706865815462e+00,2.185323099902574562e+00,3.814810479832820178e+00,-3.157059907631603934e+00,2.649785540106766035e-01,-3.166755901124286510e+00,6.483171273687793779e+00,-1.619587987764761206e+00,1.304058834349919316e+00,-1.550856154550151800e+00,-7.217052084744324247e-03,4.363272977829793398e+00,-2.453583662446696678e-01,1.386042512030516649e+00,3.035711177828863239e+00,3.288804859365277444e+00,-3.465550002200522783e+00,1.966778723722560684e+00,-1.939674479301684240e+00,4.187213600136890257e+00,-2.173418404221262090e+00,7.224473031195557393e-01,5.574430951736530741e-03,-1.838059726898909840e+00,3.639052016748853813e+00
1.828455821979776985e+01,2.142665956914343184e+01,3.972258696896782126e+00,-9.683363505764226886e+00,-3.767293206139058270e+01,1.088080767936512494e+01,-2.261682793209512354e+01,-8.667086845819730101e+00,-4.611613186522140140e+00,-1.478838712425000601e+01,2.169380404295657883e+01,-1.687155872938904366e+01,5.803591220845054188e+00,-2.235262880922732620e-01,2.041315743561158413e+00,2.677434221082125809e+00,5.058571139360648061e+00,-6.605968147294305481e-02,-1.516774835874326044e-01,2.119462330164617825e+00,6.219612697344089725e+00,-8.970665952641598828e-01,3.637147667662754991e+00,-2.176389447700124435e-01,-1.358697518658804171e+00,2.420717828925176729e+00,-2.991506233610600196e-01,2.189058163391969514e-01,1.820407150872640711e+00,3.773558741519456028e+00,2.856965569789977552e-02,-1.488689883475786235e+00,-8.852646401168776658e-01,4.791337040620110344e+00,-2.216435631430910380e+00,3.528655815678219732e+00,-2.461695096527403148e+00,-1.746727642054111129e-01,-6.696276321286418476e-01
1.808149305757327951e+01,2.323295036578717543e+01,6.805061297172350088e+00,-4.581087199902786011e+00,-3.366443039757324840e+01,9.826535318036397015e+00,-1.611196758924297967e+01,-3.805199760179525548e+00,-6.663057945285792094e+00,-8.311110066943012242e+00,2.367384463433153741e+01,-1.808510728804510848e+01,2.823506725154014685e+00,-3.808804729505901321e-01,-1.828326037798403192e+00,1.026977666737963979e+00,3.089800804285495861e+00,3.261513887612824902e+00,-3.910864520906425668e+00,-1.061368642502173998e-01,2.385364979190437662e+00,-3.472967793180434803e+00,5.699006871014253406e+00,-4.494562114383350071e+00,2.498839009006186274e-01,-7.247700972613985826e+00,-3.879744311230773346e-01,-5.144842799288070756e-01,9.420239014096447594e-01,4.497473625960782151e+00,1.601785600726766789e+00,-4.104204033730735057e-01,-1.248676378504841811e+00,2.831635604873135037e+00,-2.293708438885411649e+00,4.106117468696505846e+00,-7.853546057409737102e-01,-8.538843015497110667e-01,-3.776428499942289907e+00
1.752279727389658959e+01,1.777000749354662545e+01,6.026214030372710084e+00,-3.503761897193235164e+00,-3.114990428616493290e+01,3.059078637552274049e+00,-2.282910166059555834e+01,-3.896356887438854777e+00,-1.155754877288300975e+01,-3.390373382221499643e+00,1.270467981418987868e+01,-1.637179092758780641e+01,-8.691810724382918352e+00,-5.559695532401249807e-01,-2.413363424483975450e+00,-8.358633009269960112e-01,4.640212523398560052e+00,2.439766739483445690e+00,1.081058735607961729e+00,-5.188084844301613430e+00,-3.332061747564720733e-01,-3.100720605359151616e+00,3.778642568571382476e+00,5.015334876092527594e-01,-9.009551856657829205e-01,-8.237938592473907917e+00,-5.170715415708798668e-01,-1.760326419608637227e+00,-1.229169827253542707e-01,3.777764954101280104e+00,2.928418147094380863e+00,8.444076656778015666e-01,-1.790452964537708969e+00,1.429768947170361626e+00,-9.863204729207997179e-01,3.718982551418854143e+00,2.919714683361597229e-01,-9.277054995912437096e-01,-5.196409682460306989e+00
1.696955395109302955e+01,1.840622351681922453e+01,5.133334695318358065e+00,4.699337846894334092e+00,-2.878489691860635702e+01,1.198865278925232047e+01,-2.648813727784620653e+01,-4.471612109692469694e+00,-1.286449915600409533e+01,-7.538249298002468457e-01,2.467691160955004293e+01,-1.988701765937667432e+01,-1.365237045979380071e+01,-6.338136043565469890e-01,-1.365808298981201929e+00,-9.163384730878516571e-01,4.034505319268424373e+00,2.839648110381403967e+00,5.481354317296948331e+00,-1.775953124943248085e+00,1.355660476113701884e+00,2.557526913558011650e+00,1.709128223247190492e+00,4.973724041419123942e+00,-2.118670057045836330e+00,-1.624353937299826356e+00,-7.969614324851214127e-01,-2.153781689151084588e+00,4.481001028088986149e-01,2.638862677972017678e+00,6.192549510118935174e+00,7.741595582075715409e-01,-1.698076513181852876e-01,1.857607390080219689e+00,-4.542546206611081661e-01,5.410495979241183168e-02,-4.738159872629810643e+00,-5.276974888237262462e-02,-3.792204716568042588e+00
1.625517006518349561e+01,1.503839089558422160e+01,4.193537084197006770e+00,4.565248741343613581e+00,-2.547060806540212496e+01,1.402178727214617027e+01,-2.638100791048205451e+01,-1.185035935211451008e+00,-6.442494945766986447e+00,2.788306427288129649e-02,2.265212789702812657e+01,-2.060913104167947907e+01,-1.194051859898257106e+01,-1.119527225794405112e+00,-2.288186648903136167e+00,2.414282794493168627e+00,-6.030848810272804172e-02,1.162178298062319115e+01,-1.886336998737506931e+00,5.651542278477774239e+00,4.299394411900170354e+00,6.863205969273753482e-01,-4.497944280713948473e+00,-1.483379518989334223e+01,1.828365841982769524e+00,-4.303962302962851538e-01,-1.010998186742838367e+00,-1.553940431482639495e+00,2.480989209533043915e+00,2.353325352485325261e+00,7.101229773929756739e+00,3.303049406012857681e+00,2.553581336440663652e+00,-5.917158177357976223e-01,-1.205071044554966164e-01,5.969296065533046258e-01,-2.468644521370435108e+00,3.085754168726509761e+00,-6.074779355110428991e-01
1.473049949950421933e+01,1.382985021901295219e+01,9.961900284304695319e+00,4.578720870688878009e+00,-5.541330957359973830e+00,8.215978791777306611e+00,-1.518505272089065805e+01,4.127176714107871014e+00,-1.149185796214934463e+01,-9.749713491228144235e+00,-4.990678770236640638e+00,-1.623028597541113527e+01,-1.451316292038637101e+01,-1.333918249603347483e+00,-1.374949455273829280e+00,5.911670099673877132e+00,1.878962305996253246e+00,9.102534834131395414e+00,3.719437697103948892e+00,5.334135326806020316e+00,-4.984647226403281728e+00,-3.201954973160440865e+00,2.032167933493045364e+00,-3.728437749898540154e+00,8.918872557870725970e+00,3.208572136703615740e-01,-1.161334932848957946e+00,-1.864585037915927446e+00,2.049221828850158911e+00,-2.611290840459227214e-01,6.387022017271816843e+00,2.339195230391410973e+00,4.894646465642643385e+00,-1.058182923523788732e+00,-2.042893224725958190e-01,-4.950124216221397089e-01,-2.195597431319848081e+00,2.669192356245829512e+00,-3.342517350191297476e-01
1.358733356597680064e+01,1.228849198503656304e+01,1.601687728354476192e+01,8.323173353336120073e+00,-7.265538397139335025e+00,2.146066266635406805e+01,-1.571273725687001388e+01,-1.115433038801801402e+01,-1.284640489208786818e+01,4.092218931258972070e+00,1.519525239723104626e+01,-2.771385925938026684e+00,-1.129880417164184792e+01,-1.116850981526316566e+00,-1.685801218249768141e+00,-2.470632722047092500e-01,-1.531995375010205329e+00,-2.054953545093471945e-01,5.874606226164059919e+00,3.918006222225824509e+00,-4.452528107508001654e+00,4.039335834713559947e-01,2.244329259912076768e+00,1.120902048654299143e+01,3.851787696964406038e-01,-5.656617140867199467e-01,-1.287046935761954725e+00,-3.554963208401087371e+00,-4.082236884872127436e-01,-1.605368401560643532e+00,4.990337469658920888e+00,1.222022049844758040e+00,3.253036046681474058e+00,-2.281639927263948042e+00,-1.596767140678807984e+00,6.459651571191865616e-01,1.791325305395814027e+00,3.930892588404980792e+00,1.561509454184572432e+00
1.249679753645158620e+01,1.045824778251341591e+01,9.467773739895276819e+00,1.514730120668467350e+00,-5.952321666378668219e+00,1.996519124410542645e+01,-7.349040276439009034e+00,-4.777879500908131405e+00,-1.068399079520663264e+01,-5.261054971403990699e+00,1.742736220284934134e+01,-1.545992843601825406e+01,-1.564448634855981091e+01,-1.325273599038381711e+00,-6.669557956604005966e+00,-6.808697684789555282e+00,-5.126385622392760411e+00,3.476056517270580848e+00,-3.601685685574083529e+00,8.394516787847523531e-01,1.506811461997412671e+00,-9.919296702722570913e-01,-1.539419670651117400e+00,2.602240770116579505e+00,7.157695282935039316e-01,3.865747278834429146e+00,-1.074774668319665949e+00,-4.681270144425894841e+00,-3.279816384062371526e+00,-2.176709881821980996e+00,1.434827237802365874e+00,1.431621029369482212e+00,2.581022875875729650e+00,-1.407207529569020510e+00,-5.654768332045460033e-01,3.198989361132158482e+00,5.375699553933730890e+00,4.236000009871428773e+00,2.981747420083001199e+00
1.093678636790003722e+01,-1.050623928171448451e+00,2.399481913965652247e+00,-1.929597891449399860e+00,-3.134253625981729408e-01,1.425729129520590099e+01,-1.403383389930050917e+01,-8.140707464023188678e+00,-1.483026423263238236e+01,1.013379589956737270e+00,2.039973393746420527e+01,-1.339846869351018821e+00,-3.567309613972989180e+00,-9.074488897536570065e-01,-6.682595164512967756e+00,-4.548128845556441924e+00,-1.346586518348367179e+00,2.054535190379971343e+00,-4.947108099533128467e-01,2.114825128071123661e+00,1.811035525867437102e-01,-1.321660831346592069e+00,6.522853978243877471e+00,9.291080132330460373e-01,9.846936490835378919e+00,6.087156624877008149e+00,-7.260769883352533594e-01,-3.695716038303766826e+00,-2.599733021474216255e+00,-6.673718545263487290e-01,3.121946059733761381e+00,-1.739894620789678159e+00,4.030580634504874027e+00,2.588689695961727377e+00,-3.596582728102525328e-01,2.268493978450905890e-01,-1.765261711016541613e+00,1.388717475675060653e+00,9.321667967081136430e-01
1.068189975694427218e+01,-2.906942546512518710e+00,3.715160487823926383e-01,-1.178442916028266785e+00,-1.843251285618725532e+00,1.897576962419880076e+01,-3.119390020296761712e+00,-4.415672395734643985e+00,-1.332731245789981678e+01,7.784652985083764243e+00,1.928557822931543342e+01,4.233944545652504665e+00,-3.470173098805795053e+00,-3.619442692292285102e-02,7.715654431010737779e-01,2.583429553882234053e+00,4.131249245251071400e+00,3.301541036873836266e+00,-5.006954614234562229e-01,8.179587343441868441e+00,4.874361001613532807e+00,7.536144039199212941e-01,-1.154883823858094960e+00,-7.479949054274456444e+00,-2.167444084523541648e+00,-4.578908599502648613e+00,-2.967804779172557028e-01,-1.126882533610424231e+00,1.061228477477625720e+00,2.454636702837865947e+00,2.976324278259149025e+00,-2.004373282160216263e+00,3.315207960704422252e+00,1.514525243206812366e+00,-1.083632595891617756e+00,5.696496459759551323e-01,-2.750352062903774986e+00,2.308345285353596399e+00,-2.355805265936002368e-01
1.086439751405419152e+01,4.925069580306991046e-01,7.566341021730120353e+00,6.332900599052743829e+00,6.289656711149499202e+00,1.325590037235898855e+01,2.325340787583227709e+00,1.608014539203877824e+00,-1.332303542479253977e+01,-1.296388057759452428e+00,5.439835828915293270e+00,-5.674735038398102560e+00,-1.272512681297828685e+01,1.835949084219796745e-01,3.479606108936370124e+00,5.909485262309389419e+00,5.417553652817495902e+00,3.735504986830982865e+00,-4.265874664735500588e+00,2.083401101968996638e+00,1.168029054623520802e+00,-1.764227860342413301e+00,-4.521287951374942438e+00,-4.065013643355254835e+00,-2.992351235189618208e+00,-4.386653641609684406e+00,5.433014950860907966e-02,2.150143336844558384e+00,3.014343548543116036e+00,2.678559657940093874e+00,2.482310647664852432e+00,-1.540602571534972043e+00,1.265196827324859496e+00,1.391914714852793278e+00,2.423883369586982361e+00,-6.929110096174787570e-01,-3.763331637542477015e+00,-4.149545617969160327e-01,-1.298210921406780072e+00
1.104908957378823153e+01,4.052269671360221537e+00,1.219048657340117181e+01,9.656664389606724797e+00,5.627758688043240198e+00,1.044402029472779958e+01,1.047412183641231787e+00,-2.079614286487602381e+00,-1.685576817858464338e+01,-1.257922917666119966e+00,1.115555094260492375e+01,-1.750757924726731529e+00,-1.224348038202516342e+01,8.022234648345527575e-02,2.863989844542136343e+00,1.997686686320860883e+00,-1.436269268095853313e-01,1.036483088872803826e+00,-1.217873635046223590e+00,-6.058295826114218130e+00,-1.978588741793309902e+00,6.188207950218741260e+00,1.683250275501869009e+00,1.041267820958915458e-01,2.626233297626060725e+00,3.526708116790540526e+00,5.435227439073386790e-02,1.978461566146916040e+00,2.375389392067275285e+00,1.365235745046942339e+00,1.203747963506451413e+00,-1.227885275901952511e+00,-2.231211243974203562e+00,8.013108147341083676e-01,1.645644112207564236e+00,-1.960157333188510265e+00,-2.632743672235621890e+00,-4.900259667957760357e-01,2.106879737028884314e+00
1.102484220702110207e+01,6.220486647114971568e+00,1.156171439437184212e+01,6.045646745433573166e+00,8.362622888895106854e+00,1.082015310226654137e+01,-9.791250864645208551e+00,-2.349162944382741980e+00,-9.466195243550580285e-01,2.070112493244285812e+00,5.648089393107076361e+00,-4.222684431459808874e-01,-5.671710579397205798e+00,-8.782539568687308673e-02,3.455288415985169337e-02,-9.698551253016320928e-01,-1.932650826795347054e+00,-1.244376622501256469e+00,1.805098292503731550e+00,-4.632281298847397366e+00,1.824542353108404846e+00,2.784234165751953149e+00,-1.220730519347267951e+00,-2.568908928281746551e+00,4.541696693871476453e-01,7.890498925786625151e+00,6.134941626571333018e-02,1.199944263535803302e+00,8.772435289123841073e-01,-4.775750389410617913e-01,-1.594208751440900684e+00,5.230158109003039124e-01,-2.166794244977237938e+00,2.301910989609577685e-01,2.205828092764189563e+00,1.296483487693938508e-01,7.661224918395082017e-01,6.667630057548619149e-01,3.766345102560230806e+00
1.087343878241448536e+01,4.121375439679924924e+00,1.025077632279790762e+01,5.791362736016030688e+00,3.139005443040727261e+00,1.405421687973526268e+01,-8.217150414053563168e+00,1.569470419729207533e+00,-1.128729984708073708e+01,-3.699383956360655645e+00,6.017733086041430646e+00,-8.424185859524362385e-01,3.537517469548086879e+00,1.170638920242641490e-01,1.185943722174460646e-01,6.803496986109154321e-01,-8.398525714539539777e-02,-4.399816656224427192e+00,1.622864016045117985e+00,2.957450863094821969e+00,1.641795312641501914e+00,-2.065754801184244371e+00,-7.487641439047505454e-01,3.095633911643751901e+00,-1.186410617932479816e+00,1.943905176716723027e+00,5.458652398829855201e-02,1.713514681995732813e-01,6.123838714956096885e-01,-6.639426816880418247e-01,-1.482055509586603037e+00,1.223534868512076157e+00,-8.366612416354324289e-02,1.605733857861422198e+00,1.721781948079020408e+00,7.923752839035210771e-01,7.450824881773850938e-01,-1.389568529004914232e-01,1.438952260104259695e+00
1.125896999106963037e+01,6.457675391549863697e+00,1.292241379159367298e+01,5.877676231142782370e+00,-4.370104235537470849e-01,1.406588113435677734e+01,-3.876349138455564169e+00,9.344276809002618478e-01,-5.078129126723546882e+00,5.725842054347848320e-01,1.183935721639458016e+01,-2.795089679010940742e+00,-1.783900225963759523e+00,1.657597596454873923e-01,3.345286002303584638e-01,2.160639954735198209e+00,3.147867511479400804e-01,-2.608538233530373063e-01,4.423068707539004052e-01,2.944390556891128163e+00,1.368894635224399359e+00,2.553098105037720611e+00,3.576050801058445749e+00,2.883798192903333391e+00,-2.083564926721362953e-01,-5.265070863884337982e+00,-4.053456335822254453e-02,-1.435183484436632906e+00,-3.491077573614873725e-02,-8.669946658289923169e-01,-5.641354786662716725e-01,2.113278390999952627e+00,4.111775573113295223e+00,1.740171155337626008e+00,-1.165123892972705910e-01,1.151907367598847598e+00,2.658819754608106933e+00,3.443067741099438694e-01,3.748329531199486864e-01
1.120495830170546014e+01,4.790432640140641851e+00,1.457205623226830404e+01,6.420936238311910849e+00,2.617297796334652649e+00,1.493883062124306349e+01,-2.328369300271306397e+00,4.307259690178006473e+00,-6.181103637005295859e+00,3.452717645756235854e+00,1.178532947184809743e+01,-1.259131571296708829e+00,-6.992624258220589084e+00,-3.012801802425641995e-01,-3.873817383424207339e+00,-1.847946615318885932e+00,-2.240894783001055934e+00,3.119904871235267052e+00,3.439178526077813380e+00,5.849792791242851564e+00,2.024185258090362982e+00,4.979247754222075883e-01,1.840507162372646999e+00,2.109516378424848959e+00,2.151355799543408054e+00,1.625712638025317514e+00,-1.286474977003486120e-01,-1.736939992833391289e+00,-4.619353340002320119e-01,-1.471766998023213535e+00,6.939799441726308693e-01,9.789403041844589870e-01,3.781132995700345667e+00,-1.385325678046782638e+00,5.184661505233950640e-01,9.868655068935938690e-01,2.109537035792039994e+00,1.108889052697314082e+00,1.712887596005731483e+00
1.065640963058450197e+01,-1.289959375298550759e+00,9.226520560955901118e+00,1.395886665140670946e+00,5.802799318916786575e+00,2.094423818651240410e+01,7.823236444030139403e+00,4.982798197080987812e+00,-4.082279575879131706e+00,4.253598530180078718e+00,1.605838997324427808e+01,1.507621920075874922e+00,1.467525050086875504e+00,-3.367384137750768502e-01,-2.739969890601733127e+00,-2.391504982076335217e+00,-2.873756854705445729e+00,4.358512481669809535e-01,2.854546266683408717e-01,3.583545536738310666e+00,-5.844301459386537445e+00,-1.505895116440336690e+00,-2.029140615010784909e+00,1.335286207364342559e+00,1.904901224643717139e+00,8.734433534886008488e+00,-2.130877756646274435e-01,-2.587248177993907383e+00,-1.564005379551982378e+00,-3.505316049702280057e-01,9.228720597544575188e-01,-1.032937338200474287e+00,2.118180857380909110e+00,-9.304735893904707567e-01,-9.690731708633443242e-01,-4.313248361316063817e-01,-6.478376390365818693e-01,2.940297948578096232e+00,3.328755562124212641e+00
1.053148147415530644e+01,-6.895071410628248465e-01,9.789046268115633609e+00,6.734225289010195015e-01,3.489000292668614556e+00,1.550973987457974523e+01,4.838721773205314491e+00,-7.381343228595069306e+00,-9.192893869885969238e+00,-6.055635842653336320e-01,1.445590188657678254e+01,2.550670877990725671e+00,1.047624281155142612e+01,-6.307005203146598404e-02,-1.224318116259693667e+00,-8.663143425229029582e-01,2.801444197928208979e+00,-1.030650345932613510e+00,-6.164249184913169977e+00,-2.346113416159735010e+00,-1.428218501873271151e+00,-2.167660144360400221e+00,-1.904248945196270526e+00,-4.396753579698474468e+00,4.246938459579973291e+00,2.328959499842210068e+00,1.902288060346890488e-03,-1.804206946882097595e+00,-2.387223741247547881e+00,-3.682419556328957178e-02,-2.286914416180951370e+00,-2.103774553722316032e+00,-1.298601646289019862e-01,-9.984369412379442976e-02,-3.558746220239027980e-01,-3.869167264760401403e-01,-2.720891392209348059e+00,2.005318919919440113e+00,1.699230222776885624e+00
1.053026952652157000e+01,-3.738595607817937871e+00,7.493891875910095202e+00,6.998775060997088460e+00,3.741498627051559556e+00,8.615739816686064145e+00,3.131009611710669827e+00,2.126361193334445510e+00,-8.417599864599932147e+00,4.451006397875377774e-01,7.264882813847328258e+00,1.000149883923582195e+01,6.125444049771295418e+00,3.730291599416775128e-01,-1.158388418473663473e+00,-3.143397199781082563e+00,1.380974266833117303e+00,-5.637812115653053624e+00,-2.462766418517545297e+00,-2.735139240230697766e+00,6.308801475013687821e+00,1.700038633560779555e+00,2.013973271418819877e+00,-5.939137898038476138e+00,9.849268453648960531e-01,-5.650837727864898241e+00,4.882540565536881982e-01,-1.697554188498605898e-01,-1.212727386259038198e+00,-7.642388192663907009e-01,-1.130520826574229076e+01,-1.004906050082572300e+01,-7.455920262044793745e+00,-1.979656835643300583e-01,1.367435336662542911e+00,2.309897897148269319e+00,-3.343705169940167199e+00,2.481687852946561912e-01,-2.600932517040642100e+00
1.127753979403866147e+01,-3.006283978010151792e+00,3.502251868553468928e+00,3.435371062567253997e+00,-7.786623938637492692e+00,1.058420703754465464e+01,-6.315567072560813733e-01,5.236259721432305447e+00,-5.792816602764410128e+00,3.422382958572305789e+00,2.577626090499830713e+00,4.520524568720517777e+00,-8.254326441783701451e-01,1.097190613444848140e+00,1.379123778371873943e+00,-5.938055232341512557e-01,-5.402528379510743939e+00,-2.441346426059659080e+01,-1.772701885789236442e+01,-1.492611761883690136e+01,-2.221096444544397919e+00,4.736229169236367831e+00,6.672007052357534107e+00,-9.929403961327043504e-01,-4.118979919025781200e+00,-6.005871928511365532e+00,6.580115090096892994e-01,3.017235896436178400e-01,-1.049239275800821991e+00,-2.437915113449995452e+00,-1.433663571932403968e+01,-1.122022792157005355e+01,-9.129014261067244007e+00,-5.039890783386260509e-01,3.709990599042258363e+00,5.419423427636179014e+00,-1.035244287636900795e+00,-1.688177294605923251e+00,-3.326291965609020629e+00
1.272465075341126628e+01,-9.803480510741902076e-01,6.306280829441792690e+00,-3.806281698024399862e+00,-4.508542989414161895e+01,-2.683829789909866292e+01,-2.672122562596313244e+01,-2.315831695754350328e+00,1.054858473872803071e+00,1.378911474450260677e+01,5.279002021581919557e+00,1.763539001184259769e+00,-5.886299807251435645e+00,7.234043058601216103e-01,1.223135503396771018e+00,8.172017718961026578e-01,-4.774497860702734187e+00,-1.799704505235875374e+01,-1.672429395646140904e+01,-1.262433760301896157e+01,-6.458225948588053100e+00,5.206823279426682660e+00,8.198581771492859716e+00,3.847497377012576436e+00,-3.145880122366813580e+00,3.380437780980294349e-01,2.550555603127140358e-01,1.501949823644257220e+00,-1.081488259114564768e-02,-2.745001902296868579e+00,-6.852165490335382358e+00,-5.922184099876508512e+00,-6.265639080022195273e+00,-1.882409294774923136e+00,1.913279381100925658e+00,3.884949633613292264e+00,-9.684579336399412597e-02,-2.998597760686074309e+00,-6.352347372815875248e-01
1.272434840575890469e+01,-5.600129712166095342e-01,5.136655412345674243e+00,-6.113624658838214820e+00,-4.378071404335499750e+01,-2.286438087537815989e+01,-2.588023191329400419e+01,-7.680192175743801641e+00,4.620829956088955193e+00,1.981954650155802611e+01,1.027262084452498314e+01,-1.771235676013109828e+00,-1.493450879823113031e-01,-8.212538655931238551e-01,1.764183029040383488e+00,1.581674308082359204e-01,9.272725541199394739e-01,1.628157306093751089e+01,1.128370558643179677e+01,5.574188720290892185e+00,7.441861819011162948e-01,-2.556442356197393906e+00,-1.058923854070733306e+00,-1.172922775783569183e+00,-1.804574421505998227e+00,4.248763196258382280e+00,-3.664218775872214451e-01,-1.050887385852247446e-01,-3.740157993274053627e-01,6.804903458194184740e-01,4.968314722095423797e+00,2.471739425950077784e+00,2.098593180750793208e-01,-1.822372444357147625e+00,-1.423615392988794914e+00,2.797915396274513467e-01,-1.162092852900550088e+00,-1.234715989168145400e+00,1.036673320064258386e+00
1.108214302222501857e+01,2.548018007006576990e+00,6.622615691058264531e+00,-1.951736589784520914e+00,-1.252228377226659717e+01,-4.270886726235071151e+00,-1.557284818538134807e+01,-8.274593319521177381e-01,-4.058026238521985185e+00,1.167126703636114016e+01,2.933156470014781192e+00,-1.845609841827736686e+00,2.611226585265328470e+00,-1.228832067031613740e+00,-2.367948864380024609e+00,-1.831324985618734136e+00,6.012087448191310912e+00,2.227704532712855823e+01,1.726178972812070356e+01,1.036189153806121332e+01,1.530201746744626501e+00,-7.487640583799972660e+00,-6.969640995388864724e+00,-6.166268121372167066e+00,9.613773601994497486e-01,1.292579239334256114e-01,-7.373597097494404284e-01,-1.336702302656498587e+00,-1.332720074790464171e+00,3.145783876752023644e+00,1.362717036643445923e+01,1.115185724161652203e+01,6.385333665370553469e+00,-1.547510479511143566e-01,-3.779390053836753971e+00,-2.975698245822234522e+00,-2.701037108234687345e+00,-1.301285193198040702e-01,1.224945698213880219e+00
1.026668427169567721e+01,-5.295910699976658975e+00,1.474005441108206194e+00,5.910550237544407004e+00,7.733766109021169566e-01,1.165919858086324723e+01,-5.156448837171576649e+00,-4.619788682254548640e+00,-1.035445121151099102e+01,5.880264510780295772e+00,-2.059915398219350990e+00,1.515190443857896696e-01,1.091707598845399474e-01,-4.077293752646706793e-01,-3.921964353491618205e+00,-2.574305124975029280e+00,3.931143413664464070e+00,6.647830191584357173e+00,7.965042653549159191e+00,5.208199674104886157e+00,-1.896164675151215562e+00,-3.148212486494502915e+00,-2.895501262790422192e+00,-2.496535934117066091e+00,9.985644431067631777e-01,-1.251027912690394261e+00,-5.730787018655796317e-01,-1.731572416450333662e+00,-1.247391019242499510e+00,3.191063662009417268e+00,1.024038416916829419e+01,8.497724421958114505e+00,5.186396550045462739e+00,2.328477636676074825e-01,-3.624698730818889825e+00,-3.366956650713630150e+00,-2.965814435372279956e+00,5.842638327011325794e-01,-1.985024129647086077e-01
