1.201167734956527067e+00,2.774401562408032595e-01,1.688084166444431822e-01,1.867902759099498156e-01,-9.255873265809508865e-01,6.572029807853011496e-01,1.501565591519788412e-01,8.733374746014304080e-01,-5.220043993162741813e-01,7.681470145472775179e-01,1.978422004366983677e-01,-2.150497392947966213e-01,-1.191482347127179375e+00,-1.997416905617353189e+00,-1.997416905617353189e+00,-1.997416905617353189e+00,-1.997416905617353189e+00,-1.997416905617353189e+00,-1.997416905617353189e+00,-1.997416905617353189e+00,-1.997416905617353189e+00,-1.997416905617353189e+00,-1.997416905617353189e+00,-1.997416905617353189e+00,-1.997416905617353189e+00,-4.118870808621908908e-01,1.655379698238213793e-01,3.332743020449503435e-01,7.517233092545694273e-01,-1.445790601555937416e-01,-6.266045901046226607e-01,-1.554646209143991653e-01,4.614617014732975142e-01,-2.063079599164122369e-01,-1.612018247192300857e-01,1.305071250221273571e-01,-1.195117076499354392e+00,9.879583313685861290e-01,7.210612177911665576e-04
3.659214902455644736e-01,-1.409782056455377575e-01,4.169306117911139586e-02,5.175722751192826099e-01,2.110745052840686531e-01,2.371347810576876824e+00,-1.243728980004729090e+00,-8.278616232309315981e-02,1.031270396367669040e+00,-1.185508441035499239e+00,1.785135392679059185e-01,-4.591583960851901292e-02,-1.191480192617100142e+00,-8.856296220980923728e-01,-8.856296220980923728e-01,-8.856296220980923728e-01,-8.856296220980923728e-01,-8.856296220980923728e-01,-8.856296220980923728e-01,-8.856296220980923728e-01,-8.856296220980923728e-01,-8.856296220980923728e-01,-8.856296220980923728e-01,-8.856296220980923728e-01,-8.856296220980923728e-01,-4.116832507914823802e-01,2.103228542710168791e-01,3.149740789348894898e-01,-4.805338125507730984e-01,-1.627055080234774742e+00,1.188962965783191272e+00,7.182696619866288934e-01,-1.053467232891391436e+00,7.836701711584033170e-01,1.852085115045659369e-01,-4.887675290249798299e-01,-2.760203540750397200e-01,9.620981543503295264e-01,8.073108844216966796e-04
-7.133356421532115466e-01,-4.265003838951870185e-01,-2.554709770551073511e-01,6.166682676031481902e-01,5.063768923412981238e-01,6.668591557609669929e-01,-2.137514190642960887e+00,-1.831212752195724991e-01,6.481548818822097102e-01,4.716720654427510873e-01,-1.286387293239305230e+00,-8.184149532225057921e-01,-1.191464773905850372e+00,-8.803194914126070136e-01,-8.803194914126070136e-01,-8.803194914126070136e-01,-8.803194914126070136e-01,-8.803194914126070136e-01,-8.803194914126070136e-01,-8.803194914126070136e-01,-8.803194914126070136e-01,-8.803194914126070136e-01,-8.803194914126070136e-01,-8.803194914126070136e-01,-8.803194914126070136e-01,-4.113975406549105207e-01,-1.657172131461281950e-02,-4.944564308114990370e-01,-1.040108440678510604e+00,-3.519494529529905158e-01,1.787137308659413337e+00,5.180287460179584524e-01,-1.680111016385922751e+00,-7.806067338541997636e-01,1.586884437924275026e+00,7.086167666116175434e-01,-1.664958257668483155e+00,1.238449945893223658e+00,8.160467260843304229e-04
-5.418095606875142911e-01,2.757045984079812273e-01,1.270064288842143840e+00,-6.103449464582312300e-01,-2.975782626737495384e-01,-5.350929914087201172e-02,-9.182254182179011570e-01,-2.141145651312439391e+00,5.512360609360051900e-01,1.657407752646002708e+00,-7.104238921663817985e-01,5.295178862823601840e-01,-1.191428763165429894e+00,-1.109717333812784701e-01,-1.109717333812784701e-01,-1.109717333812784701e-01,-1.109717333812784701e-01,-1.109717333812784701e-01,-1.109717333812784701e-01,-1.109717333812784701e-01,-1.109717333812784701e-01,-1.109717333812784701e-01,-1.109717333812784701e-01,-1.109717333812784701e-01,-1.109717333812784701e-01,-4.111427292171889736e-01,-1.124029355511327655e+00,5.473545299080380122e-01,3.930618247824589351e-01,-8.614135120181977134e-01,6.316806310986731177e-01,1.905975993965009607e+00,-9.538198793248391372e-01,-2.015815674741906260e+00,1.083348847210634291e+00,4.849834425563249174e-01,-9.328026426449249620e-01,-2.009515314263079500e-01,1.293103416002058196e-03
-2.668722977694507614e-01,-4.581263637812445222e-02,9.465373160666122887e-01,-9.970391601738110010e-01,2.083757463677619048e-01,5.899869695604633701e-01,8.484780452618919666e-01,-4.874482684387874132e-01,2.318831382309621603e+00,-6.451209728181073189e-01,-4.649319009166014149e-01,1.391561638214615870e+00,-1.191365887922565703e+00,-4.274651967055352886e-01,-4.274651967055352886e-01,-4.274651967055352886e-01,-4.274651967055352886e-01,-4.274651967055352886e-01,-4.274651967055352886e-01,-4.274651967055352886e-01,-4.274651967055352886e-01,-4.274651967055352886e-01,-4.274651967055352886e-01,-4.274651967055352886e-01,-4.274651967055352886e-01,-4.108518554067460138e-01,-6.397993254642443395e-01,6.758052643075159738e-01,4.170473315410738180e-01,-9.335498935089960870e-01,1.825879309749751656e-01,4.192253003791379107e-01,-1.335156220184360087e+00,8.186569090625718248e-01,1.619833960398394446e+00,-1.123927852401994443e+00,-1.082716434122942273e+00,-1.409854216273644925e-03,2.802537890584292420e-03
6.174230784037575415e-01,-9.426003412505126189e-01,-5.596934773816859554e-01,-1.019893574651171253e+00,9.238558140438012378e-01,1.483907208051618909e+00,9.822558398461286311e-01,-7.908614436822274385e-01,-1.185694556172395553e-01,5.977336567893927199e-01,1.166491006795059127e+00,1.873338784791730660e+00,-1.191287552932837279e+00,-6.254076082658553970e-01,-6.254076082658553970e-01,-6.254076082658553970e-01,-6.254076082658553970e-01,-6.254076082658553970e-01,-6.254076082658553970e-01,-6.254076082658553970e-01,-6.254076082658553970e-01,-6.254076082658553970e-01,-6.254076082658553970e-01,-6.254076082658553970e-01,-6.254076082658553970e-01,-4.103150602449726070e-01,9.187456266155811235e-01,1.940726974461476073e-01,-5.703350691556514640e-01,-1.708466697823856073e+00,-2.935902675563335507e-01,1.308735685093634693e+00,8.695554880951688048e-01,-9.431542131310680435e-03,-8.488876985600569691e-01,-1.646844652242790863e+00,1.497032808741255994e-01,1.534563427290685622e+00,2.541552448197138565e-03
-4.917837807813068007e-01,-5.910190596269910834e-01,-1.225997481650436427e+00,1.283861586818781930e-01,9.431998323312319465e-01,1.165964279487537558e+00,-5.334055346396016084e-01,4.228709228253181851e-01,3.309471079485914458e-01,8.409823862196481592e-01,1.549344840180039429e-01,3.064386204174754380e-01,-1.191176363470719757e+00,-4.827881607300428812e-01,-4.827881607300428812e-01,-4.827881607300428812e-01,-4.827881607300428812e-01,-4.827881607300428812e-01,-4.827881607300428812e-01,-4.827881607300428812e-01,-4.827881607300428812e-01,-4.827881607300428812e-01,-4.827881607300428812e-01,-4.827881607300428812e-01,-4.827881607300428812e-01,-4.091319739085333418e-01,8.183140676960811710e-01,-2.211355275344912275e-01,-1.236549246542062441e+00,-6.912528804610119648e-01,8.305897281903350526e-01,3.862295087263609705e-01,-3.519456690049904690e-01,-2.566966556539526656e-01,3.606329123500368050e-01,-2.299697348195672286e-01,-7.074948574883030972e-01,6.295765356057861917e-01,2.955636136160285287e-04
1.960621799026442402e-01,-7.711092318102982235e-01,-1.066443525595226927e+00,-1.554326268143538137e+00,-5.674633042460328625e-01,3.153966803789619022e-01,-6.084989509669157526e-01,-2.071266557118056906e-01,1.517649298820014647e-01,-1.278189149884538522e-01,-4.807430879478507002e-01,-1.789139663035665406e-01,-1.191008866658205045e+00,-6.837199970377650926e-01,-6.837199970377650926e-01,-6.837199970377650926e-01,-6.837199970377650926e-01,-6.837199970377650926e-01,-6.837199970377650926e-01,-6.837199970377650926e-01,-6.837199970377650926e-01,-6.837199970377650926e-01,-6.837199970377650926e-01,-6.837199970377650926e-01,-6.837199970377650926e-01,-4.087494447879307380e-01,5.683799049400826142e-01,2.762164648851377913e-01,-1.389310151031418750e-01,-8.234184443833141298e-01,2.058608067280368603e-01,2.412795212464163563e-01,-4.995709096084420819e-01,-8.913130191366382127e-02,6.771721939978754268e-01,4.272421711862788019e-02,-9.810025730845475245e-01,-9.988718943423673391e-01,3.858349152748904304e-04
-2.709298882324113755e-01,-6.913151788700001577e-01,-1.206433678767443007e+00,-1.649458975899969593e+00,-4.675963535655980330e-01,7.139685124318250198e-01,1.120605216007439786e+00,-1.454778245285239358e+00,4.965452650982519756e-01,2.648842027628367513e-01,4.353160677479633867e-02,-8.837103198184771413e-01,-1.190701166232906782e+00,-1.548936462927509305e+00,-1.548936462927509305e+00,-1.548936462927509305e+00,-1.548936462927509305e+00,-1.548936462927509305e+00,-1.548936462927509305e+00,-1.548936462927509305e+00,-1.548936462927509305e+00,-1.548936462927509305e+00,-1.548936462927509305e+00,-1.548936462927509305e+00,-1.548936462927509305e+00,-4.088939413344885865e-01,4.684908046133535731e-01,5.153493445711753163e-01,2.239108460040882265e-01,-1.559558445147385175e+00,-7.856081286374246853e-01,1.380986784153530822e+00,1.151723064833176102e-01,-1.293253992439144184e+00,5.036757558532316548e-01,1.088800529212838208e+00,-1.306413949592894586e+00,-1.113200755813517739e+00,3.994022278917632764e-03
-2.051016019581839711e-01,-8.933278911650852638e-01,-5.593889185019149668e-01,-3.993539678379346425e-01,-5.461189760442690666e-01,1.040030196355433478e+00,-1.994702628087704210e-01,-8.656909840483157925e-01,-3.497212686204587695e-01,1.741216043756591558e-01,8.196152745400350215e-01,-1.926210016563267569e-01,-1.190470131229121264e+00,1.510471491840267577e-01,1.510471491840267577e-01,1.510471491840267577e-01,1.510471491840267577e-01,1.510471491840267577e-01,1.510471491840267577e-01,1.510471491840267577e-01,1.510471491840267577e-01,1.510471491840267577e-01,1.510471491840267577e-01,1.510471491840267577e-01,1.510471491840267577e-01,-4.084580536962197361e-01,7.749310681255607014e-02,-2.319526446263601993e-01,1.353561702413205170e-01,-1.193251219780024019e+00,-1.932574653881873883e-01,1.074847789649200580e+00,4.507697471091907659e-01,-6.373548155593768971e-01,-7.988324594485279873e-01,1.949807583026327285e-01,5.655281855745254438e-01,-1.002484353416041446e-01,7.059915142584473682e-03
-3.768834519812040429e-01,-1.154733162425396698e+00,-8.741741674631564596e-01,-4.236129207894108739e-01,1.186273477191494452e+00,8.388605893162270899e-01,-1.732138052134610806e-01,-5.977897687367584451e-02,-8.796771423687009539e-02,1.129495048781156585e+00,1.249147983897108016e+00,-1.038592852799961275e+00,-1.190186431719619131e+00,7.208262842753955235e-01,7.208262842753955235e-01,7.208262842753955235e-01,7.208262842753955235e-01,7.208262842753955235e-01,7.208262842753955235e-01,7.208262842753955235e-01,7.208262842753955235e-01,7.208262842753955235e-01,7.208262842753955235e-01,7.208262842753955235e-01,7.208262842753955235e-01,-4.064697846168470186e-01,7.316811862700965952e-01,-5.018810146410216388e-01,-1.185632459498254798e+00,-7.885173685400120869e-01,5.780601602032088282e-01,6.669021825468286480e-01,4.517188290759839853e-01,-1.283130323889137392e+00,-1.029695810105995202e+00,1.407285404019068764e+00,1.076140462332574987e+00,-3.863520975770082799e-01,4.131307266076512247e-03
-9.549782157062848276e-01,-1.195045385185040887e+00,1.743990705626556961e-02,-1.280812133072908032e-01,-1.365439796501821956e-01,1.172766898129616320e-01,-1.478836713330577424e-01,1.447322843350713040e+00,-2.389818692162811939e-02,-1.092174039276663455e+00,6.014744456335219258e-01,-9.607135252248387436e-02,-1.189882995660224596e+00,2.544907500717877857e-01,2.544907500717877857e-01,2.544907500717877857e-01,2.544907500717877857e-01,2.544907500717877857e-01,2.544907500717877857e-01,2.544907500717877857e-01,2.544907500717877857e-01,2.544907500717877857e-01,2.544907500717877857e-01,2.544907500717877857e-01,2.544907500717877857e-01,-4.042216765328491279e-01,-4.970301669736894579e-01,-9.126204566878888258e-01,6.095848960885339590e-02,3.407109655855945496e-01,3.353527243358087051e-02,-1.248426871655046844e+00,1.818079248369852130e-01,1.455671637263946439e+00,-4.186194576048665739e-01,-1.462477771871539545e-01,3.644384682956209320e-01,-4.353867410759443279e-01,9.654959720538864101e-04
-2.246563563870654368e-02,-8.225891326666625591e-01,1.537837685924426934e-01,5.499764171688988901e-01,2.528352595152868684e-02,-1.019652543642657561e+00,6.436914887100252392e-01,-1.630704716135260579e-01,-4.233386988472082058e-01,-2.274122220157290375e+00,-1.385529540726486986e-01,-4.249163642804677510e-01,-1.189269044114319440e+00,-3.097896719129640264e-01,-3.097896719129640264e-01,-3.097896719129640264e-01,-3.097896719129640264e-01,-3.097896719129640264e-01,-3.097896719129640264e-01,-3.097896719129640264e-01,-3.097896719129640264e-01,-3.097896719129640264e-01,-3.097896719129640264e-01,-3.097896719129640264e-01,-3.097896719129640264e-01,-4.039644800340698172e-01,-9.691660744669491900e-02,-1.303237816554073891e+00,2.146687776480776244e-01,8.934351869718580863e-01,-5.288414388957952683e-01,-8.722018265419881899e-01,4.578220767540768787e-01,1.355646339915027587e+00,-4.168286477695864849e-03,-5.234614937855595063e-01,-2.982365967569101106e-01,-1.229006017945468016e-01,3.363771960066622765e-03
-7.125510149609052268e-01,-1.055084055783633845e+00,-8.168893033024131611e-01,1.909143619057997177e-01,5.271166003816847301e-01,2.049952009815352028e-01,-3.840775804410898608e-01,-2.666633463752135502e-02,1.510339236945528185e+00,1.353872528345942738e+00,-1.420008892177850424e+00,-1.053202406460803431e+00,-1.188592196688980085e+00,-2.264412171091600978e-01,-2.264412171091600978e-01,-2.264412171091600978e-01,-2.264412171091600978e-01,-2.264412171091600978e-01,-2.264412171091600978e-01,-2.264412171091600978e-01,-2.264412171091600978e-01,-2.264412171091600978e-01,-2.264412171091600978e-01,-2.264412171091600978e-01,-2.264412171091600978e-01,-4.035876532405361927e-01,3.347905861358907997e-01,-9.389874164659433031e-01,-7.605693761008232023e-01,-9.809295932219967706e-02,8.923333685982819397e-01,4.437939285064795847e-01,-1.628524499196866593e+00,-1.432853120102438371e+00,2.019598819148925806e+00,1.474877594409269355e+00,-1.420392609647278537e+00,-1.015448732652018515e+00,1.076750701158848966e-02
-4.704709915993157687e-01,-1.078682037650845471e+00,-1.329439546413227202e-01,-4.558326495973849535e-01,-4.589641541067395192e-01,5.032248326288682461e-02,1.902278688862749367e-01,-6.551396212753893833e-01,1.235879433391180005e+00,2.122828859315985806e-01,-3.411841517683791153e-02,-9.192974306048963262e-01,-1.187935524734474724e+00,1.630387706772442602e+00,1.630387706772442602e+00,1.630387706772442602e+00,1.630387706772442602e+00,1.630387706772442602e+00,1.630387706772442602e+00,1.630387706772442602e+00,1.630387706772442602e+00,1.630387706772442602e+00,1.630387706772442602e+00,1.630387706772442602e+00,1.630387706772442602e+00,-4.019128583541931032e-01,-2.802886025046412155e-01,-6.571645336778023649e-01,3.300526805439226163e-01,-4.034888691198609822e-01,3.318363660657307201e-02,5.356748133779233312e-01,-7.301509675313961889e-01,-8.738864435533868491e-01,4.305853440997622905e-02,1.263889350002307621e+00,1.476310623931786914e+00,-7.991569082894953713e-01,2.152401297612318784e-02
-4.427111955783425978e-01,-1.151725736690766722e+00,1.553736795889443523e-01,1.225472574748277532e-01,3.410277572054831730e-01,-5.279402934154076021e-01,-1.992647712774628654e-01,2.901176158960401263e-01,1.503114311378866086e+00,1.129825546577021056e+00,1.723781155104270324e-02,3.546752794983190626e-01,-1.187196086275946305e+00,-1.703040371137091169e+00,-1.703040371137091169e+00,-1.703040371137091169e+00,-1.703040371137091169e+00,-1.703040371137091169e+00,-1.703040371137091169e+00,-1.703040371137091169e+00,-1.703040371137091169e+00,-1.703040371137091169e+00,-1.703040371137091169e+00,-1.703040371137091169e+00,-1.703040371137091169e+00,-3.971597533827320170e-01,-1.945754019223700781e-01,-1.205011980691056639e+00,-2.417965674956633892e-01,5.302679509060828078e-01,6.927817918698183641e-01,-1.325988968396958068e-01,-1.026197496678791454e+00,-5.076009255220204075e-01,7.615701893005301093e-01,3.034150196579335490e-01,-1.200285362810983747e+00,1.175643465147251238e-01,1.524854550025691452e-02
3.167217189442219638e-01,-9.072682044331746853e-01,-1.583094136474731739e+00,-1.585727119286503006e+00,3.466551658150904269e-01,5.382613530217403297e-02,-8.867581104612977105e-01,-2.260076267721934151e+00,-1.497412261705844294e+00,1.074483774604864328e+00,5.263193166849590432e-02,-4.438975299799575724e-01,-1.186261230434003000e+00,-1.834995071915758835e+00,-1.834995071915758835e+00,-1.834995071915758835e+00,-1.834995071915758835e+00,-1.834995071915758835e+00,-1.834995071915758835e+00,-1.834995071915758835e+00,-1.834995071915758835e+00,-1.834995071915758835e+00,-1.834995071915758835e+00,-1.834995071915758835e+00,-1.834995071915758835e+00,-3.891268889550344445e-01,1.226866077937569077e+00,9.853379891443944660e-02,-1.038580699306921762e+00,-1.306794871699433314e+00,3.020354723028947919e-01,1.885937428317150388e+00,6.453018157977677971e-01,-2.080131870911580361e+00,-3.689374108354507853e-01,1.016427208634725687e+00,-1.245762945140087119e+00,-1.317226675295031013e+00,-1.302545191853744094e-02
-5.949880717914124428e-01,-1.165163414667685471e+00,-1.217148649342951972e+00,-1.492607838286958533e+00,6.669764229291413882e-01,-1.981062683904864438e-02,-4.002843087766879138e-01,-7.825363046505177111e-01,1.003202812914276265e+00,9.614308087321971064e-01,-7.787723906488854819e-01,-9.474351998488840243e-01,-1.184732299943260347e+00,-2.213469352221376418e+00,-2.213469352221376418e+00,-2.213469352221376418e+00,-2.213469352221376418e+00,-2.213469352221376418e+00,-2.213469352221376418e+00,-2.213469352221376418e+00,-2.213469352221376418e+00,-2.213469352221376418e+00,-2.213469352221376418e+00,-2.213469352221376418e+00,-2.213469352221376418e+00,-3.880831538056717100e-01,6.787001744254589353e-01,-1.932611933400151250e-01,-1.001982752165594626e+00,-7.394598347432076446e-01,8.183083068796874748e-01,7.863506721637518737e-01,-1.075034292386737533e+00,-1.483077625624259488e+00,1.561122375984643540e+00,1.578908564785930890e+00,-2.436698900090919828e+00,-2.524374694006633835e+00,-2.275019603600065068e-02
-9.055068600265664402e-01,-4.889446985918959876e-01,-1.965680955694385501e+00,-9.236639889025950456e-01,8.148542039076113186e-01,3.727538791431286858e-01,2.160481726230134569e-01,-1.395461625457111277e+00,1.830551275843547154e+00,8.113541533019351659e-01,-1.262195151956750291e-02,-7.442559843037497291e-01,-1.182463183128836137e+00,-1.159045198217707240e+00,-1.159045198217707240e+00,-1.159045198217707240e+00,-1.159045198217707240e+00,-1.159045198217707240e+00,-1.159045198217707240e+00,-1.159045198217707240e+00,-1.159045198217707240e+00,-1.159045198217707240e+00,-1.159045198217707240e+00,-1.159045198217707240e+00,-1.159045198217707240e+00,-3.967627834158600209e-01,1.039941180384836406e+00,1.937955762364557966e-01,-1.193346819042921281e+00,-1.042212434289477851e+00,7.089589809051392022e-01,1.339197359932777331e+00,-1.091904963748440149e+00,-1.592878546503126103e+00,1.052673972479333475e+00,1.296203035663588077e+00,-1.160773213378636148e+00,-1.417436078466054017e+00,1.520067599974780914e-01
-4.435042719669916589e-01,-3.066603316600027829e-01,-1.472802495245244758e+00,1.005564992623162235e+00,-1.617953447795235922e-01,5.098102935000303759e-01,-4.261830016748587302e-01,-1.104995828433581240e+00,2.102418999114146647e+00,-9.391922921845062833e-01,-8.908170701466736063e-02,-4.203260194500317293e-01,-1.180760887945095483e+00,2.606622413953143536e-01,2.606622413953143536e-01,2.606622413953143536e-01,2.606622413953143536e-01,2.606622413953143536e-01,2.606622413953143536e-01,2.606622413953143536e-01,2.606622413953143536e-01,2.606622413953143536e-01,2.606622413953143536e-01,2.606622413953143536e-01,2.606622413953143536e-01,-4.014672530808274797e-01,6.472376088319156118e-01,-6.492858060358415173e-01,-5.142647741257453387e-01,-4.045487413656342346e-01,8.016804910534398587e-01,7.476764296819807809e-01,-1.531745161005564793e+00,-6.141879437433529765e-02,7.086229047765216782e-01,3.756656413142913098e-01,2.851944936420410803e-01,-1.112145165568138250e+00,9.735467813187280717e-01
1.783222944834905732e-01,-1.536066627135771467e-01,-4.406902321017214796e-01,-1.135574122001692249e-01,6.032879211198711733e-01,7.159697302792330520e-01,-4.915956702541806611e-01,-6.477329606921465865e-01,1.542024334137104713e+00,1.352298177769835075e+00,-1.914519309760757682e-01,-9.514568697250919138e-01,-1.179933459976375554e+00,-8.303167199101397777e-01,-8.303167199101397777e-01,-8.303167199101397777e-01,-8.303167199101397777e-01,-8.303167199101397777e-01,-8.303167199101397777e-01,-8.303167199101397777e-01,-8.303167199101397777e-01,-8.303167199101397777e-01,-8.303167199101397777e-01,-8.303167199101397777e-01,-8.303167199101397777e-01,-3.068496890707317903e-01,5.416262258558092180e-01,1.459867504874661770e-01,-7.139986250789641664e-01,-7.843129491929458075e-01,1.002895158616527560e+00,1.087806407646559004e+00,-1.236317317855925912e+00,-1.696324136858932130e+00,9.017673712813010223e-01,1.248654851226553175e+00,-8.100472855479121659e-01,-6.727069838436655624e-01,2.658365808155665810e+00
1.113344316485549212e+00,6.188453855574146401e-01,1.082573092679127269e+00,7.412036285693136550e-01,-2.632053524178116777e-01,1.410645888093979561e-01,6.954938318700543132e-01,-2.599230676433922915e-01,1.040889910241619365e+00,1.381544025641106899e+00,5.220683223588146182e-01,1.964430361268902081e-01,-1.179012578487174778e+00,-9.058824171545782900e-01,-9.058824171545782900e-01,-9.058824171545782900e-01,-9.058824171545782900e-01,-9.058824171545782900e-01,-9.058824171545782900e-01,-9.058824171545782900e-01,-9.058824171545782900e-01,-9.058824171545782900e-01,-9.058824171545782900e-01,-9.058824171545782900e-01,-9.058824171545782900e-01,1.740504236248219261e-01,-2.292261586559965481e-01,1.697179081879226781e-01,7.534381040809640107e-01,5.790474086497987560e-02,-2.707889182988118537e-01,5.892959676137955460e-01,-2.135440835305288665e-01,-1.028566912235674868e+00,3.417593037476424067e-01,9.597725890657797798e-01,-7.371779931531072805e-01,-2.016367470826004205e+00,3.832967358428390980e+00
2.784887880054102705e-01,1.227157622536700243e+00,4.733545768062596970e-01,2.189312622735291036e+00,-1.018055949870022570e+00,1.732253856912223444e+00,9.000198871306442916e-01,-3.589071979472751583e-01,-3.254304998184606723e-02,7.652784743091455288e-01,-1.100846254607524610e+00,-3.830838793365968775e-01,-1.162469147328534902e+00,7.714666757020507415e-01,7.714666757020507415e-01,7.714666757020507415e-01,7.714666757020507415e-01,7.714666757020507415e-01,7.714666757020507415e-01,7.714666757020507415e-01,7.714666757020507415e-01,7.714666757020507415e-01,7.714666757020507415e-01,7.714666757020507415e-01,7.714666757020507415e-01,1.264548673477104090e+00,-4.789128820067415360e-01,3.861025739454715389e-01,1.130996114299048783e+00,-6.796385755658815864e-01,-1.017206616707571509e+00,1.147147701727197822e+00,-5.057360284165908493e-02,-8.890470311251315039e-01,4.681171622744621508e-01,3.159130133186386913e-01,3.743116264868689425e-01,5.894701228737194709e-01,3.323815787691661416e+00
2.042586769448033746e-01,1.347103709368965285e+00,3.584783832134094128e-01,1.322083597648977316e+00,-1.227373939803203751e+00,1.578222849919453052e+00,5.331174983855648808e-01,-1.315314478267007869e+00,-5.049706883617002262e-01,4.337807970950778302e-01,-2.026168964026697772e+00,-2.162222702780192130e-01,-1.081670625950511333e+00,4.564584828980063902e-01,4.564584828980063902e-01,4.564584828980063902e-01,4.564584828980063902e-01,4.564584828980063902e-01,4.564584828980063902e-01,4.564584828980063902e-01,4.564584828980063902e-01,4.564584828980063902e-01,4.564584828980063902e-01,4.564584828980063902e-01,4.564584828980063902e-01,2.439744718758959596e+00,-5.082521152559789090e-01,9.090622644440872202e-01,1.136412563094916894e+00,-1.166074077898305417e+00,-9.965298572694858414e-01,1.675057479606172572e+00,-2.260992438681510841e-01,-1.055925745813996564e+00,9.200784182838641634e-01,-1.712745558578943617e-01,-1.392741839339442511e-01,1.012977109465926118e+00,1.779977559785268282e+00
4.677729371226733712e-01,1.566727964465318035e+00,3.379072587268598382e-01,7.807911222394968709e-01,-1.097620801367743981e+00,1.427533027168368385e+00,9.848021106168358685e-02,-1.731574840383544478e+00,-6.884530403043627456e-02,2.834732251170471451e-01,-2.213632793970582657e+00,3.886575028754252203e-02,-8.839951380476109843e-01,-3.909748835628106857e-03,-3.909748835628106857e-03,-3.909748835628106857e-03,-3.909748835628106857e-03,-3.909748835628106857e-03,-3.909748835628106857e-03,-3.909748835628106857e-03,-3.909748835628106857e-03,-3.909748835628106857e-03,-3.909748835628106857e-03,-3.909748835628106857e-03,-3.909748835628106857e-03,3.229288262268176002e+00,-3.326875675920983877e-01,1.342237461547872046e+00,9.169169412458083590e-01,-1.370060625013934441e+00,-5.366665888095358827e-01,1.869453120566319848e+00,-7.345312940883079733e-01,-1.045431570813278421e+00,1.364967234430230159e+00,-2.869880509416677938e-01,-6.852391049531957323e-01,6.366348984873881900e-01,-6.704066154776766595e-02
1.181475211903214362e+00,1.600473487428824004e+00,5.085193980176903189e-02,8.274001625223553757e-01,-8.411884773789817249e-01,1.195489807640645941e+00,-5.696727429243011454e-01,-1.556504521624358706e+00,-1.188485975446490206e-01,-1.775694369539772000e-01,-1.683077617879767951e+00,8.997550463334317294e-01,-6.079962330023434003e-01,1.826462980399881086e-01,1.826462980399881086e-01,1.826462980399881086e-01,1.826462980399881086e-01,1.826462980399881086e-01,1.826462980399881086e-01,1.826462980399881086e-01,1.826462980399881086e-01,1.826462980399881086e-01,1.826462980399881086e-01,1.826462980399881086e-01,1.826462980399881086e-01,3.491936046433078200e+00,2.551224056713071175e-01,1.275993056930200042e+00,4.510386019468080043e-01,-1.123936579836933847e+00,-8.425630602395704424e-03,1.535710971880287934e+00,-7.552374636456246071e-01,-2.580475024908618908e-01,1.004378200415985800e+00,-9.732699938038550380e-01,-4.123080869295664974e-01,5.338162387876801418e-01,-1.658755844979206140e+00
1.262597569496412886e+00,1.672316039886207362e+00,-9.062974599380718699e-02,5.141886162167133012e-01,-4.417318696110457688e-01,1.240908998713802225e+00,-9.638828567975040729e-01,-1.364632476284289631e+00,-2.835530043792194865e-02,-6.081417615096326168e-01,-1.503263693073073837e+00,1.926353712580107125e+00,-2.791773471670317974e-01,-1.064066778250000872e-01,-1.064066778250000872e-01,-1.064066778250000872e-01,-1.064066778250000872e-01,-1.064066778250000872e-01,-1.064066778250000872e-01,-1.064066778250000872e-01,-1.064066778250000872e-01,-1.064066778250000872e-01,-1.064066778250000872e-01,-1.064066778250000872e-01,-1.064066778250000872e-01,3.189724485254612496e+00,5.043404885721567421e-01,1.519555498257404436e+00,1.113630678865733595e-02,-1.200234032330466549e+00,4.393375695865981423e-01,1.310088902353778950e+00,-8.930248887493572596e-01,5.875661191033831887e-01,1.156981945032927728e+00,-1.858678999925248654e+00,-8.556154783345307768e-01,9.963283637603514986e-01,-2.053242174722358371e+00
1.306175654304090994e+00,1.614381781409777616e+00,-5.175261091485935383e-01,4.329485987659387747e-01,-9.908418818080391710e-02,9.016566528188184604e-01,-5.833718498343590797e-01,-1.063805998073455328e+00,-1.083111311600974402e-01,-5.535457107305452595e-01,-1.290778728818260834e+00,2.244520693710152059e+00,4.044742646771377209e-02,3.060294079298718217e-01,3.060294079298718217e-01,3.060294079298718217e-01,3.060294079298718217e-01,3.060294079298718217e-01,3.060294079298718217e-01,3.060294079298718217e-01,3.060294079298718217e-01,3.060294079298718217e-01,3.060294079298718217e-01,3.060294079298718217e-01,3.060294079298718217e-01,2.511524390038022858e+00,8.935290277790950420e-01,1.411908424643507853e+00,-2.717442252674054370e-01,-8.757728541467506567e-01,3.097659182712823034e-01,9.746265770572956066e-01,-6.226106721833110091e-01,8.355784963829760992e-01,1.025818214001359641e+00,-1.802386721902313305e+00,-6.265811568008421428e-01,4.660387242019166099e-01,-1.580580991901666010e+00
1.391746728153373303e+00,1.566688198749130567e+00,-7.828748357872252761e-01,5.883391895775001018e-02,1.672446261744823248e-01,1.042382211850193974e+00,-7.324449793114122809e-01,-7.554832411921579283e-01,-3.806922039107795142e-01,-1.152269383987055251e+00,-1.448715272897662887e+00,2.257838944973112660e+00,3.190688895601970776e-01,1.121315075462967270e+00,1.121315075462967270e+00,1.121315075462967270e+00,1.121315075462967270e+00,1.121315075462967270e+00,1.121315075462967270e+00,1.121315075462967270e+00,1.121315075462967270e+00,1.121315075462967270e+00,1.121315075462967270e+00,1.121315075462967270e+00,1.121315075462967270e+00,1.976135668368005138e+00,1.179266406681287904e+00,1.615253328204134142e+00,-5.925146206530497173e-01,-1.005802178605491592e+00,4.406139549168525682e-01,6.630182535980984060e-01,-5.623629373300956802e-01,1.421080073989388293e+00,1.044496164419945528e+00,-2.039227930817653966e+00,-2.871832934607970733e-01,9.505841440613761462e-01,-2.044864445067336778e+00
1.482338547752835023e+00,1.683961655605111796e+00,-6.761685635655723114e-01,2.416292072425821336e-01,7.480671030142015399e-01,8.326910043554736074e-01,-6.565382229104692602e-01,-4.513323702174880103e-01,-1.058389425032806308e+00,-1.557046460887177464e+00,-1.370122146766480142e+00,2.030372034290553795e+00,5.260444423939238945e-01,1.398397217487587163e+00,1.398397217487587163e+00,1.398397217487587163e+00,1.398397217487587163e+00,1.398397217487587163e+00,1.398397217487587163e+00,1.398397217487587163e+00,1.398397217487587163e+00,1.398397217487587163e+00,1.398397217487587163e+00,1.398397217487587163e+00,1.398397217487587163e+00,1.577321154285410421e+00,1.337199611315876613e+00,1.553439707673311077e+00,-9.432986624974913914e-01,-6.887906384068045451e-01,4.405466259547890506e-01,2.615717477043535411e-01,-7.306340319333400057e-02,1.762301960708862136e+00,6.499174691735641884e-01,-2.022493733814394901e+00,2.477504322931807154e-02,1.069316823095717739e+00,-2.711932718729508807e+00
1.380687529874464969e+00,1.739644736379300838e+00,-8.944950666009681139e-01,3.267220527699864485e-01,1.351707638801293410e+00,3.679544764355393016e-01,-7.524329571734094113e-01,-4.529001010974134656e-01,-1.309427765837857471e+00,-1.463896199572444656e+00,-1.466427941188866324e+00,2.309275003854016628e+00,7.157376927846381687e-01,6.727171692300250028e-01,6.727171692300250028e-01,6.727171692300250028e-01,6.727171692300250028e-01,6.727171692300250028e-01,6.727171692300250028e-01,6.727171692300250028e-01,6.727171692300250028e-01,6.727171692300250028e-01,6.727171692300250028e-01,6.727171692300250028e-01,6.727171692300250028e-01,7.674988487118103997e-01,1.612398090252090688e+00,1.415084963936342977e+00,-1.470423568825234506e+00,-3.132968611550758786e-01,6.818659119653746048e-01,9.817783696416899908e-02,1.599584061372309046e-02,1.815651122491044100e+00,8.548473298293868261e-01,-2.234566601999611546e+00,-7.337097866762029019e-01,1.024454294931951726e+00,-1.901072730932336974e+00
1.298631203277434976e+00,1.744342268806344132e+00,-7.110229641211183171e-01,1.615158081945482493e-01,1.809900383537942137e+00,-6.341716056789696854e-01,-8.010217249138674722e-01,1.806005296798176285e-01,-1.071045882776836544e+00,-2.782929633681876513e-01,-8.606681750132236797e-01,1.736293554382902338e+00,8.564700460487842948e-01,6.531808053909287093e-01,6.531808053909287093e-01,6.531808053909287093e-01,6.531808053909287093e-01,6.531808053909287093e-01,6.531808053909287093e-01,6.531808053909287093e-01,6.531808053909287093e-01,6.531808053909287093e-01,6.531808053909287093e-01,6.531808053909287093e-01,6.531808053909287093e-01,-2.561345005655899648e-02,1.604723918107152869e+00,1.206442184081192748e+00,-1.743008097509967769e+00,5.870872543766150198e-01,9.696175710741200549e-01,-4.541690185914307731e-01,6.895823301973012798e-02,1.038129488897921338e+00,2.899433167277573054e-01,-1.630147786969007084e+00,-1.461592017475175365e-01,1.564954012661885940e+00,-6.505030537991387529e-01
9.566202251769480025e-01,2.074375801389833018e+00,-7.527187322088146892e-01,-4.814041315632194284e-01,2.157153492667963413e+00,-7.969905502195884228e-01,-2.916376348048880796e-01,1.078019384600921615e+00,-1.003529860192345913e+00,-4.217645239499356880e-01,-9.170872417561487522e-01,7.650085051195798513e-01,9.116515905969673206e-01,5.406876267014059101e-01,5.406876267014059101e-01,5.406876267014059101e-01,5.406876267014059101e-01,5.406876267014059101e-01,5.406876267014059101e-01,5.406876267014059101e-01,5.406876267014059101e-01,5.406876267014059101e-01,5.406876267014059101e-01,5.406876267014059101e-01,5.406876267014059101e-01,-3.561440406704436401e-01,1.579813934678700127e+00,1.784675886758104957e+00,-1.859993919083076985e+00,7.859170890234534745e-01,7.991566465437686118e-01,-1.188710144170708638e+00,1.941422572442390582e-01,1.166567105929825265e+00,1.498074881439144801e-01,-9.592085083804643419e-01,8.131643281699771353e-02,1.419851414495837183e+00,-9.415596323412944724e-02
2.978973451506086723e-01,2.503153810385556177e+00,1.019359356335140937e-01,-8.301170838628758597e-01,2.612721730250024077e+00,-1.231327832894119290e+00,3.682133034779707520e-03,2.100867112402998504e+00,-3.330076794077896918e-01,-5.027244374179004049e-01,-3.965020118199254484e-01,-2.518177504249766163e-01,9.206477747067448592e-01,5.976060331232266876e-01,5.976060331232266876e-01,5.976060331232266876e-01,5.976060331232266876e-01,5.976060331232266876e-01,5.976060331232266876e-01,5.976060331232266876e-01,5.976060331232266876e-01,5.976060331232266876e-01,5.976060331232266876e-01,5.976060331232266876e-01,5.976060331232266876e-01,-4.100563613290059695e-01,8.915086706451285092e-01,2.206690185551647865e+00,-1.802782470276468985e+00,1.327079701361781217e+00,9.824697643849350515e-01,-2.105704776568714465e+00,6.776270594389331714e-02,1.293105904230250847e+00,-6.568049919478499699e-02,-2.201951115919494328e-01,4.743083632019800544e-01,9.953550713843005715e-01,-3.361161203104818650e-03
1.672554781694024842e-02,1.374267323652142547e+00,1.574645385493179006e+00,-4.876606280231664536e-01,2.606090604284135193e+00,-1.235790016362615096e-01,-7.592789662902603709e-01,1.447531000463569972e+00,-9.487877258586520715e-03,-9.179316143685946061e-01,6.498992899760274167e-01,-7.603687089092696638e-01,9.209280979985912108e-01,-6.677673348808711440e-01,-6.677673348808711440e-01,-6.677673348808711440e-01,-6.677673348808711440e-01,-6.677673348808711440e-01,-6.677673348808711440e-01,-6.677673348808711440e-01,-6.677673348808711440e-01,-6.677673348808711440e-01,-6.677673348808711440e-01,-6.677673348808711440e-01,-6.677673348808711440e-01,-4.117354175686828710e-01,-1.449502944148269024e-01,1.394990142251377963e+00,-1.501176748611193768e+00,4.005651243084444868e-01,1.568901067760195778e+00,-1.302001364878833112e+00,-3.641998288861005711e-02,1.044636464512588958e+00,-2.905346544307861878e-01,3.641212583909179124e-01,-3.241968607682771397e-01,1.844135265873817764e-01,-5.314123031014831352e-04
-7.568191814292706265e-01,6.894674849525402882e-01,2.470445553594394994e+00,-2.872646938811023176e-01,1.423183446562300336e+00,1.434407937998434024e+00,-1.042097810071384689e+00,7.112524600886377391e-01,1.257925681254426387e+00,-1.649627191193850262e+00,2.596398261773873450e-01,-7.346389041079224302e-01,9.209694309418818836e-01,-2.286564157090089922e-01,-2.286564157090089922e-01,-2.286564157090089922e-01,-2.286564157090089922e-01,-2.286564157090089922e-01,-2.286564157090089922e-01,-2.286564157090089922e-01,-2.286564157090089922e-01,-2.286564157090089922e-01,-2.286564157090089922e-01,-2.286564157090089922e-01,-2.286564157090089922e-01,-4.119797844130498321e-01,-1.423362228145608199e+00,1.173256514838137754e+00,-4.374397555038434526e-01,-9.371820828133051728e-01,1.621140096718444168e+00,-3.376425379517207781e-01,-1.093329980239701182e+00,1.211273774821747473e+00,4.171065849263274061e-01,-2.853691300562347655e-01,-2.160806044956127547e-01,7.733333101099759688e-01,-1.221229698592750650e-04
1.838770544101442139e+00,9.632032576497766563e-01,3.940905327530557223e-01,2.628713728730557087e+00,2.206288541298025319e+00,1.430049312993411537e+00,-2.257204938488646673e-01,1.038585417735095051e+00,6.210090161896469896e-01,-3.786884204076824967e-02,-6.573695901465926861e-01,-1.659977393548299318e+00,9.209708625343393518e-01,1.131609934272123641e-01,1.131609934272123641e-01,1.131609934272123641e-01,1.131609934272123641e-01,1.131609934272123641e-01,1.131609934272123641e-01,1.131609934272123641e-01,1.131609934272123641e-01,1.131609934272123641e-01,1.131609934272123641e-01,1.131609934272123641e-01,1.131609934272123641e-01,-4.119862026836582647e-01,1.301259404020667310e+00,-1.662239911503361200e-01,-1.479528335655932336e+00,1.484304018169019246e-01,1.232328923686363931e+00,-1.628630044937014743e-01,-7.218217377039534144e-01,-1.742043580425722271e-01,1.311774208787751250e-01,9.741180358748369184e-01,6.243642423229971428e-01,-4.964989757023637873e-01,-1.119108911726020397e-04
1.015424908485579758e+00,6.384384924184649535e-01,5.721154575344661319e-01,-2.605268370616254173e-02,9.484256424448843648e-01,3.264702772775121553e-02,-3.005257026136257670e-01,8.187803255015188020e-01,1.128569314289027181e+00,7.685062231730894755e-01,-8.158337778282793717e-01,-1.298614426345841011e+00,9.209716060781273361e-01,-1.875260496040117575e-01,-1.875260496040117575e-01,-1.875260496040117575e-01,-1.875260496040117575e-01,-1.875260496040117575e-01,-1.875260496040117575e-01,-1.875260496040117575e-01,-1.875260496040117575e-01,-1.875260496040117575e-01,-1.875260496040117575e-01,-1.875260496040117575e-01,-1.875260496040117575e-01,-4.119886424513454770e-01,4.167828926212959195e-01,5.671473115922738284e-01,-5.533840936174293512e-01,2.334757501723637163e-01,9.044931273753920031e-01,-3.696238885697343268e-01,-1.131614137643045082e+00,-7.018009754249827647e-01,9.284762874949644695e-01,1.579645459509225747e+00,-3.509119663540481993e-01,-1.805669918385325978e+00,-1.088584519104492544e-04
9.009297168537526712e-01,3.002226126598893652e-01,1.228628553898630127e+00,1.121523585865130235e+00,-1.557085181207454316e-01,-1.086311375428862247e+00,-6.219838109907221968e-01,1.567047889429923790e+00,1.202661647114025845e-01,1.051650605778370551e+00,7.346840424579081930e-01,-1.394471248852699796e+00,9.209719715940860585e-01,1.361461739190711784e+00,1.361461739190711784e+00,1.361461739190711784e+00,1.361461739190711784e+00,1.361461739190711784e+00,1.361461739190711784e+00,1.361461739190711784e+00,1.361461739190711784e+00,1.361461739190711784e+00,1.361461739190711784e+00,1.361461739190711784e+00,1.361461739190711784e+00,-4.119890244582576355e-01,-3.839881995649822577e-01,-6.757843213473904154e-01,3.613723558708409889e-01,1.697890902076613084e+00,3.757704903829496290e-01,-1.278127511465528388e+00,-3.701020806830181142e-02,-5.732010384076389187e-01,-9.379170791980566690e-01,1.304811725673446832e+00,1.710019627577383350e+00,4.875797981315130314e-01,-1.085351350474602245e-04
1.165478933591371113e+00,3.356798124688005758e-01,-3.065306978410829997e-01,4.789589075542994845e-01,5.071536980877551226e-01,-7.185300377261735205e-01,-2.340057460479627593e+00,3.957836885317669307e-01,9.418348042582588286e-01,1.330454999688419626e+00,6.285886303696346378e-01,-5.950491774347473894e-01,9.209723098917956818e-01,-4.627036537498108726e-01,-4.627036537498108726e-01,-4.627036537498108726e-01,-4.627036537498108726e-01,-4.627036537498108726e-01,-4.627036537498108726e-01,-4.627036537498108726e-01,-4.627036537498108726e-01,-4.627036537498108726e-01,-4.627036537498108726e-01,-4.627036537498108726e-01,-4.627036537498108726e-01,-4.119896599577964613e-01,8.879369064634853315e-01,-1.886965383474506208e-01,-1.114726280310365691e+00,8.264627284914499716e-01,2.002185059397120437e+00,-2.334856341182021677e-01,-1.237535518101004817e+00,-1.008356978460877684e+00,-5.369292540353240439e-02,6.263418467980275128e-01,-3.615824388805190248e-02,4.241610203487632402e-01,-1.066910582671437265e-04
7.350598674125113918e-01,-6.265822113179098096e-01,-3.269707417575927200e-01,6.372397986912161638e-01,2.730618425378297798e-02,-1.964905346824458166e+00,-1.262926483206201711e+00,6.275060254457203168e-01,-1.434248088000393551e-01,-1.170825905112428400e-01,1.528654503516667651e-01,3.513641565184507654e-01,9.209726119563022007e-01,-1.197150497500435451e+00,-1.197150497500435451e+00,-1.197150497500435451e+00,-1.197150497500435451e+00,-1.197150497500435451e+00,-1.197150497500435451e+00,-1.197150497500435451e+00,-1.197150497500435451e+00,-1.197150497500435451e+00,-1.197150497500435451e+00,-1.197150497500435451e+00,-1.197150497500435451e+00,-4.119898508551508298e-01,5.506979130023406110e-01,-1.467993746795433818e+00,-4.840522990533574488e-01,1.886919198535586872e+00,7.959617585510657678e-01,-1.266793071433974793e+00,-3.208770679167054496e-01,5.469664381890306792e-01,-1.049631380216993135e-02,-5.870512720085773184e-01,-7.743914776432160307e-01,1.261236905399133690e+00,-1.045246334518315609e-04
9.920548411138012668e-01,-5.467640287207102823e-01,-1.864464746837371234e-01,4.363016716922862859e-01,-8.478983670224005120e-01,-1.129566225341352537e+00,-1.137849565475660851e+00,5.729120886595651108e-01,6.814449329245025888e-01,-3.057366654768544079e-01,-6.425994266818826350e-01,7.508711061655366503e-01,9.209728446973650673e-01,1.644775972239405970e+00,1.644775972239405970e+00,1.644775972239405970e+00,1.644775972239405970e+00,1.644775972239405970e+00,1.644775972239405970e+00,1.644775972239405970e+00,1.644775972239405970e+00,1.644775972239405970e+00,1.644775972239405970e+00,1.644775972239405970e+00,1.644775972239405970e+00,-4.119893963382431079e-01,3.106412865755678321e-01,-1.040361036125757144e+00,2.154385383210744020e-01,1.177236772775314355e+00,5.845530932322885453e-01,-9.380044802834839324e-01,-1.093383823338661243e+00,8.268527654288471140e-01,4.819621154345346548e-01,-1.183433221383537681e+00,9.030264434314844157e-01,1.521504003828965779e+00,-1.058558339726371869e-04
1.095873606611684981e+00,-5.223728377375778109e-01,2.306268151562912982e-01,-3.231563372871096296e-01,-7.330049424664096813e-01,1.126332014187059055e-01,-1.202620472058870016e+00,1.746316284917929229e-01,-6.709069913431847665e-01,-2.529074499488120353e-01,1.602568176538510247e+00,-3.346345433631983113e-01,9.209731150537688871e-01,1.313367665223904357e+00,1.313367665223904357e+00,1.313367665223904357e+00,1.313367665223904357e+00,1.313367665223904357e+00,1.313367665223904357e+00,1.313367665223904357e+00,1.313367665223904357e+00,1.313367665223904357e+00,1.313367665223904357e+00,1.313367665223904357e+00,1.313367665223904357e+00,-4.119883066822581652e-01,1.388019965067995298e-01,-2.364984286741247665e-01,2.607972329173572357e-01,-1.355016079977532373e-01,2.947240950480256028e-01,-1.413900854996114620e-01,5.716275636630560042e-01,1.223741128200043632e-01,-1.919147117114246903e+00,-3.143428458475480691e-02,2.173550183464374896e+00,7.986009694397033787e-01,-1.092895366920243488e-04
1.098441800883754649e+00,-4.576444404944461364e-01,-4.093975267522819705e-01,1.402446293885948769e+00,1.711528012381225428e-01,-4.142880830428427585e-01,-7.360856544001728174e-01,4.450857128828989429e-01,-1.549286379242437617e+00,-1.034760359008801978e-01,9.539091056543462510e-02,-2.246727840162728029e-01,9.209734232902141438e-01,1.114956751172336835e+00,1.114956751172336835e+00,1.114956751172336835e+00,1.114956751172336835e+00,1.114956751172336835e+00,1.114956751172336835e+00,1.114956751172336835e+00,1.114956751172336835e+00,1.114956751172336835e+00,1.114956751172336835e+00,1.114956751172336835e+00,1.114956751172336835e+00,-4.119886390254621777e-01,8.150213310524588861e-01,-1.269767804517036192e+00,-4.670898468584189778e-01,9.240291101143948138e-01,1.166223187224341012e-01,-5.074196208078922687e-01,7.500355467956191236e-01,1.977792451917148864e-01,-6.869165030737257593e-01,4.436201327025426216e-02,6.888159861364738790e-01,1.578241395822068960e-01,3.751598743119343923e-04
-3.391987921205223966e-01,2.104250842479572503e-01,-5.451806610067375658e-01,2.076476059721227563e-01,-1.046751814649463874e+00,-2.013449414275462201e-01,-7.140275622839854508e-01,1.550357892213235722e+00,1.061799729463192010e+00,-2.938359952428245547e-01,4.117834283562361031e-01,-1.089439956936212456e-01,9.209738746387742259e-01,2.646046314302634150e-01,2.646046314302634150e-01,2.646046314302634150e-01,2.646046314302634150e-01,2.646046314302634150e-01,2.646046314302634150e-01,2.646046314302634150e-01,2.646046314302634150e-01,2.646046314302634150e-01,2.646046314302634150e-01,2.646046314302634150e-01,2.646046314302634150e-01,-4.119895789988705093e-01,-1.498205329784696449e-01,6.576431486507008060e-03,3.493554780631047962e-01,7.248701777024816328e-01,3.323917798399433909e-01,-1.248248383682975637e+00,-7.905031360793646211e-01,9.325090506638330501e-01,1.312341257215081380e-01,1.215539378144098598e-01,2.621743087510252090e-01,-7.135776161201199397e-01,4.912394507517265675e-03
2.744766120999996284e-01,-1.888928858174712955e-01,-1.072876884255054231e+00,-1.249120110841774739e-01,-4.520295378890017979e-01,-1.139837709886493827e-01,-2.206998768107774345e-01,1.249099964826490661e+00,-3.500709210071643041e-01,-5.315216426644379100e-01,-2.674197481317096975e-03,4.868260949913207347e-01,9.209741276729226378e-01,9.994704308582379459e-01,9.994704308582379459e-01,9.994704308582379459e-01,9.994704308582379459e-01,9.994704308582379459e-01,9.994704308582379459e-01,9.994704308582379459e-01,9.994704308582379459e-01,9.994704308582379459e-01,9.994704308582379459e-01,9.994704308582379459e-01,9.994704308582379459e-01,-4.117035578500960469e-01,6.447974325993662825e-01,-1.277484685086354710e-01,-1.144057243308756883e-01,4.501636092030651404e-01,-1.406552130167256498e-01,-1.060655953537556373e+00,1.403780178575930737e-01,1.209576148701902554e+00,-1.363145158891708730e-01,-2.141396701053056018e-01,5.253882946778929419e-01,-9.794429323085117600e-01,9.052459750992716478e-03
-3.583911156291628153e-01,-4.350848811246013637e-01,-9.468789186370856203e-01,-8.840742117184595683e-01,-8.379885709396437399e-01,1.049330440457000441e-01,-4.602882408132080716e-01,1.743107907985158855e-01,-3.137869304996084852e-01,-5.512078782482416894e-01,5.261851316237385889e-01,-3.437443813642511725e-01,9.209744228916433295e-01,7.786413418029847211e-01,7.786413418029847211e-01,7.786413418029847211e-01,7.786413418029847211e-01,7.786413418029847211e-01,7.786413418029847211e-01,7.786413418029847211e-01,7.786413418029847211e-01,7.786413418029847211e-01,7.786413418029847211e-01,7.786413418029847211e-01,7.786413418029847211e-01,-4.090225810915770754e-01,1.529436690925931874e-01,1.376799861755034771e-01,1.341248092839537331e-01,-3.175468374719452314e-01,-1.332673565370542657e-01,-2.196461112807033267e-01,2.230425828984116121e-01,3.308082675906418579e-01,-7.984978301273593093e-01,3.971146036864985351e-01,1.093975544886354623e+00,-5.695893919881388490e-01,1.047140774261830568e-02
-2.907296867667023665e+00,-1.225502859550412049e+00,-4.823485163254619401e-01,1.657494136030528198e+00,-1.719182188952536328e-01,-1.489589993381608801e+00,1.397009679921344949e+00,8.514600220349315407e-01,-4.262338574886474080e-02,1.638651881790034848e+00,2.166191180552040352e-01,-2.744218181911299292e-01,9.210221841166181811e-01,-3.552961978182389569e-01,-3.552961978182389569e-01,-3.552961978182389569e-01,-3.552961978182389569e-01,-3.552961978182389569e-01,-3.552961978182389569e-01,-3.552961978182389569e-01,-3.552961978182389569e-01,-3.552961978182389569e-01,-3.552961978182389569e-01,-3.552961978182389569e-01,-3.552961978182389569e-01,-4.062894063028985037e-01,-1.108454438964454614e+00,-2.384278170194439994e+00,3.432340275174922684e-01,1.945807211282350346e+00,-9.954474135635221765e-01,-7.887086429287483158e-01,6.253125547917069982e-01,-8.630335297520987936e-01,-9.343376135169109697e-02,9.901598049769381182e-01,-2.030212966130038599e-01,-7.985801299540495890e-01,7.785850303127563390e-03
-2.880379026781232366e+00,-1.137992794205070934e+00,2.933835094048194425e-01,2.453184637418079461e+00,-2.200100500559847849e-01,-1.673342573738931360e+00,1.251810895236074916e+00,1.073634671039788602e+00,1.607520328496842843e-01,1.243772811596061123e+00,2.629512620479948493e-01,-9.517241455733255195e-01,9.214677903061907482e-01,1.454964621841830230e-01,1.454964621841830230e-01,1.454964621841830230e-01,1.454964621841830230e-01,1.454964621841830230e-01,1.454964621841830230e-01,1.454964621841830230e-01,1.454964621841830230e-01,1.454964621841830230e-01,1.454964621841830230e-01,1.454964621841830230e-01,1.454964621841830230e-01,-4.027697027276914143e-01,-1.587001547947654023e+00,-2.793834293485610853e+00,6.049807222316914146e-01,2.421821187295020827e+00,-8.633718067700940635e-01,-1.119390496222177456e+00,4.587907818949429894e-01,-7.639324759532196696e-01,-3.379794508482160224e-03,1.495008868397128321e+00,4.726870763417897244e-04,-1.464180233023929301e+00,5.715944246211764231e-03
-1.597623851875253909e+00,-2.989406266652441246e-01,3.600410395360547078e+00,1.945522598407837256e+00,-1.524025264918569267e+00,-2.175841218065564409e+00,2.371206920257837858e-01,6.731986414460608970e-01,-5.673779843383395249e-01,-1.689297024378059175e+00,9.377250290904362018e-01,-1.736958216518582621e+00,9.219695326090645571e-01,2.407191820923323178e+00,2.407191820923323178e+00,2.407191820923323178e+00,2.407191820923323178e+00,2.407191820923323178e+00,2.407191820923323178e+00,2.407191820923323178e+00,2.407191820923323178e+00,2.407191820923323178e+00,2.407191820923323178e+00,2.407191820923323178e+00,2.407191820923323178e+00,-4.016239356914820813e-01,-3.427513039023659669e+00,-1.957571559719115006e+00,2.384203964686948396e+00,2.497323467591628265e+00,-9.431354063818996325e-01,-1.781563353129930860e+00,7.950657065036126347e-01,7.875995603154474223e-01,-1.372460528647027500e+00,9.647696417347583209e-01,2.390805457691868696e+00,-1.103989875112651120e+00,6.842493670849282214e-03
-1.418407896168472293e+00,-4.079785012075381467e-01,2.697256797218591018e+00,1.631530151137773055e-01,-1.668985657790098998e+00,-5.060023509552433740e-01,1.691752394623660560e+00,8.000290670979907093e-01,-1.251177740167103369e+00,-1.847419475195251515e+00,9.376038568777076421e-01,-1.362443624720582669e+00,9.229997625225118130e-01,1.639820459271583264e+00,1.639820459271583264e+00,1.639820459271583264e+00,1.639820459271583264e+00,1.639820459271583264e+00,1.639820459271583264e+00,1.639820459271583264e+00,1.639820459271583264e+00,1.639820459271583264e+00,1.639820459271583264e+00,1.639820459271583264e+00,1.639820459271583264e+00,-3.993277341249508172e-01,-2.835266219989983849e+00,-5.873901357290904901e-01,2.578949770750389447e+00,6.934854093146397558e-01,-2.145050795670590649e+00,-1.235271067615741458e+00,1.770870943261986907e+00,1.125068426045334524e+00,-1.801405691386765762e+00,4.179249514452754721e-01,2.266797297587761939e+00,-5.471694092669442400e-01,1.765911103008692450e-04
-1.631615967815114754e+00,-4.489504374195108505e-01,1.312052195850787584e+00,-4.314367631668319936e-01,-2.179493592535878488e+00,-9.761087579957993254e-01,1.017726771423278720e+00,7.851190055132032386e-01,-8.261890670164212525e-01,-1.946476653209016847e-02,7.769910274400370076e-01,-6.891359062897296495e-01,9.236918170426189345e-01,6.499129615409493521e-01,6.499129615409493521e-01,6.499129615409493521e-01,6.499129615409493521e-01,6.499129615409493521e-01,6.499129615409493521e-01,6.499129615409493521e-01,6.499129615409493521e-01,6.499129615409493521e-01,6.499129615409493521e-01,6.499129615409493521e-01,6.499129615409493521e-01,-3.975160743158248633e-01,-2.243647595536161887e+00,-4.434029462465697846e-01,2.271416314702401351e+00,8.412093492200825029e-01,-1.796196707845093332e+00,-9.531309722916692095e-01,1.190598728364457903e+00,1.061925367007828941e-01,-1.109679734347995161e+00,3.797918134879916252e-01,1.053635109480105081e+00,-1.553269235420144390e-01,-8.192907647251054110e-03
-1.189792468702222994e+00,-2.755671927868545978e-01,8.601136346757155549e-01,-7.397777080952735451e-01,-1.285261339022466087e+00,-1.160821011215705134e+00,2.755739246649996144e+00,1.229310576932371113e+00,2.576511223294822850e-01,2.369783188413516761e+00,2.276352872420163820e+00,7.505380801501214671e-01,9.251034466625778219e-01,-4.746541549775493141e-01,-4.746541549775493141e-01,-4.746541549775493141e-01,-4.746541549775493141e-01,-4.746541549775493141e-01,-4.746541549775493141e-01,-4.746541549775493141e-01,-4.746541549775493141e-01,-4.746541549775493141e-01,-4.746541549775493141e-01,-4.746541549775493141e-01,-4.746541549775493141e-01,-3.991600250790183213e-01,-1.481862369510200228e+00,-1.853303888898862883e-01,1.969687232759220974e+00,1.020792958587058985e+00,-2.258201549000814712e+00,-7.372383758368787898e-01,1.696307308424208182e+00,-7.534083499020972630e-01,-2.044617890318877862e+00,-4.084315990389685291e-01,1.530864915938280335e+00,1.993294307858042513e+00,-1.256495891266536970e-02
-9.140129681126958339e-01,-2.936805418840482407e-01,2.859174934603881946e-01,6.006051687092015673e-02,-6.252295463407980813e-01,-1.680624118091795516e-01,1.693677952181055657e+00,-1.147751905195689481e+00,-2.178624297791423192e+00,-1.269554500665194485e+00,1.986346315837130616e+00,-3.651006500893979601e-01,9.260964183711282161e-01,-2.971400061273283821e-01,-2.971400061273283821e-01,-2.971400061273283821e-01,-2.971400061273283821e-01,-2.971400061273283821e-01,-2.971400061273283821e-01,-2.971400061273283821e-01,-2.971400061273283821e-01,-2.971400061273283821e-01,-2.971400061273283821e-01,-2.971400061273283821e-01,-2.971400061273283821e-01,-4.022954972941989449e-01,-7.953130830548692520e-01,-3.328581990596882201e-01,1.010689532761013476e+00,-2.279502779977196636e-01,-1.975824428712578795e+00,4.200709155659354543e-01,2.749169110785754544e+00,1.765709889444848635e-01,-2.337660863820901103e+00,6.102284394736328180e-03,9.000803500357281717e-01,-1.142549264164639533e+00,-8.774368083663287507e-03
-4.587389036611029813e-01,-5.288893469471450670e-01,6.887291539699957887e-01,-1.334569883937142043e+00,-5.751297459217048491e-01,-1.050398840956187962e+00,6.460293758388812035e-01,1.350291258952345252e-01,-1.153554913688544376e-01,-7.682823606027345820e-01,1.586001950076234346e+00,-2.440835006361094239e-01,9.272349873209174698e-01,-8.850961755728111724e-01,-8.850961755728111724e-01,-8.850961755728111724e-01,-8.850961755728111724e-01,-8.850961755728111724e-01,-8.850961755728111724e-01,-8.850961755728111724e-01,-8.850961755728111724e-01,-8.850961755728111724e-01,-8.850961755728111724e-01,-8.850961755728111724e-01,-8.850961755728111724e-01,-4.065237264536972761e-01,-8.153354189996188106e-01,-4.718881981242609158e-02,8.229878783910997697e-01,3.828706304176212605e-01,-6.917348411879046255e-01,-7.142585737541982116e-01,8.971933843727722957e-01,5.090078566002349536e-01,-9.456132799450033266e-01,-4.452197883942577428e-01,-1.037695827883148986e-01,3.055488306935612020e-01,-3.816050309900212781e-03
-6.056398138569937251e-01,-1.193554684941637412e+00,2.673374706383132571e-01,-9.250665661528714168e-01,-3.916266497636695654e-01,-1.479458148224349623e+00,1.629882490489513280e+00,1.121326212407033118e+00,-5.339036030352479756e-01,1.523703119985296006e-01,1.164233383540512534e+00,1.043064884978512907e+00,9.277071562392964488e-01,-2.119528946348726017e-01,-2.119528946348726017e-01,-2.119528946348726017e-01,-2.119528946348726017e-01,-2.119528946348726017e-01,-2.119528946348726017e-01,-2.119528946348726017e-01,-2.119528946348726017e-01,-2.119528946348726017e-01,-2.119528946348726017e-01,-2.119528946348726017e-01,-2.119528946348726017e-01,-4.074186160695581482e-01,-5.677077047596518211e-01,-9.625789866494106617e-01,8.220645264851710321e-01,1.161905478234563693e+00,-1.376124625042595806e+00,-1.350299465133756316e+00,1.373911895924042170e+00,8.991587415167314745e-01,-1.081205878982365975e+00,-7.155003570480880093e-01,4.835516645968649940e-01,1.558614645850280866e-01,-2.066036674573831951e-03
-9.966833688920327949e-01,-8.776263084567885731e-01,2.803766930248749456e-01,-4.911400068840267030e-01,-4.142157834826595275e-01,-2.786009757357921779e-01,1.819606029200551589e+00,9.798431674395651214e-01,-6.459872782507156685e-01,1.301772368275924796e+00,9.877957096482820054e-01,-8.058768304897707679e-01,9.281434151724031745e-01,1.014903474837395736e+00,1.014903474837395736e+00,1.014903474837395736e+00,1.014903474837395736e+00,1.014903474837395736e+00,1.014903474837395736e+00,1.014903474837395736e+00,1.014903474837395736e+00,1.014903474837395736e+00,1.014903474837395736e+00,1.014903474837395736e+00,1.014903474837395736e+00,-4.087160302118322819e-01,-7.644476104707691455e-01,-5.660615014581655835e-01,8.953138265009961128e-01,3.630400272847928989e-01,-1.540833423969977467e+00,-4.743258155930873410e-01,1.450834127229256199e+00,-7.888410167536255013e-01,-1.251624574758237296e+00,9.948467146356616553e-01,1.419848549569815432e+00,3.700814059578100973e-02,1.621927020111198735e-03
-2.621263251370692382e-01,-2.469711197582250550e-01,-1.111306984069825310e-01,-1.100597808989546067e+00,-2.330300221367283542e-01,-9.903894711192197109e-01,1.879386430758580584e+00,1.258166016986758562e+00,-1.408670559786492360e+00,-4.338465410488714230e-02,1.011916548354740319e+00,8.828572778143816135e-01,9.284669426814979865e-01,3.909179986537868468e-01,3.909179986537868468e-01,3.909179986537868468e-01,3.909179986537868468e-01,3.909179986537868468e-01,3.909179986537868468e-01,3.909179986537868468e-01,3.909179986537868468e-01,3.909179986537868468e-01,3.909179986537868468e-01,3.909179986537868468e-01,3.909179986537868468e-01,-4.085765032217423820e-01,-1.263403825968720529e-01,8.471251421096917533e-02,6.490015947152721898e-01,7.819995069866748638e-01,-1.719160029572747383e+00,-1.298311061268794475e+00,1.968294507610643285e+00,1.037396083182128947e+00,-1.477300118024904574e+00,-1.092898823127158359e+00,1.003141644221992035e+00,7.033552306037088586e-01,9.595255154270660716e-04
-7.591434233189104930e-01,-3.353502008947392699e-01,2.086352514418756687e-01,-9.180478805548331067e-01,-7.047758172225204731e-01,-5.338645092405610582e-01,4.934081432981097803e-01,-6.619180259323533821e-01,-8.902865583250374470e-01,-9.658591743802984464e-01,2.939414845602528747e-01,6.564429012045979173e-01,9.286877007716909382e-01,-6.659677630022142747e-01,-6.659677630022142747e-01,-6.659677630022142747e-01,-6.659677630022142747e-01,-6.659677630022142747e-01,-6.659677630022142747e-01,-6.659677630022142747e-01,-6.659677630022142747e-01,-6.659677630022142747e-01,-6.659677630022142747e-01,-6.659677630022142747e-01,-6.659677630022142747e-01,-4.076939966988758490e-01,-7.007655455388134280e-01,4.856884587622000565e-02,7.056695154363317180e-01,-1.235114683523174245e-01,-8.630462017416160592e-01,6.426625478155019965e-03,8.590800990817968330e-01,6.429011261637422869e-01,-3.822913381997989357e-01,-7.320768033097552197e-01,-4.449996520413347922e-01,-3.211952760785904415e-01,-2.769857521161995639e-03
-3.475169227360014323e-01,-7.183338576001836451e-01,-1.532152298287788872e-01,-2.176061206119165592e-01,-7.162109049963621965e-01,-8.218297649469777921e-01,8.188973912803131083e-02,-9.926008200360333378e-01,-2.527909659652779695e+00,-3.888925522436230686e-01,2.507933438062093234e-01,-8.439904006956882032e-01,9.290344037518969422e-01,1.329814297266877832e+00,1.329814297266877832e+00,1.329814297266877832e+00,1.329814297266877832e+00,1.329814297266877832e+00,1.329814297266877832e+00,1.329814297266877832e+00,1.329814297266877832e+00,1.329814297266877832e+00,1.329814297266877832e+00,1.329814297266877832e+00,1.329814297266877832e+00,-4.079460090102065006e-01,-2.910308247706028251e-01,-7.414068349668723190e-01,4.739415201682781187e-01,2.185411198457689608e-01,-1.058583586055705794e+00,2.687216800476903145e-01,1.734881759988650796e+00,-5.806866032561290858e-01,-1.296829777983670828e+00,7.209238175673668980e-01,1.078210692679500093e+00,-1.396819590628871843e+00,-4.218350211171483129e-03
-2.811819471670892745e-01,-9.260568973708839247e-01,-5.562394311386771317e-01,-2.201656608501949108e+00,-8.410238790829429600e-01,-9.096557326188767778e-01,1.309884225176009886e+00,-3.865204492713172901e-01,-1.112001789988457112e+00,-4.307261737011189862e-01,1.879104376161360834e+00,6.780225051517575485e-01,9.294017464162501740e-01,-2.135995699807000214e+00,-2.135995699807000214e+00,-2.135995699807000214e+00,-2.135995699807000214e+00,-2.135995699807000214e+00,-2.135995699807000214e+00,-2.135995699807000214e+00,-2.135995699807000214e+00,-2.135995699807000214e+00,-2.135995699807000214e+00,-2.135995699807000214e+00,-2.135995699807000214e+00,-4.092679057360492090e-01,-5.185309656715000881e-02,1.243836913799882954e-01,7.643864421325058389e-01,-1.823530321698168533e-01,-1.514830643600048710e+00,-2.044902342465740874e-01,1.887041435357173391e+00,4.077787151796190557e-01,-1.522281768715829209e+00,-6.774119750139082630e-01,-6.131837872044276772e-01,-4.423683226414057423e-01,-1.071370466728533815e-04
4.875717123471186576e-01,-3.491188786554286771e-01,7.759372329704830040e-01,-9.492546750269710287e-01,1.334727460449818270e-01,-1.193429499544270689e+00,8.380885068061989518e-01,-2.655507046762474732e-01,6.495270609011091212e-01,-3.577661734673048821e-01,-6.306075214613399149e-01,4.938068889230843306e-01,9.297065900828054286e-01,-1.805574558885837677e-01,-1.805574558885837677e-01,-1.805574558885837677e-01,-1.805574558885837677e-01,-1.805574558885837677e-01,-1.805574558885837677e-01,-1.805574558885837677e-01,-1.805574558885837677e-01,-1.805574558885837677e-01,-1.805574558885837677e-01,-1.805574558885837677e-01,-1.805574558885837677e-01,-4.103761084574990003e-01,-2.079627227686970670e-01,-1.448706969649559695e-01,4.078649601234303201e-01,4.883314341542165926e-01,-3.100542533765828779e-01,-3.861201322471206621e-01,-3.354161740396677804e-01,3.363089202789560916e-01,8.230858194198017452e-01,-5.425979290430794633e-01,-5.720651641768811357e-01,6.374288724570207343e-01,-1.071370466728533815e-04
