1.082709429038746229e+01,-1.755661456668878273e+01,-4.625979347788696794e-01,1.503267922558456871e+00,-3.064131809626942093e+00,-8.556608923201560746e-01,-1.474843427453556233e+00,-1.100325628127908351e+00,-1.787878118417602913e+00,-3.719179845347918345e+00,5.176644728945821505e+00,-2.212440956160488525e+00,-1.757287430202218115e+00,4.862285826542160905e-01,-2.099985422948595470e+00,-1.270625175519299654e+00,-1.138461288516388281e+00,-5.236512854446637277e+00,-9.918026926252810904e-01,-5.909965202718819866e-01,-2.131673791926837147e+00,-7.363863243869845476e+00,-5.919549640268627400e+00,-6.674868004871958860e+00,-8.127167644584138984e+00,-5.548829479346303550e+00,4.653233803061251339e-01,-1.511404243534132608e+00,-7.402670921010898741e-01,4.056331001553701299e-01,-2.803284093455617132e+00,7.394283408995067086e-01,-3.851521963235454704e-01,-6.384093607256211556e-01,-6.756159911680021946e-01,-3.003382569508731947e+00,-7.470729416350222252e+00,-3.442972871473230612e+00,-4.207675192934692276e-01
1.179955145569589448e+01,-2.175658541258597367e+01,-3.003848285817468877e+00,-7.736546544743198028e-01,-1.353715751852021754e+01,-2.839266277570718255e+00,-2.656836467997320206e+00,-5.363673211981582867e+00,-1.651560460615729298e+01,-1.555827912588517314e+01,-8.173091280798097102e+00,-1.846677624532876649e+01,-1.285494638889482566e+01,9.201941594382052614e-01,-2.728517897361033562e+00,-1.215355142493074858e+00,1.583313394646619576e+00,-4.389953806415723747e+00,2.344472198561407428e+00,-6.673822306729227938e-01,-5.301865058506344264e-01,1.992891644014917363e+00,-4.548681603637516169e+00,-1.533938953843957620e+01,-4.543848356391007037e+00,1.722495941439478706e+00,6.178935249487687020e-01,-2.137241389623633303e+00,-1.857942998960896874e+00,-1.585586885289124240e-02,-3.057777340771404173e+00,5.954575213904089726e-01,2.305866394731731772e-01,9.219058945296152441e-01,3.175908866039289791e-02,-2.473797641864555974e+00,-6.086490528525215993e+00,-2.688003156327559928e+00,3.600441178945078535e-01
1.266748260926387282e+01,-2.301365036141084985e+01,-2.893308219765019285e+00,4.669894711851696023e+00,-1.184403942245838870e+01,3.833283504802658559e+00,-2.809607888799401820e+00,-2.160698639829177203e+00,2.197905169612231813e+00,-1.281654305262295068e+01,-2.550213434793333178e+01,-1.130013766894250260e+01,1.687704452676739519e+00,5.984081499986029229e-01,-1.878859102429970562e+00,-2.766554750636404769e+00,3.071649190608504165e-01,-2.129535942740110599e-01,1.308210396820599586e+00,1.501154234291276257e+00,4.701531781176193192e+00,6.446815143513369151e+00,2.009396337425996215e+00,-8.716635472212939106e-01,3.679083931960742682e+00,5.587691803362833554e+00,5.919480877594207602e-01,-2.258244713073627175e+00,-1.758545524361051715e+00,1.482681271628193964e-01,-2.084966091888086126e+00,5.085806099610249431e-01,1.386417635466269171e+00,2.333140387564108131e+00,1.479541980599345496e+00,3.359419144588319250e-01,-2.086175607009646438e+00,-1.261487066138940571e+00,8.819638623477541461e-01
1.299636775569310032e+01,-2.551430361744591480e+01,-8.536957787090278416e+00,-1.593248163526189143e-01,-1.396306470706823966e+01,-2.228454839295189449e-01,3.454720005852323639e-01,4.039390350370802629e+00,-3.621974319130555564e+00,-1.153948645103318071e+01,-9.916418375240684924e+00,-1.110860838140728113e+01,-1.679562782169157664e+00,2.604719849610450666e-01,-1.977664334108048649e+00,-1.797731293091352045e+00,-1.366225536269996210e+00,-7.159846261674864820e-01,-1.727125872069144696e+00,3.382849202192957705e+00,4.012271584172808048e+00,-1.517444264273238197e+00,4.383838221071597374e+00,1.055978229452610684e+01,-4.494112749367156212e-01,-2.311432187251510229e+00,3.403941655661085752e-01,-1.767592563891083213e+00,-1.001394666583652171e+00,3.469525968579755260e-01,-1.778966181611804753e+00,-1.571588815544174178e+00,1.212309922148493646e+00,2.421501978465292026e+00,2.619448735540521156e+00,2.048615528015296228e+00,3.481264513015813300e+00,4.207856239894111283e+00,1.081345145945712849e+00
1.318842657918596295e+01,-2.696897902962694715e+01,-6.488770805947723375e+00,1.937443639311703603e+00,-1.327600867479336166e+01,3.790317606643692772e-01,3.956090515586513146e+00,5.863844528516439780e+00,-8.369833589342444702e-01,-4.048866610479755046e+00,-4.382569758881117217e+00,-1.219896021881593384e+01,-2.935159921826281160e+00,1.223412714361460374e-01,-1.551290140243713367e+00,1.161933730722950031e+00,1.243329341219086448e+00,-3.876469546671757804e+00,-4.373619499646463460e+00,-1.618040300165211054e-01,-6.539126270993669277e-01,8.605288274745529487e-01,9.202233720764452229e-01,4.294933682497773297e+00,7.065262305242894669e+00,-1.728612844872796650e+00,1.924592191637415906e-01,-1.137382555675833462e+00,-6.628852253706736253e-01,1.161297414451402776e+00,-1.080621785185239991e+00,-3.823963231589181166e+00,7.287576027323192651e-01,2.305559927426126809e-01,-6.283726040809778368e-01,5.656567747454481765e-01,5.671518491378587434e+00,2.381043614039058731e+00,-1.898280255386878723e+00
1.324105029856539240e+01,-2.861688389793334153e+01,-6.213090325644378353e+00,2.327333866085553815e+00,-2.171600380041175526e+01,-8.970084483222445115e+00,2.186394055219015656e-02,2.731565096172068774e+00,-1.900916664181449667e+00,-9.699039706880290268e+00,-1.326551010245138329e+00,3.021916229078507321e+00,-5.136788471914750964e+00,1.595054272302354192e-01,-9.014698495967898850e-02,-4.404486356968071448e-01,3.647804401788959261e+00,-4.733506345973470530e-02,-5.645972457080575602e+00,-1.480053180353898989e+00,-3.108925288766593464e+00,-4.837516596664828694e-01,-3.429807970246200544e+00,1.471547092671475543e+00,2.869389157412915559e+00,-1.569962028779288365e+00,1.966790954235896893e-01,3.504440546732844330e-01,-1.439408946869701555e+00,-1.186881699824543279e+00,-2.730085909354780793e-01,-2.936515464487247762e+00,-3.504336402834716258e-01,-3.737867493638954985e-01,-3.650803420363784579e-01,2.086315820157169654e-01,2.239791427317688211e+00,-4.141205002170210148e-01,-2.128003427883692122e+00
1.350743743364643379e+01,-2.714927299954630513e+01,-7.369668077341337664e+00,9.233052442889622569e+00,-1.337067880171283107e+01,-1.091291315349678115e+01,9.959841548787151666e-01,-3.540060490167470375e-01,-1.804486678267210209e+00,-1.090848255097215613e+01,-1.439475573538166131e+00,-6.460181903990102725e+00,-6.075083979384857891e+00,2.896037535077100600e-01,2.472473769406763111e+00,-4.540231780048800125e+00,-6.034435791674924943e+00,3.217615601062930430e+00,-1.446829330313681439e-01,2.574651948479155655e-02,1.273908398072924664e+00,-1.531353852732257437e+00,1.316259568085947240e+00,5.687713394607103456e-01,-9.535258134491904514e+00,-2.806414710446790028e+00,3.168160100916118660e-01,6.220777896196535650e+00,2.411143313734806615e+00,-1.223954588715290698e-01,2.958458654200452287e+00,-1.716961932254342571e+00,-4.112037208686817102e+00,-3.079111932117789330e+00,-2.959285330549405124e+00,6.853955204899460363e-02,1.593271833537323490e+00,-1.103010747305691819e+00,6.578583427333496436e-01
1.382025780558081252e+01,-2.367193635911981531e+01,-1.529355388574197860e+01,-9.741537717264295182e+00,-1.528077259828589440e+01,-9.259450349285181403e+00,7.335697952177326620e-02,5.279381892317918101e+00,-4.963624369645964762e+00,-7.066520570708395788e+00,-1.890083313237175822e-01,-1.604860003990530259e+01,-1.074961789280833102e+01,4.877327212449387162e-01,1.440585484074763656e+01,8.738422810058223078e+00,-9.365751531303194710e-01,5.834673898429400651e+00,1.425909092960402802e+00,-8.812913101105539937e+00,-5.225808740564342969e+00,-6.148784740340901500e+00,2.943027066325713204e+00,2.227246821441477564e+00,-8.592869584311930709e-01,4.617815240836057100e+00,1.181299721199208674e+00,1.175360941154039907e+01,7.499181303092203876e-01,-5.242672867998027009e+00,3.544616996742530723e+00,7.865230875466457050e+00,-2.597550540533650754e+00,-2.327348255339812155e+00,-1.116744437145846813e+00,-1.391926301887890904e+00,1.878933231691268801e+00,-4.618985893081059224e+00,2.755583955618676306e+00
1.448290287613631122e+01,1.662436681948966211e+00,1.010717754277510849e+01,7.359902136628983627e+00,-1.701331004854029327e+00,-8.061094967575975545e+00,-1.662984204733236382e+01,-1.080562353014543220e+01,-1.410205615894901321e+01,-5.022428418320729726e+00,3.015018069344789442e+00,-8.178755820852488867e+00,3.160546502287257198e+00,2.419779188867842379e+00,1.970862233907041272e+01,2.045815700792739555e+00,-6.603958801754983732e+00,2.726589941578696497e+00,1.909480557521730759e+01,-2.113166320266147924e+00,-4.479374666140283345e+00,1.813885130038091376e+00,-6.267588855968531547e+00,3.014938329046722654e+00,-1.582563118995146567e+00,7.386466979075452244e+00,1.865347566115811206e+00,1.113352386742521993e+01,-1.631785446037238074e+00,-9.026722792408952145e+00,1.480823865983370569e+00,9.711921984299841881e+00,-3.136857874943014490e+00,-2.528953996315217889e+00,4.817055286416440651e-01,-2.444225275390580876e+00,-1.244600954144457761e-01,-2.842422050681217893e+00,3.897420501369000867e+00
1.865981618331649727e+01,1.574530831902101013e+01,-1.120192248415649949e+01,-2.294945532077426265e+01,-9.827592715128501411e+00,2.893016080114943733e+01,-4.152975661010522401e+00,-3.679367439962649033e+00,-1.335854109569782011e+00,-1.960169828264545799e+01,5.840868326769728114e+00,-1.921372627789559573e+01,4.023316065342572578e+00,2.965746599610668000e+00,3.573643658280206914e+00,-1.384079427554768849e+01,-1.832825242701457213e+01,-3.495909204260323477e+00,1.330649308018054811e+01,2.027351573881077229e+00,1.143111082846439253e+00,6.446105996925965975e+00,-5.919795826817900064e+00,-4.045866224500954011e+00,-5.455486608774278601e+00,1.432502523048718501e+00,2.047706742037578742e+00,6.566463349234121338e+00,-3.378398354531009229e+00,-7.679326190100690397e+00,1.369609084643562458e+00,9.046899376980352514e+00,-2.545041862848373082e+00,-1.871754702006585003e+00,1.854630903140678244e+00,-3.960737232536551744e+00,-3.714839390651672457e-01,-9.423818141468025544e-01,5.439166552773693653e+00
2.041439607535764722e+01,8.809723998509380039e+00,-1.757441100832026848e+01,-2.929660271740015887e+01,-8.693149413374676726e+00,1.855189119278512067e+01,-1.257513889957020936e+01,-8.519401364452553693e+00,-1.209844165097081037e+00,-1.686202007195652897e+01,-5.076714379657118137e+00,-1.908972903840104607e+01,6.025551548384694200e+00,1.216614366420770921e+00,-5.079285795125212388e+00,-3.571414449346417719e+00,-3.430230459989456193e+00,2.445387372160371608e+00,-3.130803672856702136e+00,-5.263114123795324062e+00,-7.715676302993992319e-01,-4.003608706493793079e-01,-6.743563119638977810e-01,-1.920715064459163957e+00,1.954351888015279926e+00,5.495198141334423525e+00,1.621670879641964547e+00,-5.174096697845141923e-01,-7.170170755918684691e+00,-8.995545945302827917e+00,3.288921469195000280e-01,5.305614278194579647e+00,-2.775599339540950172e+00,-2.238210129348160993e-01,1.271501896539304788e+00,-4.218924262332011565e+00,-1.108397019589238308e+00,-1.047692910441454517e+00,3.133799933163416540e+00
2.109304491615803911e+01,5.586736728770585358e+00,-1.834475138284933493e+01,-2.980991624075317503e+01,-4.936817970807758194e+00,2.266855345543603306e+01,-1.467920390860117053e+01,-5.222502700561447497e+00,-2.136575850868540627e+00,-2.095041090657325356e+01,1.999438197851400201e+00,-1.530502250186503588e+01,1.501371234801141874e+01,4.801234162838579067e-01,-2.327524935178886256e+00,-2.298925389575813938e+00,-2.445497206247770450e+00,3.095445885478888215e+00,1.522944451734250748e+00,-6.334792860835790407e+00,-1.316879800033779802e+00,-3.067170820253014352e+00,-4.290336673030179071e+00,2.235231207757440330e+00,1.859078388663002457e+00,3.654398239192611086e+00,6.660863015816843591e-01,-2.989663534695695013e+00,-1.913975593628973515e+00,-2.390528207097929680e+00,4.646039112583627784e+00,-2.681624406826756402e-01,-4.350435181438612631e+00,-2.276116600672086210e-01,-1.686103219923428487e+00,-4.541686217091566169e-01,-2.474573365172771378e-01,1.928295526051822861e+00,4.268068035044250585e+00
2.137464290792536303e+01,4.154674128151607526e+00,-2.217226178747189635e+01,-3.418759712989569977e+01,-2.502257642416900740e+00,2.159778009625362216e+01,-2.524472462124179017e+01,-1.115316096452011330e+01,-7.344185805603109962e+00,-2.544269341801688711e+01,-6.062519641422373651e-01,-1.537157226107504115e+01,1.333434802676991637e+01,2.085396793915119673e-01,-1.231110574024582460e+00,-6.406183993810898869e-02,-1.323341454631481895e+00,7.621987466559252411e+00,1.698925345282887633e+00,-2.445577399383312311e+00,8.609783801482675525e-01,-2.281311769032684289e+00,1.684103094206095719e+00,1.844561192872509192e-01,1.936847732782776887e+00,3.347772826679897840e+00,2.643344896861968829e-01,-1.918663616497575219e+00,5.049673265098632985e-02,3.183350385910926894e-01,5.693616767495313091e+00,7.445351608656523013e-01,-1.810760834669860930e+00,2.110470211612565983e+00,-1.549131018778178825e+00,8.967260212836049016e-01,4.283754744271189852e-01,2.409565109430338303e+00,2.496640522789653538e+00
2.151012427494106305e+01,3.124515580721420438e+00,-1.847287506272555291e+01,-3.245659915001613882e+01,1.030715696231074752e+01,2.606640414600180833e+01,-1.957035870736779515e+01,-3.500545940264912392e+00,-6.699199388933909205e+00,-1.758220471816106212e+01,2.368350436425902039e+00,-1.143132703629948210e+01,2.170925800137121442e+01,7.644296823587914957e-02,-1.853578819052760895e+00,2.457198141172334260e+00,3.903005530041243176e+00,7.327602299979767864e+00,-5.110692222115638117e-01,3.030679473852794459e+00,6.162566138991060427e+00,3.349991578239093215e-01,5.690100179136144298e+00,-1.256520581333268494e+00,3.196410518521455302e+00,9.133166544415738386e-01,4.047373421996809661e-02,-2.202005501745614602e+00,7.565557014690960091e-01,1.564148810002672807e+00,5.122285028248879435e+00,-1.773456829044144145e+00,-1.741169277558904493e+00,6.065115930010559486e-01,-3.103615896719369438e+00,1.312682656733000552e+00,-9.014847135791470567e-01,2.531224615320041060e+00,-8.045629987057228982e-01
2.152752884439712133e+01,4.475164900460855133e-01,-1.725786550512722783e+01,-2.638158606981321341e+01,1.215294695754263543e+01,2.057564165183049454e+01,-1.918336567353620126e+01,1.171971313462007558e+00,-6.674187489955291319e+00,-1.406249305974459851e+01,-3.119293126808774463e+00,-8.978751224032130551e+00,1.516098133565306405e+01,-1.455768279595304193e-01,-3.347113770813073153e+00,7.268520230246817704e-01,3.282210714617542990e+00,1.519923954073060912e+00,-5.877032806787465979e+00,-3.422685531440347262e+00,-2.425982467141158061e+00,-5.645227551677693967e+00,-1.247446541941666709e+00,-1.809907612568484092e+00,2.793008546256597224e+00,-5.815838650664992393e+00,-9.111856226988948593e-02,-2.550246591450378908e+00,1.223635633621605434e+00,2.746775420138291679e+00,4.021062552794171907e+00,-3.111031803729606526e+00,-6.701090634713594563e-01,-6.745638247276197763e-01,-4.055843921705875488e+00,1.864987072662742662e-01,-2.587300000437619540e-01,3.695575866659479125e+00,-1.963312903069408311e+00
2.121897061902200221e+01,-3.569711960904726311e+00,-1.701917101667618937e+01,-2.589217772078105284e+01,1.334700487045686934e+01,1.431233853242687637e+01,-2.641572977024848967e+01,-8.352510874547228070e+00,-1.798965449228929714e+01,-2.007709780204439554e+01,-1.251464788711066145e+00,-5.845309943786287654e+00,1.007758070004122963e+01,-2.314509599308376409e-01,-2.848480774166650242e+00,2.384649313693376627e-01,1.322827662995715414e+00,1.965092104969132336e+00,-4.327993883718719736e+00,-2.994609366811019413e+00,-6.635984467239530282e+00,-7.651995186249751058e+00,-4.600130139999625278e+00,1.514649387508105738e+00,4.646024874998943233e+00,-2.913679586782599529e+00,-1.230283004564945715e-01,-2.390946676236455737e+00,3.827238149297819692e-01,2.264439965308205238e+00,2.265673231695332301e+00,-4.506109787381565646e+00,-1.591586328270457873e+00,-3.289549315159514542e+00,-4.084980304714714627e+00,-9.131029735753977139e-01,1.800544347663797229e-01,3.731362666105827230e+00,-3.343067703015353942e+00
2.106462692453544605e+01,-5.249445058287214749e+00,-1.678093564238855251e+01,-2.373593074382178258e+01,1.608313116748090010e+01,1.191965388439305507e+01,-2.517258440715824008e+01,-1.209999762101705301e+01,-2.197817786245479255e+01,-2.326275333974384907e+01,-8.999435179256298767e-02,3.132985259657568022e-01,9.333622162087864993e+00,-4.626844321628631462e-02,-1.206012532694740624e+00,1.107250486151034607e-01,1.717475367155113730e+00,3.161713072680703895e+00,-3.224244719807087822e+00,9.410243941697125081e-01,-2.479898587137864041e+00,-7.412256169842184050e-01,1.264754178002984730e+00,1.502719005730380530e+00,4.212385681508498791e+00,-1.084990813482093142e+00,-7.342775709051210797e-02,-1.139041780949425986e+00,6.453211381660782786e-01,2.307096092733364578e+00,2.034636662432740994e+00,-3.468932404371115386e+00,4.717362525436179510e-01,-3.037103312129235455e+00,-7.429277396439664116e-01,1.013269236090779568e+00,8.803112872355793872e-01,3.209934319623916732e+00,-2.757765386076608038e+00
2.112643373258942958e+01,-5.981737026294207560e+00,-1.679772091944598245e+01,-2.245722698647082538e+01,1.967043101581827713e+01,7.863849092812700725e+00,-2.453368098190906466e+01,-1.331230804882295615e+01,-1.947210572625773395e+01,-1.754758944603842608e+01,1.753973222749694916e+00,2.579461419230709929e+00,7.907599073077043350e+00,7.101578881270143029e-02,6.038825881404554785e-01,1.319475389738307136e+00,3.586174885260138723e+00,1.540643014772367536e+00,-2.732214767305523040e+00,3.703437801085208037e+00,2.831754804853741092e-01,6.165288645631943787e+00,6.500926141225082056e+00,-6.523067228434728526e-02,1.272618083306599424e+00,-3.438238471667874663e+00,-1.761868461862690222e-02,-6.393846622634701271e-01,1.184802732200850583e-01,1.917774741683785367e+00,2.279470455119890104e+00,-2.867892678139281948e+00,9.796241841710517928e-01,-3.148138511210809121e+00,1.361773039394476914e+00,1.093703516249789898e+00,-6.703753739537352541e-01,2.512177848069846231e+00,-2.632572900241961555e+00
2.120665850216084891e+01,-4.041679882006303792e+00,-1.414198486291193824e+01,-1.656358097330150514e+01,1.916441719702563518e+01,6.455224349782008986e+00,-1.776570880498782401e+01,-1.153364666004630479e+01,-9.647600571190904972e+00,-1.026090105729368496e+01,-2.204556963612575582e-01,2.858534692578955649e+00,2.457145218752115223e+00,-3.328616273663165259e-02,-6.943904170341625992e-01,-4.742620604340448409e-01,1.283874044424280214e+00,1.766641557732837597e+00,-2.579379591888355971e+00,-3.436828342846869333e-01,-5.532035431131845371e+00,1.063013892654439019e+00,-1.780958457991051347e+00,-3.146042104472544843e+00,1.431749897012817296e+00,-3.777322201288871639e+00,-1.532163335040550613e-02,-5.014898611668610062e-01,-6.027589782246565303e-02,1.189849058951409022e+00,2.250060738391225001e+00,-2.263355296984486120e+00,4.430999395228837900e-01,-3.232772531080832401e+00,1.597113573632028771e+00,6.351262885538624392e-01,-8.514685543708330195e-01,1.608835155297895669e+00,-2.085093923486690759e+00
2.105986140711616628e+01,-7.370517860362532758e+00,-1.774624504031407213e+01,-1.988947889762226495e+01,2.320371413128395233e+01,2.705089909035988782e+00,-2.522104665047843852e+01,-2.437637891108664689e+01,-1.734607794094885591e+01,-2.110950636202052877e+01,-4.538110986195395213e+00,5.442961213256344521e+00,3.529546704992997386e-01,-9.267679082040025662e-02,-1.510412032540526805e+00,-1.233034104077447957e+00,-1.253489260093756386e+00,3.201188052339276169e+00,-1.636483679211514053e+00,-2.423846535135655955e+00,-5.599089092621532870e+00,-2.704011657879091146e+00,-4.022631190844900395e+00,-4.904196614064627591e-01,2.033594856431731213e+00,1.141647635955842510e-01,-4.027269209422570245e-02,-8.428976357749956572e-01,-5.604064323851674079e-01,5.129226073296919847e-02,9.764918045159852733e-01,-1.801600527732820867e+00,-9.138862162511699472e-01,-3.654785143668707548e+00,-3.367937955209533984e-01,-9.887461033067296290e-01,-4.532547004910603694e-01,9.391710209840511414e-01,-1.403981412541653873e+00
2.102130492052004840e+01,-7.062503947087357403e+00,-1.660805307106683415e+01,-1.907055949348901791e+01,2.556679330170418751e+01,3.182256991358980880e+00,-2.261340187525913592e+01,-2.273182484528937053e+01,-1.505562388694908726e+01,-1.830616343898348575e+01,-1.201295019174183132e+00,6.925724405442418075e+00,2.685474745943283725e+00,-2.105717208873159052e-02,-6.576476561330633075e-01,-3.102369684901500335e-01,-5.288987625449799168e-01,-9.260060726125125541e-01,-1.106379887837938503e+00,-7.291094387754100126e-01,-8.053828817291570630e-01,-5.529925525172778578e-01,1.320408795146677861e+00,2.258115183948125271e+00,-1.006197727685553822e-01,2.102862881369451653e-01,-5.824814869601837447e-02,-7.533018982902275340e-01,-3.986866425709088557e-01,-6.851398071959678981e-01,9.123383400031948032e-01,-6.597590185509754068e-01,-6.400070328959970301e-01,-1.624716097641463630e+00,-8.935009515720917506e-01,1.577099330492899229e-02,1.968008957845868379e+00,4.573803048367104940e-01,5.179484406251269046e-01
2.101774706293870310e+01,-8.685813172628659373e+00,-1.836671897729437219e+01,-2.094727642271222479e+01,2.135170198605892722e+01,4.923301333601117213e-01,-2.667926552802925855e+01,-2.598714467454496102e+01,-1.845206304598341163e+01,-1.846868877172717305e+01,-2.188061829914433876e-02,5.241721667719233757e+00,7.735272467731900692e-01,-4.241499487527988776e-02,-4.401888511851037578e-02,3.914359818952508618e-01,-1.949108766236733459e-01,-4.573391660250329949e-01,5.402760767530450092e-01,1.188383672283368497e+00,1.939990289382452104e+00,7.467555552075006986e-01,3.401854276533883947e+00,4.281384464047071070e+00,-8.398342079556773143e-01,1.075563193898760650e+00,-3.698978939972761421e-02,5.811893543207583557e-01,5.681740666282266705e-01,4.358632150695257446e-01,-1.808226946297659454e+00,-4.205859831882984845e-01,2.668056947405175627e+00,2.654913858980521013e+00,2.876428116348497266e+00,3.540738179324826262e+00,1.959915442374110750e+00,-1.865150761827566894e+00,-7.308677081356915739e-01
2.093647493076948862e+01,-7.150541717324378155e+00,-1.582518110727633243e+01,-1.946038124673636460e+01,2.465211496965412152e+01,4.262809144865070898e+00,-2.023663453069239893e+01,-1.885184426652446632e+01,-1.356211277653408587e+01,-1.150245488591571785e+01,7.361473908919959008e+00,5.246055989531063446e+00,4.836601133740805025e+00,-5.020980397294749764e-02,2.132630484494214329e+00,1.534954144113092056e+00,1.716012238530630896e+00,-3.365891710119119473e+00,-2.152231085093302410e-01,6.805059971146665276e+00,6.472672384489234432e+00,7.370685065784771339e+00,5.830509514898444934e+00,5.009811899636156252e-01,-4.142340027822523751e+00,-2.575237155425554203e+00,-3.137069224422787961e-02,4.003448791112574900e-01,1.293658432476235132e-01,-5.316257375673956176e-01,-1.577343177351486547e+00,-1.842990008787193656e-01,1.359564069524908714e+00,2.128883266779309391e+00,1.704740302801626139e+00,1.157957786891559149e+00,1.600342631346954314e-01,-3.129987482310320868e+00,-1.625871327531633215e+00
2.091732745499280810e+01,-4.420552203640230715e+00,-1.529681068906818808e+01,-1.751525194565096299e+01,1.461991856582068827e+01,6.188391634145125331e-02,-1.306914558573592799e+01,-1.304179990556649216e+01,-3.710692914413869392e+00,-6.807669741930284069e+00,9.800817616280870226e-01,-3.042958387925812858e+00,-4.376947064077918448e+00,-1.090683374881606937e-02,-2.143415935045300813e-02,-8.354984458327390229e-01,-1.992159586560131146e+00,-1.803072922294123970e+00,-8.934120246951782196e-01,-1.192003484044429129e+00,1.458816853212052678e-01,-1.702473310958207975e-01,-3.422214566754208320e+00,-4.131789401192140332e+00,-4.913964483908863201e+00,-3.852622935015066918e+00,-4.735362005457446205e-02,3.018827803160853418e-01,5.432354261471630114e-02,-4.771026541619356465e-01,-5.713997288409465858e-01,5.761970162656133709e-01,7.423448323566781415e-01,1.644993095936313043e+00,1.024053605213580964e-01,-2.897317160849094964e-01,-4.912310771559851297e-01,-3.011126330091485670e+00,-7.090294949058023599e-01
2.091466126327185648e+01,-7.193410036025284171e+00,-1.749617799894181047e+01,-2.344470041985662689e+01,2.104596912506587358e+01,2.475985095474714459e+00,-2.262064149878125718e+01,-1.856008089588205578e+01,-1.390260743872572746e+01,-1.834688401942413449e+01,-9.021048934643216555e-01,-4.581872978286663844e+00,-2.868644736289328812e+00,-6.272082928908062627e-02,-1.367206454028774942e+00,-9.813960646599326765e-01,-1.912689080655404439e+00,2.838928849163814938e+00,2.102421661520952778e+00,-4.353196148232754581e+00,-2.433130487309053791e+00,-7.029547998933466602e+00,-4.843731521733614542e+00,3.368358177424914945e-01,-9.284935554517592671e-01,2.728974885668581596e+00,-5.257172074784435128e-02,-4.404648524384899844e-01,-7.750906469695223455e-01,1.256423711624613249e-01,-6.896365504415683523e-01,4.149055488387145552e-01,-1.146274428152550984e+00,1.158503647312190965e-01,-3.144435431897343314e+00,-1.803892825925152765e+00,1.241369851534358248e-01,-1.718799222399965743e+00,6.639302748465024662e-01
2.079188579641464685e+01,-7.154965111697780600e+00,-1.725960281838805344e+01,-2.134063010696177187e+01,2.029777626414831815e+01,4.266727239383357073e+00,-2.177553788220143716e+01,-1.790806088018459974e+01,-1.776978891228080215e+01,-1.649513278539751227e+01,1.653753397113070012e+00,-4.899945498829331392e+00,1.081002707259244522e+00,-8.916205347625449917e-02,-3.961247447313844816e-01,-6.115301392611005582e-01,3.262610054793986691e+00,-1.340482878391703991e+00,8.794650660314882185e-01,5.029154877794290712e-01,1.360309470161369383e+00,-4.176067249180803742e+00,1.334348262808133789e+00,4.273713955204484272e+00,1.081213205634828922e+00,4.147961179297032785e+00,-4.543473831172448879e-02,-8.624273090210146098e-01,-4.744693599310668697e-01,7.634673920000679681e-01,4.719760736109673838e-01,7.513475788364234464e-01,-1.529301994397663789e+00,5.323612451452899297e-01,-4.063349223124321341e+00,-1.121360917717038941e+00,2.760894200495245254e+00,3.816526569503806421e-01,2.505531332518360799e+00
2.073633715631934749e+01,-7.985659525488053134e+00,-1.871923827746401159e+01,-1.691948031026865351e+01,1.836500336828246560e+01,4.234915227537690896e+00,-2.161481052322239904e+01,-1.583946195555931702e+01,-2.225474193708733495e+01,-1.567818749380786691e+01,7.645323016944646888e+00,-2.419446567017006000e+00,5.427277622304735871e+00,-6.284989752103342653e-03,-5.907994461580692303e-01,1.009877344628158369e-01,2.190052533258581846e+00,-9.887472259405445385e-01,-6.637852474456382712e-01,2.784834183488804626e-01,3.083878865091594257e+00,-1.040791434286933992e+00,1.373155096036949629e+00,4.428542705893380393e+00,1.342018595010296300e+00,1.460872855978804452e+00,-1.657283973671397348e-02,-4.185799282743783434e-01,4.378597614679037298e-01,2.357347061351896755e+00,1.538237300840052113e-01,4.689837216417911958e-01,1.451757372234206755e+00,2.967246455382437365e+00,-8.304056871439655652e-01,1.336793359458263719e+00,4.516325329173213277e+00,1.153669277267261872e+00,1.307909412848887509e+00
2.077931581691044016e+01,-8.336564004013919060e+00,-1.705762734946242176e+01,-1.696052504044460818e+01,1.832028181226722907e+01,2.939156744492080531e+00,-2.121857104550367623e+01,-1.174030315000141123e+01,-1.985137178085467013e+01,-1.374882259332361301e+01,1.051083880889983035e+01,-2.215908308808738791e+00,4.002748419216853648e+00,5.087244901052123680e-02,-3.549253528755267340e-01,1.655685675699452020e+00,1.535731331956463386e+00,2.219415816571988387e+00,6.248868617958089899e-01,2.987236233631647586e+00,4.515867235748926234e+00,2.620448748464356825e+00,1.321057587819050916e+00,4.802828014781859167e+00,1.131950690028177275e+00,-1.608624075164215350e+00,4.489027401412215785e-04,-2.876688239550675985e-01,4.542764854187126278e-01,2.029706584856464158e+00,-5.493598881705018533e-01,3.587569262434255890e-01,1.977188025501150692e+00,3.051584515142457210e+00,7.607733621789101175e-01,2.626662728188947082e-01,3.523443271481188077e+00,-5.922282814801661521e-01,-7.717242128862300543e-01
2.083808205434038996e+01,-8.695510231239106602e+00,-1.540786692606510755e+01,-1.384801764635572674e+01,2.280383500142644237e+01,5.484688951129308876e+00,-1.564033805595910387e+01,-6.807727484061464551e+00,-1.701384444015862130e+01,-1.303607231816976508e+01,1.725097904650836611e+01,-1.555451869606515047e-01,2.210029471976305171e+00,-1.802897790280333368e-02,4.909006270816362871e-02,2.068606412342397505e-01,2.116348262904347521e+00,-1.494360402771704344e+00,1.248234132156297749e+00,3.170868528588171920e+00,2.287148804890084985e+00,1.632500465502031872e+00,-1.377018207899238789e+00,1.978651465418660216e+00,-3.388564643724800263e+00,-2.585871350612272135e+00,6.642173097959868863e-03,-4.087530091068000138e-01,1.221512041023480322e-01,1.060412380360177265e+00,-1.734442790645684296e+00,1.002577742847510223e-03,1.609950141329426376e+00,1.444906560856356048e+00,-6.077764136709035148e-01,-1.760971233088901799e+00,1.748561145577883780e+00,-2.617706979032852210e+00,-2.292686824820417080e+00
2.074325786110483349e+01,-8.238383878597591803e+00,-1.664390606699394226e+01,-1.272782851463591314e+01,1.533156100672382038e+01,5.435625008804676028e+00,-1.487683398832733239e+01,-7.166005540221241255e+00,-1.658637084985060639e+01,-1.650285900912209058e+01,1.446814173973715079e+01,-8.993037596258339761e+00,-1.168994282007690400e+00,-2.525252731421900876e-02,-6.915022012455551703e-01,-1.453737986060701814e+00,5.712548749180701435e-02,-5.808342591800347066e+00,-1.246497483516838978e+00,-5.477951446021682713e-01,-2.047175236053078606e+00,-4.956140015392630715e+00,-5.034976566591685909e+00,-1.420750883546480381e+00,-5.981935815747907448e+00,-2.830157311580690838e+00,-9.047273699310664705e-03,-5.359133631396048036e-01,-3.267444813933927383e-01,1.124531459656745058e+00,-3.086991198945810755e+00,-1.895666305181457345e-01,1.778325401090960822e+00,1.301497662775812358e-01,-2.516826330470251172e+00,-2.817163168525041339e+00,1.480926035963162635e+00,-2.919309152715280575e+00,-1.888700225438260771e+00
2.078757699971195194e+01,-1.007851463373021694e+01,-1.831534289818651118e+01,-1.373376667137211271e+01,1.118714981782574824e+01,2.991693984095630920e+00,-1.673592834516344041e+01,-1.090207795616762176e+01,-2.692612447094388273e+01,-2.310602545135313690e+01,1.440947727941540535e+01,-1.211941681845646634e+01,-3.450285151185076504e+00,8.037057311636175427e-03,-1.043122369934398108e+00,-2.968528516873707446e-01,6.664176424916119501e-01,-3.318946298692648789e+00,-1.098901966693242471e+00,1.548842546440314827e+00,-9.381867711695925927e-01,-5.446496283981344888e+00,-3.148401430117521826e+00,2.434039066262486450e+00,-9.187403301894470076e-01,-7.208005571930343747e-01,-5.991198880266779270e-03,-8.449455168792348037e-01,-5.696699618919407460e-01,5.656263838333576155e-01,-4.140433160182352523e+00,-8.268965612834170420e-01,8.813857440777894681e-01,-1.357970499406053744e+00,-5.151738288893672468e+00,-3.816927560230761962e+00,1.156447943695715797e+00,-2.631099156845086107e+00,-1.601505882484755672e+00
2.075933197572810585e+01,-1.032462861846638802e+01,-1.723761177036868375e+01,-1.139499322965268924e+01,8.693668409338522807e+00,3.237821075418191086e+00,-1.177914889544670274e+01,-9.042379082560426440e+00,-2.747936341781329617e+01,-2.279966186935713424e+01,1.933621987226212369e+01,-1.083051825663723378e+01,-2.610595396393759149e+00,6.256001457733972870e-03,-8.993004059853326737e-01,1.779895071745354329e-01,1.023731650845781438e+00,-2.883267159309208960e+00,-2.712929363450824471e-01,1.976838231576484972e+00,-8.786576268772599008e-01,-5.199957564850876679e+00,-2.933141618926457639e+00,3.094851209654526869e+00,-1.364419112700847592e-01,-8.132071160346818761e-01,-3.763324489548836114e-03,-5.541560101037728003e-01,4.792307713000031333e-01,1.018264661436097285e+00,-2.590120056660610626e+00,3.489398714189991813e-01,2.811483735879145573e+00,-1.212717896826767151e-02,-4.105529731551803785e+00,-1.785325778687402831e+00,3.880439953632794037e+00,2.202431913769267030e-02,-3.031569350761922910e-01
2.080008900262741989e+01,-1.187711544570088229e+01,-1.795936388383744031e+01,-1.168630336968054984e+01,5.420615499207330323e+00,2.449108111405466026e+00,-1.278225188201047047e+01,-1.265939320992214157e+01,-3.732603960064563609e+01,-2.897230868920605218e+01,2.059917969872445909e+01,-1.239230064099663586e+01,-5.076699383254440257e+00,-2.057336926437436375e-02,1.073825476676324442e-01,1.405935026350110029e+00,1.367378185675740099e+00,-1.714720263304273296e+00,2.106898113413281592e+00,4.491447677469306399e+00,1.347197637187553365e+00,-2.217349262472726679e+00,1.516577928622435678e-01,5.719635212992235651e+00,1.042022083668721066e+00,3.695117775198946131e-01,-6.469125392545364839e-02,2.040809429199310077e-01,9.795505014809787747e-01,8.153707994778010004e-01,-3.684199785820608586e+00,-4.867883674529679405e-01,3.281486567003498944e+00,5.979788660824443269e-01,-1.110542047900867191e+00,1.233395485975617545e+00,1.938502342771949882e+00,4.804436534044768115e-01,-8.202449570438034021e-01
2.071818523719935712e+01,-1.010986352313112313e+01,-1.442574171766846369e+01,-8.660236858301209040e+00,5.264227882729976216e+00,7.451617302244754271e+00,-2.796253540508089941e+00,-6.347983808185319710e+00,-3.191406194275874952e+01,-2.249634628363264710e+01,3.077549029824659499e+01,-8.746474089299791643e+00,-1.871571841353969923e+00,-1.576974516391800307e-01,1.355811489451344443e+00,1.567919233352855990e+00,3.310062550108510138e-01,-5.469872173590176523e+00,-1.999127038993978145e+00,3.981154347197609855e+00,1.700005973489593813e+00,3.532277076335072152e+00,5.940801437434380716e+00,-1.108412959220769878e+00,8.165400029469163101e-01,-1.422161165334773880e+00,-1.430160214671460095e-01,3.657991437485396125e-01,4.637599171502927442e-01,1.036325298064415534e-01,-4.710643423933949414e+00,-1.984419025946747350e+00,2.465350625170233734e+00,-1.738361804879530848e+00,-2.385426837320207660e+00,-4.033655052477527758e-01,-2.152555939374301452e+00,-1.880619142837412827e+00,-1.354497229814284776e+00
2.048469409934905983e+01,-9.165492466798193405e+00,-1.482352541713172833e+01,-1.102429085965884781e+01,-5.519128847973022722e+00,-1.549145966582490264e+00,-4.819943187615250757e+00,-9.259381262942953938e+00,-3.026148544797549178e+01,-1.709070581433729075e+01,1.838235378028291933e+01,-1.075922063510280324e+01,-7.921021713923988017e+00,-2.581179585839006307e-01,1.292095669780444211e-01,-1.030494850150806663e+00,-1.273799988665061278e+00,-7.326952209735511978e+00,-6.068382158783161451e+00,-3.186482881425261038e-01,-6.543105136131178057e+00,-5.512356368995327216e+00,-4.130472274698815838e+00,-1.054681858181760568e+01,-6.151839942235710623e+00,-3.044674269388219390e+00,-2.182336115531057774e-01,9.968566401059776316e-01,1.147678554448223753e+00,1.162639089025997219e+00,-4.605276843502854156e+00,-2.201341101968527170e+00,3.549091070694887939e+00,-5.798396740638362967e-01,-1.519835023783107975e+00,-5.012843195640115379e-01,-2.408618131547552110e+00,-5.435357753104380629e-01,7.750655846583034414e-01
2.020194932003155586e+01,-9.851444389175034289e+00,-1.648673141797007702e+01,-1.120783683563133160e+01,-9.389676536741047741e+00,-4.685147015321568631e+00,-3.433550116793142148e+00,-1.943419408044767493e+01,-4.293877468074940396e+01,-3.075729083303027878e+01,9.681853134611383638e+00,-2.105015397377121289e+01,-7.960920380130408702e+00,-2.588275979516350134e-01,1.071725327324577481e+00,1.816524577843106059e+00,3.212491461886672894e+00,-2.379843830299201546e+00,-4.700346365357586098e-01,5.050897473610874044e+00,1.219474094164043620e-01,-4.575686451295178259e+00,-5.128776098995000865e+00,3.602769212606933280e-01,9.005405298948438997e-01,4.882162261674642068e+00,-2.406905257726499880e-01,1.410998510016088447e+00,1.572826263081715581e+00,2.129511449381347621e+00,-4.540337044797622568e+00,-1.995181386410533664e+00,3.403574138141672645e+00,7.927301973229233800e-01,-1.805235904512655143e+00,-2.390671908193358064e+00,-2.025608175714988413e+00,7.590178492596946214e-01,2.996928890250955213e+00
1.996703890344578980e+01,-7.022041812149038442e+00,-1.119047626144551622e+01,-4.599307935885502019e+00,-1.027881650857142581e+01,-2.489215239654007483e+00,5.281851759606498220e+00,-9.015486444110145214e+00,-3.941285835056584830e+01,-2.734825801232729248e+01,1.910290762280430599e+01,-8.958139575313115444e+00,1.843302809425295896e+00,-2.141945568719059168e-01,2.862424044399888068e+00,4.054298218933542586e+00,4.991332881175093661e+00,-2.833968487108944778e+00,1.315446011024706374e+00,6.302134896691270249e+00,8.463956924730283049e+00,3.287109833361277822e+00,7.181805537129211103e-01,5.302659681899788424e+00,7.599114300437525671e+00,8.095915364178285500e+00,-1.938620709252880658e-01,1.871398593276128342e+00,2.156712415239031344e+00,2.696075970088689822e+00,-3.487674717101664434e+00,-4.266698526917176576e-02,4.310665206256143911e+00,2.971641367806340028e+00,-4.516228147195818221e-01,-1.373689322802698509e+00,4.761611099164270167e-01,1.087613458737318073e+00,4.387101621176579869e+00
1.977356020628774402e+01,-4.126596300375258153e+00,-8.378134980102991847e+00,-1.225171073281144940e+00,-1.505761351095893730e+01,-2.054254993272155883e+00,9.170719676589397906e+00,-2.506280230987107061e+00,-3.636455501402684831e+01,-2.932092972560443656e+01,2.028717249841096049e+01,-5.851925372896162436e+00,8.230910348226164075e+00,-1.187303009256321928e-01,2.175559133665798672e+00,1.548107350787700121e+00,1.032032022747505273e+00,-4.922358718900487595e+00,-2.943558321495240993e-01,2.574698093683850608e+00,3.075177547734305072e+00,1.803074497815583044e+00,1.335462515131794703e+00,-1.821203987419520054e+00,-1.981064033270310887e+00,2.037634109177665298e+00,-1.827755273883099052e-01,2.360977339862030622e+00,2.395856671914742719e+00,1.763526331932560920e+00,-5.190945529383296453e+00,-4.706708482511210434e-01,4.148929875916723020e+00,3.343040977237472955e+00,2.218553313246084624e+00,2.497054928586722955e+00,-4.837500895017015634e-01,2.275770627041808214e-01,3.759761825219253950e+00
1.972957830159452541e+01,-2.670923544817441098e+00,-8.094261559870115974e+00,-2.535243890390491472e+00,-2.012353394637240100e+01,-3.077926903953055682e+00,1.043124794697419944e+01,-2.865131348641535070e+00,-3.580670935493468221e+01,-2.467733298206370307e+01,1.546049964796526588e+01,-1.292026764185373722e+01,5.918571027780626714e+00,-1.833791111360536519e-01,1.952239738422289150e+00,1.161289785459464152e+00,-1.098533062717444331e+00,-7.682215976899051668e+00,-2.344945215577746822e+00,2.782840746258612441e+00,-1.643943255503755196e+00,1.357736200846140662e+00,4.856725510187986927e+00,-5.601432911944282722e+00,-6.039639627041918146e+00,2.846721442810160596e-01,-1.810862520150401112e-01,2.107995354875220606e+00,1.560524270289007642e+00,-1.065030875934152466e+00,-6.907611528138927426e+00,-1.963562799099051404e+00,2.285434173400907376e+00,-3.772863966926152668e-01,1.448201662065305539e+00,3.118415266162110733e+00,-2.950526079222385079e+00,-4.339904216600814379e+00,-8.196695634718972889e-02
1.940680198401563672e+01,-2.221168235306799355e-01,-6.055555409184063542e+00,-3.422237198716033824e+00,-3.042204546475704063e+01,-6.744145424427649971e+00,1.473640116910662279e+01,-5.794166741994617453e+00,-3.364908261233456699e+01,-1.960747870522846270e+01,9.084306674522395042e+00,-1.793120462697999784e+01,8.800254636788196194e+00,-2.422957735439403848e-01,2.118309384311108268e+00,1.772558432205086465e+00,-3.145342681224164494e+00,-8.505562112997305135e+00,-3.442078557809231221e+00,1.747466966689111167e+00,-3.196421911713965613e+00,1.138561556924610585e+00,4.032212895179489109e+00,-2.754394754664301281e+00,-5.848876694710765989e+00,-2.384887572186147775e+00,-2.192988389826972251e-01,2.009917166296767643e+00,1.677543602760448893e+00,-1.476404161206108512e+00,-5.092962395779920826e+00,-1.423799037431876302e+00,1.689386447434394922e+00,-4.753534660555420177e-01,2.238110442594665184e+00,4.226518454361299248e+00,-1.718256704740078078e+00,-4.349422090251308326e+00,-1.460305005522298583e+00
1.924498675450664464e+01,1.565695223804775216e+00,-4.549144695459943044e+00,-8.825929252838820460e+00,-3.713465817236701128e+01,-9.962084019571518567e+00,1.392618188035242177e+01,-9.257975172069466296e+00,-3.352958624108546104e+01,-1.661290719170472485e+01,9.951710138636663316e+00,-2.461802103127526919e+01,1.148795883408331386e+00,-2.437200995487192046e-01,2.013398485164076490e+00,2.146290005339115403e+00,-1.019805999685744702e+00,-7.974089560520987163e-01,5.064869009026717883e-01,5.668918889828189478e-01,2.053770546221882931e+00,3.668259127178215451e+00,3.693464178125514863e+00,2.682988527426237724e+00,-1.909477251230971007e+00,-2.742990871993689073e+00,-2.790154019789866657e-01,2.014413379473891208e+00,1.211235078896569339e+00,3.459655704066856852e-01,-1.829092848626844958e+00,-1.464581789944277457e+00,-1.391972031434794976e+00,3.271728582491175708e-01,4.548593726154135375e+00,2.645381551541593268e+00,2.840794038035497349e-01,-2.770888745502523953e+00,-4.282943926235144083e+00
1.891936178491819831e+01,3.804680146797472684e+00,-1.762975398505832958e+00,-5.461849198087523227e+00,-3.201686337686123807e+01,-5.731171622622306394e+00,1.587018494707226068e+01,-1.686625649550851591e+00,-2.631256435797813609e+01,-1.222055034897743298e+01,1.445028372937487049e+01,-2.175015912944193985e+01,3.314272892800818049e+00,-3.333826816291658446e-01,1.911024821791581285e+00,1.823842623667797369e-01,4.520159607083750863e+00,4.331534469456242320e+00,-4.726193675027978713e-01,-5.510842989767509081e+00,2.987468784225818297e+00,8.398793194871618795e+00,7.345088946117357409e-01,2.123099000460056729e+00,-1.236065434300588350e-01,-6.950976807404868119e+00,-3.361915536637837820e-01,1.048353103176700829e+00,6.559240888480302178e-01,1.807846829441465575e+00,5.967406536490983404e-01,-1.719740426761179775e+00,-3.031751795292989549e+00,4.610733118453360507e-02,4.305063817087336098e+00,-4.802583423533995921e-01,-1.314308391683596255e-01,-1.600080477449550731e+00,-7.981479370771164206e+00
1.857822139124831295e+01,5.387744867387938008e+00,-4.184376170726383570e+00,2.143899613286816275e-01,-2.847158923345452664e+01,-1.090732275457711431e+01,2.904495900817404497e+00,-3.283037603617830147e+00,-1.673199985134222345e+01,-1.514388940248125337e+01,1.419790813955677677e+01,-2.486523411813538686e+01,-1.275315773140140507e+01,-4.300674437961564678e-01,-3.480281381181151712e-01,-5.976719144024295050e-01,3.279343269747532652e+00,1.234933554467225747e-01,-4.569528284054221956e+00,-5.390849882331537835e+00,-3.432236610373458063e+00,2.895003818104317617e+00,-5.261364481314881658e+00,-4.073115125577165152e+00,-2.028920670677877069e+00,-1.373521915123178871e+01,-4.920619859700884891e-01,1.145372504682855563e+00,7.075544544845993045e-01,2.691891783766588553e+00,2.246906716692919304e+00,-1.541074972885894567e+00,-4.142815775673630796e+00,-2.512135555497614914e-01,5.541173629522323729e+00,-3.911325248211603878e+00,-2.897756734402221923e+00,9.251300411530536394e-01,-8.983700005333748351e+00
1.805922689732588537e+01,3.108623870561242342e+00,-2.958319227310691968e+00,1.096837341407542521e+00,-3.176987666596779292e+01,-1.487022819073075119e+01,5.088485182409185015e+00,-8.551098870297767718e+00,-2.052255672176950085e+01,-2.274327931160719629e+01,6.304053478220540185e+00,-2.580800047079769399e+01,-2.415616540966275849e+01,-6.817385613979762837e-01,1.126420508974614876e+00,1.885337831045933221e+00,5.698982174589529714e-01,1.223985644552692875e+00,-1.095303922684827569e+00,-2.150771508250800768e+00,-1.899384367913492744e+00,4.006638969882030388e+00,-7.882139774483304606e+00,-7.330933273677029405e+00,3.450891981651631468e+00,-8.640663630313605736e+00,-6.908663017136064122e-01,1.206027575580190803e+00,1.261142340003166495e+00,3.125358352239946846e+00,3.082634039816784188e+00,4.144847724242559789e-02,-5.572017767681709977e+00,-2.298005174230315806e+00,4.721563492875773704e+00,-5.183050022056113093e+00,-3.936065183867444972e+00,1.403855441257552794e+00,-9.223700708962061512e+00
1.721474426845236039e+01,7.640585885337167760e+00,-4.137005086345173499e-01,1.354186396246587654e+00,-2.602361794434914088e+01,-1.309793059994676945e+01,-1.397047115684196816e+00,-7.081806339444815634e+00,-8.718721911578162675e+00,-3.090816895144786258e+01,-4.639584077972812581e-01,-1.796345015483212393e+01,-3.003448499202861655e+01,-9.562290297888722534e-01,2.799886822581284740e+00,2.807858848887379466e+00,4.249103502122856924e+00,6.971098921818892791e+00,5.220801438502700620e+00,-7.463808782747337389e+00,-1.363084141245584746e+00,6.905585429144102783e+00,-3.755190686583748771e+00,-2.101581197252932576e+00,3.813113282995944431e+00,-5.003700806016565750e+00,-8.911463857612815787e-01,1.117227964089376524e+00,4.712292519348139308e+00,5.360901658235079914e+00,3.608289859144315326e+00,2.388160715545236457e+00,-4.660509105566075228e+00,-3.246381654618458068e+00,3.315088970362776166e+00,-2.283587577534209601e+00,-3.557979314067872600e+00,2.789691469351741837e+00,-3.429101047267021585e+00
1.614676883774814087e+01,8.708397515723811821e+00,2.657398470464066964e+00,9.595044345653256812e+00,-1.782767882233000734e+01,-4.428625313725350843e+00,-9.839132383085489764e+00,-1.127726715278893721e+01,-6.711385863481295289e+00,-3.025366068477469383e+01,2.100891083714675478e+00,-1.818177390480580513e+01,-3.416356702169588999e+01,-1.068012888110791536e+00,2.667059899581842863e-01,8.491464042880725316e+00,1.070780417706731846e+01,4.311189542398651042e+00,4.455304992296570177e+00,-5.768596864290718607e+00,-5.535027698009860053e+00,8.282907414528581924e-01,4.050766173939654990e+00,-5.132244128661849203e-01,1.616780050229749577e+00,2.569761415154335538e+00,-1.035105242352904131e+00,2.688223802343860380e-01,4.721227226874505689e+00,2.728168629098973064e+00,4.030108247082197614e+00,2.727257048034720022e+00,-5.177011780098240479e+00,-1.539875760471548283e+00,9.214927100050978037e-01,-5.088051540606379763e-01,-3.788624544151265816e+00,1.336259575823953494e+00,3.269121852296186237e+00
1.507871849223077731e+01,8.173997865253536332e+00,1.656922757712693439e+01,2.276979475038122303e+01,-1.740123885955183880e+01,-4.187320615353629982e+00,-1.293424084426563425e+01,-1.815186173546453574e+01,-7.062140428672446291e+00,-2.280663660356855260e+01,-1.490407233529650988e+00,-1.472989005437262477e+01,-2.489496216171994547e+01,-1.097527632037991197e+00,-2.261183866974411760e+00,4.749477196858521211e+00,-2.782584017909082608e+00,9.485769246872752802e-01,-6.303113145641860982e-01,-2.594422235352904060e+00,2.809085890716440659e-01,-5.015999024857786814e+00,4.577947144623255582e-01,-7.113367956692139948e+00,-1.280854368550935263e+00,1.189162472917986335e+01,-1.097897171880787948e+00,-3.603033862187365433e+00,5.222463768784285421e+00,3.068252562938859285e+00,3.235707901648343210e+00,2.165795248279624552e+00,-2.236772183208545872e+00,-9.461532567510337888e-01,-1.665902413799044357e+00,4.687386730882757924e+00,-1.893618739495378789e-01,-1.814010533328435371e-01,6.705299035798828022e+00
1.395171357367215847e+01,4.186029781774988301e+00,1.215635286418110894e+01,4.029876309835091597e+00,-1.593052497295545678e+01,-5.689247942853723039e+00,-1.502797685379129788e+01,-1.071544997464564908e+01,-1.674338391319686892e+01,-2.933807125585004272e+01,-1.212584482966960486e+01,-2.074348264190767566e+01,-1.038031756333616151e+01,-1.127966225572182957e+00,-8.143698711939391544e+00,2.189956780650728518e+00,-1.645880760765628281e+00,3.303791749378570231e+00,1.274338785684584696e+00,1.473877523945806622e+00,3.029190261596453659e+00,-2.485047263521575012e+00,7.438803296036077484e+00,3.596503706338410211e+00,-1.429855499286391662e+00,8.247673809752800622e+00,-9.935862840455602640e-01,-7.461458216985758618e+00,1.398921403672349184e+00,-4.813003737578299135e-01,1.815359837149827182e+00,9.127920892921992380e-01,2.437188293488655066e+00,2.683432837978478869e+00,-9.588493108539273280e-01,5.905586072418763877e+00,1.118152121031426249e+00,9.585940104997578981e-01,6.680078108341912291e+00
1.282278604108641140e+01,-8.113399558625246755e+00,2.094914113842839143e+01,1.947803322884996646e+01,-1.079365536079469834e+01,-1.638643043984460590e+00,-9.986485796374021007e+00,-1.209348121227162842e+01,-1.203223495571559631e+01,-7.929030011496396746e+00,5.702600179147169435e+00,-1.758960105294540810e+01,-8.399614542214346002e+00,-8.224549652898174301e-01,-1.232061231952028635e+01,-2.347152078003012399e+00,2.402273463897321992e+00,1.937926793498008671e+00,2.275122144952391956e+00,7.950454207101637749e+00,4.913078375076326054e+00,3.861399379483756000e+00,1.058676881856654717e+01,8.110496406101500355e+00,4.392267144443526838e+00,6.847336367985183969e-01,-7.806300719201786364e-01,-8.338369092610651734e+00,-3.822195882675955225e+00,-3.023176446764357372e+00,3.667154419527465681e+00,2.169483118898400953e+00,5.682653440644360288e+00,5.513962345690591071e+00,3.273399236684682023e-02,4.155027926984511844e+00,1.530801974206807525e+00,1.615553967435208405e+00,3.582205739666826538e+00
1.230680364309252361e+01,-2.045519485726558528e+01,7.462048708175084144e+00,8.834423237629735581e+00,-1.205467138595943943e+01,-1.139003652948939571e+00,8.729315604119782801e-01,-8.892932244929967478e-01,-9.020585154229356917e+00,-8.164533618716950159e+00,4.095147982533395847e+00,-1.195894835302062198e+01,-9.010850289739124719e+00,-4.123814715833544753e-01,-6.541917859827092840e+00,-1.057187044833911038e+01,-7.113197088093926368e+00,4.895130902691089858e+00,3.011807939085222152e+00,8.757528974114272557e+00,8.299176415091862324e+00,6.361825546968136180e-01,-2.344617887858073235e+00,-3.824746973872142242e+00,3.272606845652649810e+00,3.654737210150069693e-01,-4.025242591142507709e-01,-5.566743706974450312e+00,-4.677929325312295106e+00,-1.950602606061240252e+00,1.659387620297373633e+00,1.964459879232784534e+00,5.743204244771972000e+00,5.152934646167977917e+00,4.421322150964434705e+00,4.582292483314981624e+00,3.786661032361462453e+00,4.187481745496886454e+00,1.525241887246648886e+00
1.199802309791970245e+01,-2.119723527827943244e+01,-1.945997582498304179e-01,5.251639052662113727e+00,-1.003393555412518623e+00,4.384972834185983714e+00,7.528572151854524108e+00,4.504871617912096227e+00,-1.075986984632196908e+01,-1.261826578721254322e+01,-1.946893768597115271e+00,-1.104438736164010848e+01,-7.668667100184332064e+00,2.233505329586815691e-02,1.674711981997708321e+00,-4.061736011108170175e+00,-3.722181435003458994e+00,-2.370231941001197384e-01,1.130123583586958302e+00,2.028791917771155084e+00,3.819670032797686687e+00,6.873814720578925730e+00,2.041271333649943287e+00,3.268529661738226899e+00,4.440133796472363947e+00,2.945634220810600112e+00,-9.642965371743876524e-02,-8.383874571261390463e-01,-5.819413398559711403e+00,-3.843943748933573268e+00,-5.457292124575549019e-01,4.654460798773711327e-01,2.899365652490003775e+00,4.108020924875743773e+00,5.990358806262197966e+00,-9.902188875785224997e-01,1.524775626934175232e+00,3.950089212433285812e+00,7.412989523770635580e-01
1.235147374968425993e+01,-1.710577089327016864e+01,-6.614233140412560941e-01,1.390060367622818038e+00,-1.252871777415967891e+01,1.121243514224977034e+00,4.930515395954288671e+00,6.750046841102376405e+00,4.727044286928493655e+00,-4.081990951417063584e+00,1.063220730600984965e+01,-3.078680760075894085e+00,-3.119581848117924050e+00,1.601398106418239209e-01,3.608593226012891009e+00,-1.945795042506081707e+00,-6.355715667382759726e-01,-6.140942336784917188e+00,-2.413254531185273333e+00,-2.523510801774841106e+00,6.104088069865376553e-02,1.090280710066921799e+01,-1.151564997913204103e+00,6.002421210338467539e+00,4.382549287194382082e+00,1.495654952235181412e-02,3.641528365020455515e-01,2.783070671584644717e+00,-4.189519442409910255e+00,-4.611737429958051027e-01,-3.525738325547383423e-01,-1.406102818695730949e+00,-1.707661843553697878e+00,-1.375465582483615279e+00,2.415255924759775130e+00,-4.241212506172183261e+00,4.654446195884606396e+00,1.990356995341816260e-01,-6.945752412404004525e-03
1.231830271920335029e+01,-1.398004882625365042e+01,-4.086189843261993637e+00,3.980495919185561782e+00,-1.328527822898235300e+01,-4.415362281845632286e-01,2.481550548304842341e+00,4.626953379309403758e+00,1.104574435501646690e+01,-1.492139578303895142e+01,1.005794865207981914e+01,-2.279288787251343873e+00,-7.638754001139628436e+00,8.079771326383333729e-01,3.478668083957458634e+00,-5.439165073663564165e+00,2.887032860883084417e+00,2.426059781105732505e+00,-3.438753364733648787e+00,-5.036191125767979671e+00,-7.288854429356051767e+00,-6.287078459014096232e+00,-1.206852010012379850e+01,5.366375222804055767e+00,-6.133819191234100465e+00,-2.970476876602786476e+00,5.832900456340504025e-01,2.448622134483289692e+00,-3.894219890447659704e+00,1.010874259799145580e+00,-1.288357336839747180e+00,-2.686071545934557214e+00,-4.050603966927427635e+00,-5.573980494399984664e+00,-1.798112203524894426e+00,-6.056656287569360586e+00,4.810374134843018901e+00,-2.914071846763794049e+00,-1.348921738450356900e+00
1.396742801496092667e+01,-1.014843472535525137e+01,-1.153975346136838454e+01,7.164126089388986429e+00,-7.676598211948213901e+00,-5.756263215242320541e+00,-5.141866855581670670e+00,-7.827662017609727130e+00,-7.847112631099698810e+00,-2.821903115166466236e+01,2.136495775161796118e+01,-1.534631914254409502e+01,-9.060535601323497445e+00,8.940967371241352879e-01,7.736280682166034595e-01,-5.070172146781287026e+00,1.719240785794597492e+00,1.707019104132682763e+00,-2.582547651284294421e+00,-5.084903552659738146e+00,-1.035156490202059132e+01,-1.225454837997440549e+01,-7.955815670948298113e+00,3.340326515367053162e+00,-8.600819308486817860e+00,-1.902022457346850270e+00,5.679273539653287850e-01,1.393702365727578663e+00,-4.045319721140819169e+00,1.395997574536562924e+00,1.254015426448079840e+00,-1.057039155899953453e+00,-3.537818491725089221e+00,-5.958563485466436660e+00,-7.115914953249188102e+00,-5.077811352926262956e+00,2.368825982544760400e+00,-5.303054861176553558e+00,-2.072223014567965649e+00
1.410649619345162087e+01,-1.243279268982044350e+01,-1.422653413682456680e+01,7.418977490774756767e+00,-9.871240020716987473e+00,-5.606631530753151793e+00,-7.688256557014633508e+00,-1.607617642473177710e+01,-1.346335240493234409e+01,-3.083302712493554765e+01,1.673860168281392546e+01,-1.948092740422497826e+01,-1.144279891583332898e+01,1.647928837129208901e-01,-3.812262037468130416e-01,-2.139048155797841133e+00,-2.566593174389759646e-01,-1.445307670518736209e-01,2.087429300625912809e+00,-1.265903327214873642e+00,-2.431771833299746000e+00,-5.375434734121672165e+00,3.351899553282290611e+00,-1.114473524125681791e+00,-2.823408307463874500e+00,-1.259069431143702289e+00,2.743787124596884786e-01,3.588011399983550009e-01,-3.783870173292510852e+00,8.580122761163249123e-01,1.921250602315600187e+00,3.226827968184493134e+00,-2.748471045738893823e-02,-3.791634277979203382e+00,-8.155629222786069832e+00,1.320331913721235040e+00,2.693036092020334227e+00,-5.573950444306136731e+00,1.003420637674282911e+00
1.429701378238676845e+01,-1.091088713284887746e+01,-1.581784977296406680e+01,6.650807454511034500e+00,-7.965659746051961143e+00,-1.581404613990495145e+00,-7.673673510011417953e+00,-1.269120568420921913e+01,-1.859798209934304225e+01,-2.151523204510008114e+01,1.913601070336659760e+01,-2.099313575747184402e+01,-1.157867446361090202e+01,-2.905463978313749251e-01,3.139878836526905914e-01,-3.319979208551070649e+00,5.541195632157029927e-01,3.168372785182254958e+00,9.605902921432569741e+00,5.649143440123702398e+00,2.088365123722454975e+00,-5.446807309929930341e+00,9.580695678610240407e+00,3.949500476746623079e+00,-3.922352648546588938e+00,5.040108767104408471e+00,-2.606256305107777504e-01,-3.557142693836798375e-01,-3.708974006997516337e+00,-1.119524281673383692e+00,-1.505605882103370763e-01,4.275789057690250416e+00,3.565959453888964070e+00,-1.054311167320635345e+00,-2.515880636720855712e+00,6.386078212262116693e+00,2.055692646723060513e+00,-9.630799745976286186e-01,1.295620743403674613e+00
1.352540339778887102e+01,-1.180481692251506232e+01,-2.086649255392670810e+01,8.527216617206162752e+00,-3.534494450352478001e+00,1.360517431211198769e+01,3.610030323232771288e+00,-1.189944617728686715e+01,-2.435696702479220477e+01,-1.167163576771506506e+01,2.463760263630717162e+01,-2.732563270131815614e+01,-1.362581381624512700e+00,-6.710837610741782200e-01,-6.650534115387314316e-01,-5.473397257420414164e+00,-2.819211168352334873e+00,-1.816057096065096577e+00,3.799091882883427918e+00,7.356230241875432618e+00,-1.248188646863070517e+00,1.809136797284498499e+00,7.822948138067879142e+00,4.278954902560020201e+00,2.376884695243097312e+00,1.978066906100684363e+00,-5.858596130786402068e-01,1.750203806648649094e-02,-2.183746875030919909e+00,-7.550457905535313818e-01,2.981594441183512689e+00,3.524222986018938464e+00,3.096282357558959308e+00,-4.086077961815647308e-01,-5.850934130825173884e-01,7.409317325382881236e+00,4.528775391318160537e+00,3.441211228536444899e+00,1.160829942739640241e+00
1.295484626023841201e+01,-1.224099395592634032e+01,-2.676464428780489513e+01,1.012385117806364754e+00,-1.159777393818215430e+01,6.016779151776360912e+00,7.038786973739447284e+00,-1.518758297793536016e+01,-1.497970850477404525e+01,-5.869335768964322853e+00,2.769392050848663800e+01,-1.623936636698564939e+01,-7.622540651409533297e+00,-8.385607543281370369e-01,6.229391728289090935e-02,5.973106496839779567e-01,-1.032128455423364066e+00,5.193641865809075497e+00,-2.694891397826937762e+00,-1.586552667164020658e+00,-2.485790290744831488e+00,3.079505378581387731e+00,5.031123565813022225e+00,5.232960550268767719e+00,1.133693837226615209e+01,-3.127067363305649383e+00,-7.318041839295534867e-01,-2.707525405338095936e-02,-1.855780231538375208e-02,-1.331603694345545874e-01,2.799761322142845898e+00,-1.369560120375929169e-01,-1.313792072120600340e-01,-1.571573132169702847e+00,1.324377222759856865e-01,6.620746560164782579e+00,2.551544033433209790e+00,4.017673135418256436e+00,2.717435333473735559e-01
1.184828188913259694e+01,-1.168022908794928050e+01,-1.967187125455875218e+01,6.462959706359434620e+00,6.852789281265672550e+00,8.215391516458112164e+00,4.369249889047298052e-01,-1.687102675877653013e+01,-1.819795626762942931e+01,-1.609388636089021052e+00,3.510352373684470706e+01,-4.651755956785852852e+00,-7.616716108235811689e+00,-7.391463215856370894e-01,5.662183177638340226e-01,5.128347426789966690e+00,3.002374472477630452e+00,6.218639468517674018e+00,-2.794036214063941426e+00,-6.891401926323572624e+00,-1.437849038188771189e+00,-3.017795180885228135e+00,6.213356479437564417e+00,-5.165750941113795847e-01,1.998828957169467735e+00,2.648256089205740516e-01,-6.042605750797968023e-01,4.871658434202110755e-01,2.056780884943411714e+00,-9.911119319466940580e-02,3.718298118427028065e+00,-3.383951931437651606e+00,-4.312178171361476409e+00,-1.678743514803471726e+00,-2.390315725533874169e-01,6.432456153937937238e+00,-4.486432614005685937e-01,3.811141714434788774e+00,-3.910383438253026145e-01
1.147655361706713784e+01,-1.110855732039867227e+01,-1.650794943422496175e+01,7.017134062761625657e+00,8.395049988531941842e-01,4.287067236484781163e-01,-6.744016878907697965e+00,-1.806328105431290254e+01,-2.101529886654450152e+01,6.557377189910806869e+00,2.666077032026387883e+01,-1.224170845264671392e+01,-7.092889433568385193e+00,-3.025175225785368127e-01,8.725115323857197680e-01,1.980467849279566650e+00,-7.168367638021244659e-01,9.927836959996585442e-01,-4.367970323735221427e+00,-5.748191798077883163e+00,-9.921439771694622323e-01,-2.168186719522241290e+00,7.943338579313039105e+00,-6.096281156714498550e+00,-2.808498564763913574e+00,2.017058699282105572e+00,-4.885697640542712716e-01,5.470314983732045555e-02,2.304529164708996269e+00,-7.380730959773691702e-02,5.350947993108857936e+00,-2.482297747717317815e+00,-4.021047863456871596e+00,1.258022068114940772e+00,2.787447519442057819e-01,7.386880083969581179e+00,-3.286876793937643981e+00,6.928249065667980711e-01,7.133201199684737759e-01
1.124324684397552332e+01,-9.935206023177840962e+00,-1.571093555599961888e+01,5.029286178755185688e+00,8.838356673264989638e+00,-5.205491310123299131e-01,-1.105945860725103636e+01,-1.885531471311545459e+01,-2.253432970667391189e+01,1.427728852253705760e+01,2.291096142341570996e+01,-1.026875308631368000e+01,-3.582598709671600101e+00,-3.310193272607726556e-01,-8.657162093633932187e-01,-3.572584396572597853e-01,-2.828474364570910282e+00,6.662338666254639996e+00,-1.227722993361742398e+00,-2.871218332796638961e-01,5.078976197060853792e+00,4.798750420506863179e+00,8.282174440829869866e+00,-4.652476312375480205e+00,1.137482591629484396e+00,5.099453413595571583e-01,-3.887150452399982248e-01,3.929016492574746167e-01,2.207035790454159319e+00,-1.925618900378109899e+00,2.321506631703296186e+00,-6.696476337604829743e-01,-2.671386987355301557e+00,1.649475449597727295e+00,3.332519738867609327e+00,5.356117714008040487e+00,-6.724968951638238934e+00,-1.147864918769663900e+00,7.774398802594587599e-01
1.081451496254559252e+01,-1.283998973912545871e+01,-1.722246631353948132e+01,1.360185333619804648e+00,1.416418233136247373e+01,-2.026739263075006736e+00,-7.318260545467025757e+00,-7.905328660191194068e+00,-1.141779802553077516e+01,2.312172607157054571e+01,1.735581769551291842e+01,-9.966743269387745130e+00,-6.072998750849270877e+00,-5.037604268910724770e-01,5.426006954396633830e-01,3.715750846684460207e+00,-2.682973304857694696e+00,1.479813550131262367e+00,3.307712736014885024e+00,-7.867147536705392241e-01,2.576344502633353351e+00,8.100110856437833462e+00,1.305868485292125847e+00,-8.389903066193356906e+00,-6.299050279749884851e-01,-3.284316693132367515e-01,-5.160189239326978816e-01,6.070255264419902597e-01,3.499682973357837401e+00,-2.259060407340185428e+00,6.650454777801508843e-01,2.314224472885671346e+00,1.135994271207358519e+00,1.831362002469486328e+00,3.916008530026881651e+00,1.571195099124478745e+00,-5.201552836891345954e+00,1.628172792485947484e+00,-2.931000165898812182e-01
1.023572599019337837e+01,-8.850004632298514196e+00,-8.279433862630698471e+00,-3.366604309602038714e-01,1.179798377352751437e+01,6.094876341017440247e+00,-1.263288811459211480e+01,-1.370262570784874789e+01,-6.334107993798245850e+00,1.688902549312130930e+01,6.131155291028996146e+00,-1.152856314226365697e+01,-4.239462048298073604e+00,-7.071477691254361986e-01,2.111979677748537121e+00,7.248590449709622519e+00,-1.477690001350704829e+00,-5.739631746869894080e+00,5.359427807568478030e+00,3.520464888133329584e+00,-1.788743442203815537e+00,9.412154763414255498e-01,-5.007120935664735484e+00,-4.156454246756206672e+00,3.247901903572878890e+00,-1.078479548177641689e+00,-5.100350377612479225e-01,6.862310634595985004e-01,4.046848118317801557e+00,-1.620434169837499327e+00,-2.378613916502439363e+00,2.914418658128551609e+00,2.860518545236799604e+00,1.116751145262562472e+00,2.788035622033482763e+00,-1.235385051592143624e+00,-3.604901293634282577e+00,2.009143105528914397e+00,-1.145167737142119169e+00
9.400219424294720127e+00,-8.616030383628384470e+00,-2.725285414120235394e+00,-1.595194669081604788e+00,2.684918837622686016e+00,8.692116352061949769e+00,-2.773307692003664782e-01,-1.148281554459882514e+01,-9.535367072847924064e+00,1.310748420024107475e+01,9.042909202000505076e+00,-3.470939462241987350e+00,-8.229957847204554255e+00,-4.177532829493291189e-01,1.169871243350648626e-01,2.777074224255231538e+00,-6.292671190607004306e-01,-4.556532467952414400e+00,1.298620005522254761e+00,6.177778672695874107e+00,1.109905081624961376e+00,-1.600629539524839107e+00,-1.890770646440117275e+00,1.455876955485754465e+00,4.028811840010835255e+00,-1.995247899453240326e+00,-3.664097642400402921e-01,8.681892959664277987e-01,3.454851024734895137e+00,-7.169294243524220178e-01,-3.207159192338440157e+00,2.403495124131842520e+00,2.643741689792506566e+00,-4.935163605565339173e-01,5.636028263160249019e-02,-2.381002503553917737e+00,-1.371406307605331776e+00,2.104923129431318873e+00,-8.304413991617047852e-01
