-4.713103689164955812e-01,-1.061637952047599365e+00,1.405435002486401297e+00,2.709432697998486739e-01,2.135570543337739657e+00,8.703026415617149958e-01,-1.250163291015679468e+00,1.995582685496336772e+00,2.167891702665141640e+00,4.608816918535485474e-01,-6.832033548621608832e-01,-4.873980427752362399e-01,-1.463186777141474604e+00,-7.067217963580767481e-01,-7.067217963580767481e-01,-7.067217963580767481e-01,-7.067217963580767481e-01,-7.067217963580767481e-01,-7.067217963580767481e-01,-7.067217963580767481e-01,-7.067217963580767481e-01,-7.067217963580767481e-01,-7.067217963580767481e-01,-7.067217963580767481e-01,-7.067217963580767481e-01,-5.952169410485949053e-01,-5.896823462270017746e-01,-4.458792857006664279e-01,-1.691883597662323657e+00,-3.835672563033335619e-02,2.181681458753852887e+00,-7.806654037156540715e-01,-2.954478475532162918e+00,2.663945539957354725e-01,1.600213842486607474e+00,7.098728172038368811e-01,-6.677677015228586921e-01,-5.964533683336407099e-01,1.137260721350795032e-03
-9.387090106814015567e-01,-3.974941452481670634e-01,5.457160863047225696e-01,8.319993863793988531e-01,2.021947304310290683e+00,1.022004957659178981e+00,-1.083354617467288117e+00,7.895386645503600365e-01,5.007588704762442333e-01,-9.565481754238008838e-01,2.336781946820847278e-01,-1.728592480307092227e+00,-1.463186160618327181e+00,1.336338731613450070e+00,1.336338731613450070e+00,1.336338731613450070e+00,1.336338731613450070e+00,1.336338731613450070e+00,1.336338731613450070e+00,1.336338731613450070e+00,1.336338731613450070e+00,1.336338731613450070e+00,1.336338731613450070e+00,1.336338731613450070e+00,1.336338731613450070e+00,-5.950194133228026150e-01,-2.559331797583216939e-01,-4.349683038466704565e-01,-1.883831844242441989e+00,-2.056285066094763192e-01,1.634605841179507246e+00,-3.490825603653213705e-01,-1.120394100578638641e+00,5.292290140056158387e-01,-5.861355663170209063e-01,7.193087946310401382e-01,1.596569489747379444e+00,-4.043002675147859826e-01,3.334033881931812004e-03
-2.577410529234533398e-01,2.022999482113214120e-01,1.312005946239629850e+00,-3.172615551256880440e-01,4.846015734443900880e-01,-2.213679114530846814e-01,-1.422555700883965768e+00,2.811615682184502418e+00,1.104125544016789862e+00,-2.237192549560739874e+00,-2.299345824954561121e-02,-9.079127790254798436e-01,-1.463178837888667427e+00,-6.949978377356271775e-01,-6.949978377356271775e-01,-6.949978377356271775e-01,-6.949978377356271775e-01,-6.949978377356271775e-01,-6.949978377356271775e-01,-6.949978377356271775e-01,-6.949978377356271775e-01,-6.949978377356271775e-01,-6.949978377356271775e-01,-6.949978377356271775e-01,-6.949978377356271775e-01,-5.947980389766669429e-01,-9.968987716686309453e-01,2.362151899817618306e-01,-4.897521097173155868e-01,7.093936077427345221e-01,1.514663980093080342e+00,-2.879801940994182186e+00,-1.958695407435777192e+00,2.451977881387028546e+00,4.072404697402625673e-01,-3.799069160859554484e-01,-2.447604888292092273e-01,-4.810472052733933968e-01,1.141617247634163848e-02
-1.304745929864472298e-01,1.428959048106764052e-01,1.101126647616452292e+00,5.063962956613455857e-01,1.204947562840763098e+00,-3.224362117953744611e-01,-1.523420817354753654e+00,2.274016254859386743e-01,-1.241509353418940448e-01,-9.607700828672732785e-01,1.043917453532706707e-01,-2.787424762393823086e-01,-1.463156412746763557e+00,-7.466784552987244528e-01,-7.466784552987244528e-01,-7.466784552987244528e-01,-7.466784552987244528e-01,-7.466784552987244528e-01,-7.466784552987244528e-01,-7.466784552987244528e-01,-7.466784552987244528e-01,-7.466784552987244528e-01,-7.466784552987244528e-01,-7.466784552987244528e-01,-7.466784552987244528e-01,-5.937853125532315257e-01,-4.873563547482528957e-01,-3.358804267424320145e-01,-1.199839845603569932e+00,5.031654498697646360e-01,1.556252425881261559e+00,-6.678981021446163124e-01,-9.511927782908426998e-01,7.195989282642617502e-01,-5.467657788442095157e-01,-3.773242724840407125e-01,2.458707285043457494e-02,3.066949831657454772e-02,1.284104052732437141e-02
1.873235182152258316e-01,7.973368132840173983e-01,9.529754755365146268e-01,3.630923290423855865e-01,1.370001619918318481e+00,-1.365204557376305639e+00,-2.425309368345228034e+00,3.104992646997691286e-01,-9.586764924644736174e-01,-5.027511156725481545e-01,5.011027330117964196e-01,8.811591415056074794e-02,-1.463124648543392192e+00,-5.171188179099052151e-01,-5.171188179099052151e-01,-5.171188179099052151e-01,-5.171188179099052151e-01,-5.171188179099052151e-01,-5.171188179099052151e-01,-5.171188179099052151e-01,-5.171188179099052151e-01,-5.171188179099052151e-01,-5.171188179099052151e-01,-5.171188179099052151e-01,-5.171188179099052151e-01,-5.905647442190418150e-01,-1.140213079009012170e-01,-2.137115012219675259e-01,-1.805914534959100592e+00,1.224517478381278224e+00,2.118930476034028398e+00,-1.118510197243107740e+00,-7.596105614474927270e-01,5.115204018293627586e-01,-8.456894885294850006e-01,-7.846820300446673002e-01,-1.395650081089491457e-01,1.130128561854210067e+00,-1.461189994628688113e-03
1.719789640728176305e+00,7.618883652828754016e-01,1.357263761698741245e-01,-5.771695793955602394e-01,-8.304326651488247446e-02,-1.064548759738204620e+00,-2.018337985624748310e+00,2.147736034486340609e-02,-3.221896541751318122e+00,-1.233157194923776956e+00,-8.708600412559683313e-02,-1.519620625494910948e+00,-1.462990410417338349e+00,-1.135098026477528776e+00,-1.135098026477528776e+00,-1.135098026477528776e+00,-1.135098026477528776e+00,-1.135098026477528776e+00,-1.135098026477528776e+00,-1.135098026477528776e+00,-1.135098026477528776e+00,-1.135098026477528776e+00,-1.135098026477528776e+00,-1.135098026477528776e+00,-1.135098026477528776e+00,-5.890232647134416855e-01,9.319614603005148545e-01,4.399077837692039195e-01,-7.994845728530222129e-01,5.401360455900532376e-01,7.978238114569317085e-01,-1.012019139497453590e+00,1.245818593023187315e+00,5.059983250824795498e-01,-1.094600287356656709e+00,9.279744325775228786e-01,-1.214597443934899879e+00,-1.781244524483806879e+00,-9.880640363871359688e-03
8.996280879903992833e-01,7.042918412690722940e-01,-3.693631182467320417e-02,1.322235126503638891e-01,-1.164040617817645451e+00,-1.994717071942119002e+00,-2.433131208064152950e+00,-3.108555450530241238e-02,-1.740182678944158345e+00,-2.728165117942958628e-02,1.740790780704152940e+00,-5.861214950694693115e-01,-1.462603070070428890e+00,-2.034301372897832305e+00,-2.034301372897832305e+00,-2.034301372897832305e+00,-2.034301372897832305e+00,-2.034301372897832305e+00,-2.034301372897832305e+00,-2.034301372897832305e+00,-2.034301372897832305e+00,-2.034301372897832305e+00,-2.034301372897832305e+00,-2.034301372897832305e+00,-2.034301372897832305e+00,-5.911100990296932478e-01,1.555927782462113163e-01,-2.854761027464944312e-01,-1.969331097498253635e-01,1.504489037123216466e+00,1.090601973178054296e+00,-1.045190540455789074e+00,3.097306974005239466e-01,-1.513844329830880131e-01,-1.718140989916441486e+00,2.959779079910547228e-01,-1.070352953113479222e+00,6.214163537525561054e-01,-5.105134083640364487e-03
6.440779256042247214e-01,6.556137037435967596e-02,4.762969238025409335e-02,6.204579397420761921e-01,-4.529715530892545750e-01,-8.742142955485068256e-01,-1.715670931827554258e+00,-4.455784814997289928e-02,-8.028639293125767740e-01,-1.058964214415136551e+00,1.072618180048465986e+00,1.180672722573379074e+00,-1.462298640449872567e+00,-2.542416115883609162e+00,-2.542416115883609162e+00,-2.542416115883609162e+00,-2.542416115883609162e+00,-2.542416115883609162e+00,-2.542416115883609162e+00,-2.542416115883609162e+00,-2.542416115883609162e+00,-2.542416115883609162e+00,-2.542416115883609162e+00,-2.542416115883609162e+00,-2.542416115883609162e+00,-5.926929862539108695e-01,1.950677163116699142e-01,-5.949221038745889922e-01,-4.021725443532975230e-01,8.880887441322621312e-01,9.899458607450410952e-01,-8.035639814218823451e-01,-1.916128237016570535e-01,1.089857729806141817e+00,-8.964546147245579244e-02,-1.487273227306559864e+00,-2.320510524623037529e+00,3.847671205121571125e-01,-4.832085440129627149e-04
1.698415291777620517e+00,5.058630313809806545e-01,8.292106834228122336e-01,4.808189196344594407e-01,1.029238013112768968e+00,9.530189375886982672e-01,-1.516073953209472025e+00,-6.757314773625504589e-01,-1.381704256763756522e+00,-4.622720142559273715e-02,1.566775556918962309e-01,-6.496075610309933746e-01,-1.462141703069575582e+00,-6.337563166377701007e-01,-6.337563166377701007e-01,-6.337563166377701007e-01,-6.337563166377701007e-01,-6.337563166377701007e-01,-6.337563166377701007e-01,-6.337563166377701007e-01,-6.337563166377701007e-01,-6.337563166377701007e-01,-6.337563166377701007e-01,-6.337563166377701007e-01,-6.337563166377701007e-01,-5.930076819761164186e-01,7.938341307857305074e-01,2.028246607677496871e-01,-1.169559764091977261e+00,-6.576237105494990853e-01,1.204731387283015431e+00,9.643382441161527652e-01,1.333780396312392591e-01,-3.939652478630441546e-01,-6.607994919579526227e-01,4.549858886470644660e-03,-4.877484397386894210e-01,7.515433770851747131e-01,2.781040919200644668e-03
6.116265509979449400e-01,3.886323351447733554e-01,5.770902058355770192e-02,8.039458613008271942e-03,3.920863782711465628e-01,5.238090633123445583e-01,-2.583969893904281001e-01,3.235685258626012306e+00,9.849938702855303152e-01,6.368642803830099064e-02,3.194793698237295754e+00,3.964271930555475776e-01,-1.462012036682224680e+00,-1.240957428194047335e-01,-1.240957428194047335e-01,-1.240957428194047335e-01,-1.240957428194047335e-01,-1.240957428194047335e-01,-1.240957428194047335e-01,-1.240957428194047335e-01,-1.240957428194047335e-01,-1.240957428194047335e-01,-1.240957428194047335e-01,-1.240957428194047335e-01,-1.240957428194047335e-01,-5.928754227536656707e-01,4.804775174129658488e-01,3.254153604671240485e-01,-4.074825621477015103e-01,4.046001461690586498e-01,5.565728556032504271e-01,-1.975978849924174607e+00,5.299911890264322190e-02,1.262079323410757237e+00,-2.860080520885503574e+00,-5.102907456965345423e-01,2.142047845096256342e+00,3.160364904266022013e-01,1.052986715103816813e-02
9.996569317276602362e-01,-9.691883365615432122e-02,-6.349103743218788010e-01,-9.345524227587145294e-01,-2.554247872022079036e-01,1.365998504291822957e-01,-1.796160431099760868e-01,2.446290260005820727e+00,-2.103697576683516701e-01,-5.227901598521454973e-01,1.713571753223326333e+00,-5.982853628913580302e-01,-1.461889844191549326e+00,1.154260283652341901e+00,1.154260283652341901e+00,1.154260283652341901e+00,1.154260283652341901e+00,1.154260283652341901e+00,1.154260283652341901e+00,1.154260283652341901e+00,1.154260283652341901e+00,1.154260283652341901e+00,1.154260283652341901e+00,1.154260283652341901e+00,1.154260283652341901e+00,-5.919787908982483415e-01,1.017962280082514770e+00,5.756672448132946762e-01,-1.430402454581986560e-01,1.003098070006082920e-01,4.572473680659557005e-03,-1.831702619167457469e+00,6.227512996257313915e-01,1.131666830345788188e+00,-2.082085413337875224e+00,6.795109050306418208e-01,2.066215045327921995e+00,-1.254802150926838999e+00,3.095005373283346919e-02
1.421463433653520347e+00,-6.774343815456586038e-01,-1.379877902646373444e+00,-5.508808871857577838e-01,-5.078050049044018598e-03,6.938108658445675259e-01,-8.443452901204615557e-01,1.409044400325814683e+00,-4.808767131027831820e-01,-6.923577883310912950e-01,-8.441096002039377710e-01,-4.206022317242226194e-01,-1.461745575342959791e+00,-1.065769561493343925e-02,-1.065769561493343925e-02,-1.065769561493343925e-02,-1.065769561493343925e-02,-1.065769561493343925e-02,-1.065769561493343925e-02,-1.065769561493343925e-02,-1.065769561493343925e-02,-1.065769561493343925e-02,-1.065769561493343925e-02,-1.065769561493343925e-02,-1.065769561493343925e-02,-5.889710262909880756e-01,1.949930474258592783e+00,2.064882271244170286e-01,-9.581462594312325498e-01,-3.966605280280683377e-01,5.412724840923111014e-01,-8.661702822159299542e-01,-4.812740269329530141e-01,9.207316542404867521e-01,6.001375688619957627e-01,-1.632955296978281789e-01,-5.451330253480177745e-01,-2.946191826705663042e-01,1.167444132546642532e-01
3.468211391310433989e-01,-3.625758444586004714e-01,-8.891599566223885587e-01,-2.246500177245850660e-01,-5.771949176923188984e-01,4.830123598737167678e-01,-1.892414747504154726e-01,2.025249523863654755e+00,-1.521974169353591984e-02,-3.016194586638922259e-01,-1.987724557673534731e+00,-1.870068745314304559e+00,-1.461524387624039134e+00,-1.709046772132625680e+00,-1.709046772132625680e+00,-1.709046772132625680e+00,-1.709046772132625680e+00,-1.709046772132625680e+00,-1.709046772132625680e+00,-1.709046772132625680e+00,-1.709046772132625680e+00,-1.709046772132625680e+00,-1.709046772132625680e+00,-1.709046772132625680e+00,-1.709046772132625680e+00,-5.804966846356643950e-01,6.902523238722380050e-01,9.695757881455578653e-02,3.635120511795529932e-03,4.350212663874592628e-02,-5.227309330188344150e-02,-1.274311246800217345e+00,-7.882229240252159874e-01,4.643768958733807128e-01,2.046082976783026641e+00,1.593012212409635531e+00,-2.364519850758619146e+00,-1.621129749729485869e+00,7.039320457154467636e-01
-7.974106405482417337e-01,-1.178275873885857444e-01,4.929369468309139357e-01,1.496811461660565445e+00,-1.460982045460114745e-02,1.663636954511683308e-01,-9.072064506366849246e-01,9.300870307858760677e-01,-7.299982023320478186e-01,-9.661284581514630876e-01,6.564816233535060164e-01,6.132947689203517294e-01,-1.461048037841669922e+00,-1.166825451270718350e+00,-1.166825451270718350e+00,-1.166825451270718350e+00,-1.166825451270718350e+00,-1.166825451270718350e+00,-1.166825451270718350e+00,-1.166825451270718350e+00,-1.166825451270718350e+00,-1.166825451270718350e+00,-1.166825451270718350e+00,-1.166825451270718350e+00,-1.166825451270718350e+00,-5.456515635810905707e-01,-8.825093613611911803e-01,-9.491283128173584327e-01,-1.971327784728758858e-01,7.323579665205492972e-01,5.298833108044544993e-01,-9.049189979942449114e-01,1.864964867114332903e-01,1.227957132913470417e+00,-7.824552838736303917e-01,-9.306519077025308118e-01,-5.392979356775664534e-01,4.669238343413456005e-01,1.887266442958257739e+00
5.555104307754934467e-01,7.317111776909428489e-01,1.841561248733817102e+00,8.458644784853952547e-02,3.190652852047992094e-01,-5.232054107084187500e-01,-1.301929556508954366e+00,8.072291489967106104e-01,3.132113798947041422e-02,-1.811434433796606847e+00,-3.457233226699151785e-01,1.872565819105066753e-01,-1.459891215969971734e+00,-5.418572362826880318e-02,-5.418572362826880318e-02,-5.418572362826880318e-02,-5.418572362826880318e-02,-5.418572362826880318e-02,-5.418572362826880318e-02,-5.418572362826880318e-02,-5.418572362826880318e-02,-5.418572362826880318e-02,-5.418572362826880318e-02,-5.418572362826880318e-02,-5.418572362826880318e-02,-3.192782590999973524e-01,-9.635933741394707708e-01,1.582400186690742783e-01,-8.111597566235191625e-02,6.130666051520602400e-01,1.121120854171870684e+00,-1.480573747978522148e+00,-1.074559271985417341e+00,1.691846886643792791e+00,-1.102623675428185124e-01,-8.121584832776778118e-01,2.502792202471488259e-01,-9.978201486897221306e-01,2.691132599058942976e+00
1.522009545466110003e+00,-2.984026958258371720e-01,-3.596925114997012174e-01,8.507114389697708612e-01,1.524265555697443597e+00,-2.752344122810096438e-01,-1.373620766442962937e+00,-3.295483335762929705e-03,8.433765869580220342e-02,-6.157895005634932417e-01,6.543274371057038186e-02,-6.511999241989624432e-01,-1.455567690012465887e+00,3.574074860144391130e-01,3.574074860144391130e-01,3.574074860144391130e-01,3.574074860144391130e-01,3.574074860144391130e-01,3.574074860144391130e-01,3.574074860144391130e-01,3.574074860144391130e-01,3.574074860144391130e-01,3.574074860144391130e-01,3.574074860144391130e-01,3.574074860144391130e-01,1.546894244559025022e-01,1.789037369997191762e+00,-7.519743080561853699e-01,-1.996730436545835152e+00,5.574136090782260133e-01,1.595885900156184478e+00,-3.595928606327224997e-01,-1.032995951823454606e+00,2.768627309140802573e-01,-5.272954864081540460e-01,7.208750686867340662e-02,7.944922681240998985e-01,-5.128063751606720677e-01,3.373942284015842841e+00
1.830419737166570249e+00,-7.536001925880467800e-01,-1.570026510361436811e+00,1.902330753007383413e+00,2.555726949935272607e+00,-2.630221836349860620e+00,-6.499570877335962837e-01,-3.466632166265372628e-01,6.777555539522851502e-01,1.534299179789563761e+00,-5.338694016910685569e-01,4.322498159502366488e-01,-1.429417470002686930e+00,-1.461939474594020849e+00,-1.461939474594020849e+00,-1.461939474594020849e+00,-1.461939474594020849e+00,-1.461939474594020849e+00,-1.461939474594020849e+00,-1.461939474594020849e+00,-1.461939474594020849e+00,-1.461939474594020849e+00,-1.461939474594020849e+00,-1.461939474594020849e+00,-1.461939474594020849e+00,6.793687421801751780e-01,3.300820263457667103e+00,-2.271789370851627243e+00,-2.996064564382475037e+00,2.635412402845376700e+00,1.520369688873337788e+00,-6.123719950471254725e-01,-1.216467808100428094e+00,-1.146561728785117973e+00,1.327162925323507325e+00,5.989313645799688723e-01,-1.697610705072430726e+00,-2.650066721122871227e-01,3.284599127107525440e+00
1.177042717387413395e+00,-1.126342513524712041e+00,-1.071748270722754581e+00,1.187446294003193792e+00,1.196028155682860250e+00,-2.431815144518102656e+00,-1.286651039824510123e-01,-4.420018715518401753e-01,1.921493279488874217e-01,1.458868755956658436e+00,-1.219076955621207325e+00,1.818568451817142106e+00,-1.372764173771028551e+00,-8.600378737963116915e-01,-8.600378737963116915e-01,-8.600378737963116915e-01,-8.600378737963116915e-01,-8.600378737963116915e-01,-8.600378737963116915e-01,-8.600378737963116915e-01,-8.600378737963116915e-01,-8.600378737963116915e-01,-8.600378737963116915e-01,-8.600378737963116915e-01,-8.600378737963116915e-01,1.406719695298442652e+00,2.004815981453913487e+00,-1.950191356310962076e+00,-1.462618786555243577e+00,2.167245223067595816e+00,5.473899344599917338e-01,-4.665841030013413437e-01,-6.625652614213400904e-01,-7.475596031561991817e-01,1.736853113078954181e+00,-2.557560546852054029e-01,-1.743140687023385427e+00,3.410233072593265025e-01,1.743434856193043059e+00
8.497155133448442976e-01,-1.044266125425446612e+00,-1.222206951575639078e+00,1.827858427739067260e+00,-7.817762675293157826e-02,-2.154230770560108699e+00,1.027263478503514516e-01,2.431365566914875653e-01,1.335998543146995843e+00,-2.678330867018983152e-01,-2.147159780000580387e+00,1.757795988973839929e+00,-1.288685219130817350e+00,-1.425031031991379482e-01,-1.425031031991379482e-01,-1.425031031991379482e-01,-1.425031031991379482e-01,-1.425031031991379482e-01,-1.425031031991379482e-01,-1.425031031991379482e-01,-1.425031031991379482e-01,-1.425031031991379482e-01,-1.425031031991379482e-01,-1.425031031991379482e-01,-1.425031031991379482e-01,1.898244736349146811e+00,1.445626271363172455e+00,-2.236044767204337536e+00,-4.009607454690811146e-01,2.399434051933991174e+00,1.985250648744896762e-01,-1.407023107962300568e+00,-1.773406614450270036e+00,7.685132278483451929e-01,2.917594987057140710e+00,-1.222691380188351440e+00,-1.558222653944312031e+00,6.800180864318876583e-01,7.109471073446547162e-01
3.011653120018067953e-01,-1.946181520413897692e+00,4.559360472276004217e-02,1.647159997775776707e+00,-1.115492682144028913e-01,-1.513023828837705809e+00,1.068327975121666218e-02,7.636134297577669150e-01,1.264426486086142054e+00,-5.425007656407778711e-01,-1.581253138385631640e+00,1.231872422382212617e+00,-1.151726641324247735e+00,3.126085719746548620e-03,3.126085719746548620e-03,3.126085719746548620e-03,3.126085719746548620e-03,3.126085719746548620e-03,3.126085719746548620e-03,3.126085719746548620e-03,3.126085719746548620e-03,3.126085719746548620e-03,3.126085719746548620e-03,3.126085719746548620e-03,3.126085719746548620e-03,2.053686341225431811e+00,1.103193440152546029e-01,-2.384228109045625210e+00,1.131075612565042438e-01,1.981420940225085303e+00,2.420767938224176741e-01,-1.529543276084973424e+00,-1.589407545309914127e+00,1.021441058811849434e+00,2.295689880488111623e+00,-1.297842762977696962e+00,-1.088234287359173047e+00,1.630722667610319698e+00,3.011020663592078872e-01
1.718698031377441371e-01,-2.172033099552066027e+00,9.392430882083496746e-02,1.212233195584387468e+00,2.146515540599610306e-01,-1.160219692825098958e+00,4.392643954518771210e-01,-1.071950567968220080e-01,9.891646042563928543e-01,-4.088221406567570937e-01,-1.138251833791868207e-02,1.616540991422848350e+00,-1.013379445674007506e+00,1.312552486317584366e+00,1.312552486317584366e+00,1.312552486317584366e+00,1.312552486317584366e+00,1.312552486317584366e+00,1.312552486317584366e+00,1.312552486317584366e+00,1.312552486317584366e+00,1.312552486317584366e+00,1.312552486317584366e+00,1.312552486317584366e+00,1.312552486317584366e+00,2.162066375182678080e+00,1.135491362086863548e-01,-2.124937624579124495e+00,6.839386029317039151e-02,1.330258203937718653e+00,-4.160816832277373922e-02,-6.830816028881904201e-01,-5.244307302201570709e-01,7.042921527715114705e-01,4.919622943037290086e-01,-1.642633623204865279e+00,8.003031149610697614e-01,1.408637183710733876e+00,-1.878608504691623715e-01
-1.908378335116645286e-01,-2.077517671679264488e+00,1.277846454201007897e-01,5.592178685414228578e-01,9.477356676339082631e-02,-4.314012646230291348e-01,7.072173181882634996e-01,-5.363958006082052421e-01,2.233559418223486359e-01,1.904894816916463396e-01,1.028903559488327346e+00,1.799485298838627623e+00,-8.592588887780717721e-01,1.600532755327033874e+00,1.600532755327033874e+00,1.600532755327033874e+00,1.600532755327033874e+00,1.600532755327033874e+00,1.600532755327033874e+00,1.600532755327033874e+00,1.600532755327033874e+00,1.600532755327033874e+00,1.600532755327033874e+00,1.600532755327033874e+00,1.600532755327033874e+00,2.165418929791068869e+00,-1.823666575353234676e-01,-1.471838224006482676e+00,3.008552446677941195e-01,4.199156608186332407e-01,-4.636471252691042322e-01,2.154181581633068665e-01,6.623819656780093323e-01,1.512397300087880980e-01,-9.094946714869235338e-01,-1.464466463328715218e+00,1.609460702816342348e+00,1.428966253702737887e+00,-3.054014960588914418e-01
-5.112262207877921183e-01,-1.500694360009225958e+00,-6.399537316466935577e-01,5.123772077680585069e-01,6.829666785468983814e-02,-2.144139430497498111e-01,8.610031208396425884e-01,-1.949687459487737251e-01,-7.579271653107053641e-01,4.330425579940422876e-01,6.486185385967778716e-01,1.266267165383041293e+00,-7.089456826253059951e-01,3.026659766789864259e-01,3.026659766789864259e-01,3.026659766789864259e-01,3.026659766789864259e-01,3.026659766789864259e-01,3.026659766789864259e-01,3.026659766789864259e-01,3.026659766789864259e-01,3.026659766789864259e-01,3.026659766789864259e-01,3.026659766789864259e-01,3.026659766789864259e-01,2.092350127725221665e+00,2.037185639046331098e-01,-1.104625075058360162e+00,7.169394228582726125e-02,3.245019824578290191e-01,-8.149752143759345646e-01,1.753686095600425210e-01,1.473718491443327228e+00,-4.720682049880400161e-02,-5.611547350690203606e-01,-9.410920706925985924e-01,9.301686799662522986e-02,1.238724162004102736e+00,-3.055430146189578866e-01
-4.169464114754036221e-01,-1.671302114314951126e+00,-5.389471006031265610e-01,5.304524627772247980e-01,-6.841614925509327261e-01,5.672952609161291404e-01,8.881502324506662660e-01,-1.292726433912526063e-01,-3.631853189788585845e-01,-3.006266272105121984e-01,1.167150645860521620e-02,8.343333840582435323e-01,-5.544549772602332949e-01,5.485748612077184783e-01,5.485748612077184783e-01,5.485748612077184783e-01,5.485748612077184783e-01,5.485748612077184783e-01,5.485748612077184783e-01,5.485748612077184783e-01,5.485748612077184783e-01,5.485748612077184783e-01,5.485748612077184783e-01,5.485748612077184783e-01,5.485748612077184783e-01,2.052084623389593521e+00,-9.503036861119674994e-02,-9.855820104531559656e-01,7.278745672546034218e-01,-2.227804257892058160e-01,-1.000319512660703847e+00,2.862305520174069917e-01,9.465935877532805076e-01,4.024078554230396954e-01,1.824291182731649086e-01,-5.618050843544695194e-01,-6.731251379632345599e-02,-5.558670612098168817e-01,-3.711750265260072013e-01
9.182668693513369729e-02,-1.210180421824638364e+00,-1.781269762388200784e+00,1.017062894722247535e+00,-6.670355572009233347e-01,-3.610132377297836093e-01,1.607132246306766321e+00,5.896851465207560983e-01,-5.298832414370300281e-01,-1.071265044116944454e+00,-5.258850626519987470e-01,7.596762966800990613e-01,-4.122091431224254032e-01,8.089922459360104900e-01,8.089922459360104900e-01,8.089922459360104900e-01,8.089922459360104900e-01,8.089922459360104900e-01,8.089922459360104900e-01,8.089922459360104900e-01,8.089922459360104900e-01,8.089922459360104900e-01,8.089922459360104900e-01,8.089922459360104900e-01,8.089922459360104900e-01,1.978963305320761146e+00,1.189811741177981830e+00,-1.320212200752628462e+00,5.240015542017945060e-01,8.335261605160063647e-01,-1.588151060117622748e+00,-9.819408782219355425e-01,1.422239557159699075e+00,1.219419354128672195e+00,3.711788310284296344e-01,-4.899381420946224419e-01,2.745680096190449698e-02,-1.726388225213244976e+00,3.201335132381852855e-01
-3.139195344018559930e-01,-8.458789689847550086e-01,-1.806584241406107960e+00,1.312649537632217367e+00,-1.299770639874985090e+00,-5.042708280791745601e-01,2.052672767852842028e+00,7.518220423172367051e-01,-5.369464907752712346e-01,-1.280676705683694516e+00,-1.676077833225964708e+00,1.497775360033241521e+00,-2.621640669952959857e-01,1.523644494002731831e+00,1.523644494002731831e+00,1.523644494002731831e+00,1.523644494002731831e+00,1.523644494002731831e+00,1.523644494002731831e+00,1.523644494002731831e+00,1.523644494002731831e+00,1.523644494002731831e+00,1.523644494002731831e+00,1.523644494002731831e+00,1.523644494002731831e+00,1.914342473093124219e+00,7.228387366575674822e-01,-1.368263981839894283e+00,1.222952352842902934e+00,1.101526343548705711e+00,-2.147909686885827174e+00,-1.245390830344277777e+00,1.362149605940872643e+00,1.636180528175096738e+00,1.007979190817886783e+00,-1.135150417587276861e+00,2.647462094833633595e-01,-1.650013342356534407e+00,7.845493866202117861e-01
-9.810433247334729989e-01,-8.331079819144208143e-01,-1.162956205365166751e+00,9.046572777157929623e-01,-9.496858857368701834e-01,2.006223835819051504e-01,1.818429834292186298e+00,1.487014041020819632e-01,-9.013681050235176073e-01,-5.538985921285934921e-01,-1.448093625290885811e+00,6.887095569758998614e-01,-1.279914030533501057e-01,1.311638449813940177e+00,1.311638449813940177e+00,1.311638449813940177e+00,1.311638449813940177e+00,1.311638449813940177e+00,1.311638449813940177e+00,1.311638449813940177e+00,1.311638449813940177e+00,1.311638449813940177e+00,1.311638449813940177e+00,1.311638449813940177e+00,1.311638449813940177e+00,2.097758257442360552e+00,-6.028625610391358941e-02,-9.146494417434126722e-01,1.104782418596663929e+00,2.694227293599078532e-01,-1.931587541703377875e+00,-1.925272375346018527e-01,1.578432399778164408e+00,6.533295204620063190e-01,6.389701168037210666e-01,-4.360647544270775944e-01,2.371265994328857485e-01,-1.276707787065868294e+00,3.080462948700970482e-01
-1.678617242090823636e+00,-7.435694184781288518e-01,-3.417122047243700278e-01,3.584683458718335158e-02,-6.027780636981392437e-01,7.698656112996032919e-01,1.351026752342106674e+00,-4.044215907469038140e-01,-7.101966017653820185e-01,-1.145322348640528259e-01,-1.395756602648252853e+00,-1.131531597863404265e-01,1.491902355500475570e-02,9.438998555519204636e-01,9.438998555519204636e-01,9.438998555519204636e-01,9.438998555519204636e-01,9.438998555519204636e-01,9.438998555519204636e-01,9.438998555519204636e-01,9.438998555519204636e-01,9.438998555519204636e-01,9.438998555519204636e-01,9.438998555519204636e-01,9.438998555519204636e-01,2.205477119607939684e+00,-1.001116273502728804e+00,-1.722457046523508672e-01,9.567536213180579674e-01,-6.450360960398484611e-01,-1.409586121503716205e+00,6.524396856310648030e-01,1.099819917869391261e+00,-9.621147723750492209e-02,8.221098686264139976e-01,2.324949210202524597e-01,-9.780995169758006924e-02,-1.048344929437201145e+00,-1.505934742878242805e+00
-1.920075876687333150e+00,-2.517122927884491990e-01,-8.488505344863549462e-01,-2.289511391065759405e-01,-4.356460998748036273e-01,8.544363207582045261e-01,1.217286591913098626e+00,-7.577440504470785987e-01,-4.749114346463902403e-01,1.245406502256431736e-01,-1.094795261857198332e+00,-4.880581133079725520e-01,1.693422366222415154e-01,9.363328925338938458e-01,9.363328925338938458e-01,9.363328925338938458e-01,9.363328925338938458e-01,9.363328925338938458e-01,9.363328925338938458e-01,9.363328925338938458e-01,9.363328925338938458e-01,9.363328925338938458e-01,9.363328925338938458e-01,9.363328925338938458e-01,9.363328925338938458e-01,2.212067773903781731e+00,-6.961391095544456897e-01,2.543582557522816590e-01,5.502092648237151273e-01,-9.035613150278932748e-01,-1.196151524432199409e+00,1.029663006813401394e+00,9.061546317931685746e-01,-5.067216859186428612e-01,4.295604282527838991e-01,7.702063508179323170e-01,3.148478864741917627e-01,-9.964943934098516864e-01,-3.522402852023396314e+00
-2.001861065960874431e+00,1.721511108708052851e-01,-1.449355995005721764e+00,-1.905133886085482731e-01,-7.818382318140119080e-01,7.098261718984674173e-01,1.275252356166351353e+00,-8.869523157544842995e-01,5.947816405336209256e-02,3.772145808350103879e-02,-1.209043862694996418e+00,-1.681003172887211572e-01,3.241456751529019908e-01,1.424008792185720518e+00,1.424008792185720518e+00,1.424008792185720518e+00,1.424008792185720518e+00,1.424008792185720518e+00,1.424008792185720518e+00,1.424008792185720518e+00,1.424008792185720518e+00,1.424008792185720518e+00,1.424008792185720518e+00,1.424008792185720518e+00,1.424008792185720518e+00,1.646637944135057818e+00,-4.100239807261219505e-01,3.957822417501989376e-01,6.027016041243417055e-01,-8.131240417305659607e-01,-1.236209245611926910e+00,1.013432063382710302e+00,4.582053553129888379e-01,-4.030362924082311893e-01,5.496567292954896988e-01,4.437662121280824823e-01,8.163935327891794769e-01,-6.776383920299082764e-01,-2.838654505534452532e+00
-2.553479815246745055e+00,2.706549799057207939e-01,-5.324242401935410651e-01,-1.073958751928262290e+00,-8.978435938853074338e-01,2.904874809252911416e-01,1.102169522252136380e+00,-6.069201056716018172e-01,1.561654981518133256e-02,4.986228605291175703e-02,-1.072447676842533282e+00,-7.719088187170839443e-01,4.792965484324769876e-01,1.738326829095207859e+00,1.738326829095207859e+00,1.738326829095207859e+00,1.738326829095207859e+00,1.738326829095207859e+00,1.738326829095207859e+00,1.738326829095207859e+00,1.738326829095207859e+00,1.738326829095207859e+00,1.738326829095207859e+00,1.738326829095207859e+00,1.738326829095207859e+00,9.049391501116426095e-01,-1.506022441016646729e+00,8.825380645471510022e-01,9.992630940876006118e-01,-8.100968703257912518e-01,-1.151640903527590742e+00,5.984034749375015672e-01,4.170257540918960171e-01,-4.729598362889475549e-01,3.366598148765223009e-01,8.899496886818824004e-01,1.149831158486782190e+00,-9.927047364374728122e-01,-1.956421824680427246e+00
-2.027823881118593796e+00,-3.155142568742945741e-01,-2.335298826696849128e-01,-1.263649154349423487e+00,-5.727674622834454388e-01,4.265861742519906352e-01,4.447128010422376487e-01,-5.989087778936653672e-01,2.072061816122357236e-01,1.891493264139644526e-01,-7.558404552454952574e-01,-3.681489780218620278e-01,5.716720744186297720e-01,1.424546591130723350e+00,1.424546591130723350e+00,1.424546591130723350e+00,1.424546591130723350e+00,1.424546591130723350e+00,1.424546591130723350e+00,1.424546591130723350e+00,1.424546591130723350e+00,1.424546591130723350e+00,1.424546591130723350e+00,1.424546591130723350e+00,1.424546591130723350e+00,5.932409170207939564e-01,-1.290651196309092086e+00,7.550797145207581718e-01,5.636733729353757827e-01,-9.871897877228252849e-01,-4.900441028790221698e-01,7.137770662593795334e-01,-1.095576440753235209e-01,-4.628582344051825892e-01,3.465557811252231030e-02,4.335505088099107507e-01,1.252098422305857994e+00,-4.188661560555652086e-01,-1.801608692340997520e+00
-1.495534638120910476e+00,-4.936028459862513151e-01,3.822433854948589782e-01,-1.862318233255848554e+00,-7.286410085697536676e-01,2.090167139825030718e-01,2.461284343086010962e-01,-2.479336846683582729e-01,8.790736224880185690e-01,6.172512622292185558e-01,-5.633793737957087933e-01,-1.398896274532439143e+00,6.449335513311974521e-01,1.007638893529431368e+00,1.007638893529431368e+00,1.007638893529431368e+00,1.007638893529431368e+00,1.007638893529431368e+00,1.007638893529431368e+00,1.007638893529431368e+00,1.007638893529431368e+00,1.007638893529431368e+00,1.007638893529431368e+00,1.007638893529431368e+00,1.007638893529431368e+00,1.789291037542148355e-01,-1.495031098207673548e+00,9.847220758870975921e-01,8.546829969124037918e-01,-9.947196732973444533e-01,-2.362011634725318665e-01,5.017176877207332186e-01,-7.546131224546445138e-01,-9.309859148832537734e-01,3.126735467819410363e-01,1.469516328478756240e+00,9.860583333058400290e-01,-7.572142850795730018e-01,-8.979307958268855083e-01
-1.229532295833309030e+00,-9.348612255514304747e-01,5.227275774382426077e-01,-1.684071710969685665e+00,-6.648288588599232662e-01,1.168187581597238012e+00,2.384651125669259297e-01,-1.254192147384342482e+00,7.460718062057370981e-01,1.079798265555687586e-01,-3.290175250309721466e-01,-3.834919770087472646e-01,7.028951341342815073e-01,5.327920062666214873e-01,5.327920062666214873e-01,5.327920062666214873e-01,5.327920062666214873e-01,5.327920062666214873e-01,5.327920062666214873e-01,5.327920062666214873e-01,5.327920062666214873e-01,5.327920062666214873e-01,5.327920062666214873e-01,5.327920062666214873e-01,5.327920062666214873e-01,-7.531965475012110389e-02,-1.415039945496776141e+00,9.209473582954093018e-01,8.588315150192608050e-01,-1.863950749466535051e+00,-2.390113218737525691e-01,1.539393694764700449e+00,-5.693307497182914512e-01,-6.501739592278780178e-01,2.374407156438524402e-01,1.069794736701919907e-01,6.096692913558304783e-01,2.465216624385290212e-01,-5.971155206806422200e-01
-6.998356336210312945e-01,-4.578925063317791921e-01,-5.112214963721550820e-01,-9.627009572958500350e-01,-8.094654387027363507e-01,8.249945644471117223e-01,5.653338537165641942e-01,-1.557856243754307812e-01,2.074258262864003138e-02,1.225084937889082237e+00,-4.877144556265540776e-01,-1.111340718942475991e+00,7.304133193366439958e-01,-4.924911713817744507e-01,-4.924911713817744507e-01,-4.924911713817744507e-01,-4.924911713817744507e-01,-4.924911713817744507e-01,-4.924911713817744507e-01,-4.924911713817744507e-01,-4.924911713817744507e-01,-4.924911713817744507e-01,-4.924911713817744507e-01,-4.924911713817744507e-01,-4.924911713817744507e-01,-1.542864002846248972e-01,-3.386410629454656429e-01,6.062444763518695101e-01,6.920779738791200675e-01,-1.044393135859390531e+00,-7.057276739515545572e-01,9.766632123693548273e-01,2.240386068841870582e-01,-1.268274894879787729e+00,4.736878448907578254e-01,1.307586937365957658e+00,-5.805072976527309025e-01,2.650889987266017433e-01,-6.280767293333552326e-01
-8.330701014420484052e-01,-1.940964091683522186e-01,-9.359749625241405857e-01,-1.784177878076457668e+00,1.622131281743524958e-02,5.957706488837639647e-01,6.457489863239181949e-01,-1.074705456362940598e-01,-6.611453757881654569e-01,6.214150785525898169e-01,6.920819868164923561e-02,-8.768469205849734882e-01,7.603038340339818291e-01,-6.105927632521709336e-01,-6.105927632521709336e-01,-6.105927632521709336e-01,-6.105927632521709336e-01,-6.105927632521709336e-01,-6.105927632521709336e-01,-6.105927632521709336e-01,-6.105927632521709336e-01,-6.105927632521709336e-01,-6.105927632521709336e-01,-6.105927632521709336e-01,-6.105927632521709336e-01,-2.969058722833518571e-01,2.139161276283866875e-01,1.185840458428810917e+00,-1.086866699666589331e-01,-1.210283280236504888e+00,-6.441736506998980705e-01,6.094103108151652792e-01,1.043846706928631018e+00,-7.393840526933946888e-01,-3.260802717698901287e-01,1.020040160508286275e+00,-4.044691237759832081e-01,-4.501257828832422314e-01,-4.389778458152132634e-01
-3.020368310532317579e-01,4.650134213552198914e-01,-2.090914956384888779e+00,-5.871282781158588815e-01,-1.405895570281414209e+00,9.781680295537928949e-01,1.044592641930091936e+00,-1.456191836625584823e+00,5.521932494875045894e-01,5.582403674706551966e-01,-9.341085270135207619e-01,-2.350125340160629683e+00,7.791034677475259240e-01,-1.295677825965136920e-01,-1.295677825965136920e-01,-1.295677825965136920e-01,-1.295677825965136920e-01,-1.295677825965136920e-01,-1.295677825965136920e-01,-1.295677825965136920e-01,-1.295677825965136920e-01,-1.295677825965136920e-01,-1.295677825965136920e-01,-1.295677825965136920e-01,-1.295677825965136920e-01,-3.873619865993226385e-01,9.111657492521337831e-01,8.587959100955495639e-01,7.282746335200486199e-01,-1.313484785608127314e+00,-1.156605019099847587e+00,1.738679930745934632e+00,-3.093991293844677859e-02,-1.595503357586202098e+00,1.384167073334155562e+00,2.368029054648168596e+00,-8.566880987103770995e-01,-1.353616446782186511e+00,-3.169579814895153724e-01
-5.946826916047682765e-01,5.461924889748142053e-01,-1.242297510709420960e+00,-1.046785799446110721e+00,-8.360822174821058717e-01,5.035544643741386439e-01,1.100156055891607920e+00,-1.317448097617821778e+00,3.824286151836671088e-01,7.494460446424252575e-01,-6.842426121236147019e-01,-1.859844856404841318e+00,7.932476679486475390e-01,7.108423892267746735e-01,7.108423892267746735e-01,7.108423892267746735e-01,7.108423892267746735e-01,7.108423892267746735e-01,7.108423892267746735e-01,7.108423892267746735e-01,7.108423892267746735e-01,7.108423892267746735e-01,7.108423892267746735e-01,7.108423892267746735e-01,7.108423892267746735e-01,-4.598089135506773228e-01,2.832295028217068356e-01,1.056705590657645466e+00,6.525069353250121384e-01,-1.126355113256125806e+00,-1.045655398539898862e+00,1.456540963840352809e+00,2.358527709023401919e-01,-1.551691054069042952e+00,4.052595693799332932e-01,2.383166726080936382e+00,4.929399324892231316e-01,-1.791720942882858658e+00,-1.715883560787098694e-01
1.093985032106751520e-01,5.928307914753399022e-01,-8.609362779647864450e-01,-1.847089731066318796e+00,-1.122851899188987534e+00,1.497809239722010854e+00,9.074490069150679961e-02,-9.887606613499877461e-01,1.284506275744481951e-01,3.319556335142809789e-01,-5.730472266370378875e-01,-1.872512986080890451e+00,8.020602332474545682e-01,3.492957605320953229e-01,3.492957605320953229e-01,3.492957605320953229e-01,3.492957605320953229e-01,3.492957605320953229e-01,3.492957605320953229e-01,3.492957605320953229e-01,3.492957605320953229e-01,3.492957605320953229e-01,3.492957605320953229e-01,3.492957605320953229e-01,3.492957605320953229e-01,-5.049847794232572573e-01,3.186103169038190241e-01,1.851179446323932165e+00,5.796527528922491568e-01,-2.108800467459493788e+00,-4.203242175600705455e-01,1.605996309157517343e+00,-2.353444705926613367e-01,-1.124062422853014054e+00,5.748685796723425057e-01,1.865191051158629376e+00,-8.952135178781524261e-02,-1.532095376051482161e+00,-3.969337295809790417e-02
2.275095160911636549e-01,7.349753481584390125e-01,-4.578831839768414680e-01,-1.947257517602841492e+00,-3.547315146968646471e-01,1.084224653133527339e+00,-5.459725918717730497e-01,-5.179588548521655289e-01,1.368359594056419493e+00,-8.015501896935063597e-02,-1.126505088442706581e+00,-1.238150933343510340e+00,8.082057213507594096e-01,1.618108391201261986e-01,1.618108391201261986e-01,1.618108391201261986e-01,1.618108391201261986e-01,1.618108391201261986e-01,1.618108391201261986e-01,1.618108391201261986e-01,1.618108391201261986e-01,1.618108391201261986e-01,1.618108391201261986e-01,1.618108391201261986e-01,1.618108391201261986e-01,-5.234866148020289600e-01,3.645025364653955990e-01,1.870018695330182945e+00,-1.571719023611612143e-01,-1.734844918841796479e+00,6.137682775053672213e-01,9.110167016041824661e-01,-1.923538405912964322e+00,-4.709924012227806878e-01,1.641567351059846080e+00,1.203500938782508634e+00,-4.336064172523187432e-01,-1.366386250564911808e+00,-1.791601500110940465e-02
-4.489247724600574363e-02,1.325039804087619455e+00,-1.164242132766263760e+00,-7.825991262891008882e-01,-3.954433722910483673e-01,2.780217144597588730e-01,9.604768638970480055e-01,-8.598942956476943733e-01,3.805031813268534013e-01,4.565251669183390537e-01,-2.342524824479017553e-01,-8.191537030864534108e-01,8.120305147717201688e-01,1.614619417304874460e+00,1.614619417304874460e+00,1.614619417304874460e+00,1.614619417304874460e+00,1.614619417304874460e+00,1.614619417304874460e+00,1.614619417304874460e+00,1.614619417304874460e+00,1.614619417304874460e+00,1.614619417304874460e+00,1.614619417304874460e+00,1.614619417304874460e+00,-5.197176827341938310e-01,7.275492116981828739e-01,1.206285565014582284e+00,2.689683584919942416e-01,-7.399143442764027911e-01,-7.892378461321709615e-01,9.123821968230034773e-01,2.881201845389422256e-01,-8.808296236232173726e-01,-4.973322791937140330e-02,8.686215381747310893e-01,1.326188701059104247e+00,-5.550143775437399452e-01,-5.306312629416404247e-02
3.402441854421630607e-01,1.352409564861239755e+00,-1.180195732803663855e+00,-9.551558239761387403e-01,-5.043918455753315655e-02,-4.347835477838162266e-01,1.650570412290093270e-01,6.158766572868263900e-01,6.840502169267604904e-01,1.667253933384390763e+00,-5.334926459596567999e-02,-3.719712232894638593e-01,8.161332543320073407e-01,1.238810409599661710e+00,1.238810409599661710e+00,1.238810409599661710e+00,1.238810409599661710e+00,1.238810409599661710e+00,1.238810409599661710e+00,1.238810409599661710e+00,1.238810409599661710e+00,1.238810409599661710e+00,1.238810409599661710e+00,1.238810409599661710e+00,1.238810409599661710e+00,-5.301381767331634354e-01,1.107001064361352149e+00,1.133523359752458104e+00,-3.771021911983514219e-01,6.553391050906713644e-02,1.121784706069740324e-02,-7.889783425845590947e-02,-4.772311481989131576e-01,-1.107329084312841605e+00,1.766250551477041020e-01,6.174349279738808871e-01,9.459051557161421986e-01,1.284297909324411124e+00,-3.943712009256507972e-02
8.101308955159576275e-01,4.358694130248267351e-01,-1.980385091376588858e-01,-1.716329380743158328e+00,-4.946050578436512746e-01,4.346591488578429585e-01,-3.979535844570992187e-01,-7.666046070820744518e-01,1.461171876839661099e+00,2.658399922790941172e+00,4.022082700085942431e-02,9.592314085027159321e-02,8.203741675774444131e-01,5.151693621460047279e-01,5.151693621460047279e-01,5.151693621460047279e-01,5.151693621460047279e-01,5.151693621460047279e-01,5.151693621460047279e-01,5.151693621460047279e-01,5.151693621460047279e-01,5.151693621460047279e-01,5.151693621460047279e-01,5.151693621460047279e-01,5.151693621460047279e-01,-5.394119565238584268e-01,4.730871509345123127e-01,1.403968523753245545e+00,1.308311625760705532e-01,-1.223796808450535956e+00,4.732492381693724770e-01,1.702141239347087831e+00,-1.505246407303733491e+00,-2.226496118028665094e+00,7.392574433246550392e-01,1.247078605821187569e+00,2.915305848974819591e-01,3.460787092053942415e-01,-5.260697788736183600e-02
-9.492517021011132039e-02,1.265517839843254277e+00,-2.064339663381960510e-01,-2.394846963424360986e+00,-9.742646951423363788e-01,2.632547903201992168e-01,1.187065532757764164e+00,-4.355117998403315593e-01,9.470178689838332220e-01,2.214552395186718314e+00,1.236310773819485842e+00,6.310087560566601805e-01,8.233264024176244478e-01,1.363895390811822872e-01,1.363895390811822872e-01,1.363895390811822872e-01,1.363895390811822872e-01,1.363895390811822872e-01,1.363895390811822872e-01,1.363895390811822872e-01,1.363895390811822872e-01,1.363895390811822872e-01,1.363895390811822872e-01,1.363895390811822872e-01,1.363895390811822872e-01,-5.447759873845582357e-01,-2.602811591050584461e-01,2.183266553067328530e+00,1.235306942046399348e+00,-1.303381961436565151e+00,-1.030907711841368091e+00,1.222692465439060738e+00,4.644467324251225770e-01,-1.628893267547399493e+00,-3.213897110220434450e-01,8.069485318663923712e-01,4.066658397870355213e-01,-7.626818944175456361e-02,-6.367153258690280704e-02
-2.348530194678348781e-01,1.582335435600091156e+00,-5.678548411947912378e-01,-1.258932055427825381e+00,-1.487923324352366850e+00,-3.403669359239100412e-01,2.288963830548413070e-01,-5.673020079634497614e-01,9.888504064636254309e-01,1.679098753315974912e+00,7.893806269581682411e-01,1.792232543863529759e-01,8.265434172352630338e-01,-5.063726649274188363e-01,-5.063726649274188363e-01,-5.063726649274188363e-01,-5.063726649274188363e-01,-5.063726649274188363e-01,-5.063726649274188363e-01,-5.063726649274188363e-01,-5.063726649274188363e-01,-5.063726649274188363e-01,-5.063726649274188363e-01,-5.063726649274188363e-01,-5.063726649274188363e-01,-5.589369585863236400e-01,-2.576165016678525488e-01,1.460619348024268627e+00,1.057071316590916021e+00,-4.175434722002256960e-01,-4.544679303070180421e-01,8.075704771297282925e-01,-4.066967214814686260e-01,-1.404748933027476498e+00,1.677949953529815352e-01,1.010227728927213464e+00,-2.864809024858990250e-01,-4.286586802552598829e-01,-3.750321282757476671e-02
-3.747591707479343559e-01,1.673814899620715835e+00,1.025501976159317458e-01,-1.165619056543167886e+00,2.762990046239436129e-02,-8.805072691705431165e-01,7.298724764539075149e-01,-1.074422320746957427e+00,-1.124311910019451105e-01,1.893803291225704344e+00,9.056288605564265515e-01,2.649554278414921193e-01,8.289034207642744789e-01,-3.241825876808893669e-01,-3.241825876808893669e-01,-3.241825876808893669e-01,-3.241825876808893669e-01,-3.241825876808893669e-01,-3.241825876808893669e-01,-3.241825876808893669e-01,-3.241825876808893669e-01,-3.241825876808893669e-01,-3.241825876808893669e-01,-3.241825876808893669e-01,-3.241825876808893669e-01,-5.684069257097732475e-01,-3.019209903565168163e-01,1.299335343391706088e+00,3.543535332823732897e-01,-1.067877701018356967e-01,-5.803365750381594967e-01,9.532424116242580459e-01,9.208484122403146621e-01,-1.728522719790757112e+00,-4.319037712826636621e-01,7.401683052073849689e-01,-1.818792180805469394e-01,-1.835332800275066290e-02,-5.361044720755892175e-03
5.919629110878137368e-01,1.510471597398985288e+00,-1.727399987221519273e-01,-3.096113993124184338e-01,-1.676257750784095446e+00,-9.866119065109620889e-01,1.083274210240520841e+00,-1.539452184456850725e+00,-4.114441689913524436e-01,2.356486735462737681e+00,5.738611744102967149e-01,-7.053650242475319188e-02,8.305569526788432189e-01,4.179094524075793737e-01,4.179094524075793737e-01,4.179094524075793737e-01,4.179094524075793737e-01,4.179094524075793737e-01,4.179094524075793737e-01,4.179094524075793737e-01,4.179094524075793737e-01,4.179094524075793737e-01,4.179094524075793737e-01,4.179094524075793737e-01,4.179094524075793737e-01,-5.728571172233586362e-01,-1.201764691908625421e-01,6.553697575978555401e-01,1.763179122192670034e+00,2.175215312285404545e-01,-1.497376478255441956e+00,1.386391075940241358e+00,1.315313630906740583e+00,-2.335283480898963759e+00,-5.305066960257718289e-01,1.065081338611311379e+00,3.485263143440632261e-01,4.658329723338316963e-01,-1.292630295668474420e-03
-4.316016045701024928e-01,1.728484460171117787e+00,2.758753877435739590e-02,3.339718954063511380e-02,-3.478125585688107146e-01,-8.479919255752073060e-01,-4.555233788362281211e-01,-1.545830028612267260e+00,-1.282398951561338096e+00,4.318477129518031310e-01,1.210450320921740985e-02,1.256656471707199962e+00,8.318713971512624594e-01,-4.633423499058267336e-01,-4.633423499058267336e-01,-4.633423499058267336e-01,-4.633423499058267336e-01,-4.633423499058267336e-01,-4.633423499058267336e-01,-4.633423499058267336e-01,-4.633423499058267336e-01,-4.633423499058267336e-01,-4.633423499058267336e-01,-4.633423499058267336e-01,-4.633423499058267336e-01,-5.703994743184837013e-01,-4.183601765538016992e-01,5.836531219121240399e-01,8.138227391310290382e-02,2.588007977041091312e-01,-5.762401255077452544e-02,7.892707705407400187e-01,7.606183698001469651e-01,-5.503428233535722081e-01,-4.103499460685646194e-01,-8.519591652303801776e-01,-5.374312250188707507e-01,7.202314222625753048e-01,-3.633363119934847341e-02
3.870142411963600759e-01,1.807520488727700325e+00,-2.450606758808657193e-01,-4.727637942791375059e-01,-4.464939344493405460e-01,-9.515188279023027995e-01,-3.562517911495147183e-02,-1.097529089866809970e+00,-3.853741243795890115e-01,4.244317061739072972e-01,-5.680562331503268281e-01,5.428209830161403460e-01,8.330335928257003308e-01,3.280789653734566408e-02,3.280789653734566408e-02,3.280789653734566408e-02,3.280789653734566408e-02,3.280789653734566408e-02,3.280789653734566408e-02,3.280789653734566408e-02,3.280789653734566408e-02,3.280789653734566408e-02,3.280789653734566408e-02,3.280789653734566408e-02,3.280789653734566408e-02,-5.733399213576210185e-01,2.646233456415501561e-01,9.106831942433926130e-01,2.383452038026459274e-01,2.304198603187411487e-01,-2.111417444549611999e-01,4.164461826949695245e-01,1.096716767577904650e-01,-5.733751110765465953e-01,2.976739770510029581e-01,-8.977631847150796540e-02,-2.629057089707323436e-01,-9.470322560910417187e-02,-4.449681321621675595e-02
9.356844466654518078e-02,1.772930489916586083e+00,-1.194705723573772195e-03,-4.485174552631886469e-01,-1.479933482764191899e-01,-1.528109517541903051e+00,3.825341521401390832e-01,-1.488841413864155472e+00,-1.644950407475984422e+00,9.635277125543030285e-01,-3.108553058518880308e-01,1.093463301845268854e+00,8.346193804573475150e-01,1.256891254111391687e+00,1.256891254111391687e+00,1.256891254111391687e+00,1.256891254111391687e+00,1.256891254111391687e+00,1.256891254111391687e+00,1.256891254111391687e+00,1.256891254111391687e+00,1.256891254111391687e+00,1.256891254111391687e+00,1.256891254111391687e+00,1.256891254111391687e+00,-5.838856138964616527e-01,4.147874248053591735e-03,7.217985918103544396e-01,2.926736785229979154e-01,5.668364673730755809e-01,-7.203552551537850679e-01,5.751187545935902978e-01,1.558758838017270110e+00,-9.673814127111939332e-01,-7.233662854885748450e-01,-5.883544288382770437e-01,7.696907083920188075e-01,1.248045793011812732e+00,-2.479661640522379251e-02
4.363012548199067808e-01,1.776208853827919265e+00,-3.138618884059891090e-01,1.007428971096718806e+00,-2.485160648630740932e-01,-1.997209963425875756e+00,4.257119910833686016e-01,-5.342892905967878692e-01,-1.911576627363124503e+00,1.033046087343701291e+00,5.565034145990338521e-01,2.383993621926966955e-01,8.354569275884353718e-01,1.133035687628681121e+00,1.133035687628681121e+00,1.133035687628681121e+00,1.133035687628681121e+00,1.133035687628681121e+00,1.133035687628681121e+00,1.133035687628681121e+00,1.133035687628681121e+00,1.133035687628681121e+00,1.133035687628681121e+00,1.133035687628681121e+00,1.133035687628681121e+00,-5.898553292588760710e-01,4.219519737564068063e-01,-3.162092596126357957e-01,2.622013540806253928e-01,1.751959542341057885e+00,-8.484306760524307212e-01,-3.206284693103012562e-01,2.105221551965355875e+00,-8.980313669461715831e-01,-1.617801622410563356e+00,1.743290256514227754e-01,1.134653414126884252e+00,7.138440619372694584e-01,-1.038099486944722358e-02
5.578579661595970407e-01,1.253453321357129280e+00,1.446673751677506337e+00,3.794056904474474856e-01,8.230731168854378277e-01,-6.889652005160850079e-01,5.409124499062167857e-01,-3.268261852533158041e-01,-1.564186367848518611e+00,1.098570766275837496e+00,-5.243275903338366906e-01,-2.421978340739261992e-01,8.358783875937787489e-01,7.127724239086138391e-01,7.127724239086138391e-01,7.127724239086138391e-01,7.127724239086138391e-01,7.127724239086138391e-01,7.127724239086138391e-01,7.127724239086138391e-01,7.127724239086138391e-01,7.127724239086138391e-01,7.127724239086138391e-01,7.127724239086138391e-01,7.127724239086138391e-01,-5.930904923940417683e-01,-4.692730588085731736e-01,1.806394673599502065e-01,1.933595940482116526e-01,5.832318996827969837e-01,-4.961953817547776757e-01,2.499816424206872112e-01,1.532509352094270305e+00,-1.000769342708153653e+00,-8.176984092950215777e-01,3.179125916925908957e-01,6.795302095404541776e-01,1.142804365048249338e+00,7.648568179710508747e-04
1.249573688033794872e+00,1.280854397159124636e+00,1.895479765713193876e+00,1.282568197956286404e-01,1.614000208296562544e+00,-6.543314570127021224e-01,-2.088195031656752410e-01,4.831528423344453316e-01,-1.654122048858662541e+00,9.373601778932297846e-01,-1.312939014885904143e+00,-4.175376678829877120e-02,8.360568310678967441e-01,-3.320625643221141732e-01,-3.320625643221141732e-01,-3.320625643221141732e-01,-3.320625643221141732e-01,-3.320625643221141732e-01,-3.320625643221141732e-01,-3.320625643221141732e-01,-3.320625643221141732e-01,-3.320625643221141732e-01,-3.320625643221141732e-01,-3.320625643221141732e-01,-3.320625643221141732e-01,-5.937107269304199297e-01,-9.418849369467827137e-02,3.606102792207258045e-01,-5.942492856570913418e-01,6.486576205747539570e-01,3.300128058158208755e-01,-3.579514358534738316e-01,8.074864063965132566e-01,-5.260460565726480242e-01,2.651649523452302981e-01,3.424112279770217260e-01,-8.129951552770506851e-01,6.883181610292129493e-01,2.417751723467686902e-03
1.527610717368215409e+00,1.026485306382515450e+00,1.656363514790524905e+00,1.216784618821946662e+00,5.097916802085938892e-01,-9.587338700020747728e-02,-1.126479987548828221e-01,9.031780587133502181e-01,-1.167426620780032342e+00,-3.356904611983183573e-01,1.672221629158626433e-01,6.797458285628661390e-01,8.361211035485706100e-01,-1.134249978986705543e+00,-1.134249978986705543e+00,-1.134249978986705543e+00,-1.134249978986705543e+00,-1.134249978986705543e+00,-1.134249978986705543e+00,-1.134249978986705543e+00,-1.134249978986705543e+00,-1.134249978986705543e+00,-1.134249978986705543e+00,-1.134249978986705543e+00,-1.134249978986705543e+00,-5.928097853722352761e-01,-1.457396517085474408e-01,-2.920505884389949514e-01,2.326633742646367076e-01,7.997267985814969782e-01,-6.598577858216169573e-03,-8.038790676707586735e-01,9.610251905399979089e-01,7.693687758855443093e-01,-2.931802128842188604e-01,-1.190601119975964295e+00,-1.068748398285361390e+00,1.461621144271369355e+00,-2.526482178653945403e-03
4.643654480861354461e-01,2.086025690358859208e-01,1.625709632164324736e+00,1.172783994245339301e+00,5.646962801033124091e-01,8.776361266475075640e-01,4.245028626598368326e-01,1.127018215360153119e+00,-6.156543616322400769e-01,-2.145537350332315796e-01,1.001052236397420026e-01,-1.235209321977566832e+00,8.362310682383098381e-01,-6.939473198881327409e-01,-6.939473198881327409e-01,-6.939473198881327409e-01,-6.939473198881327409e-01,-6.939473198881327409e-01,-6.939473198881327409e-01,-6.939473198881327409e-01,-6.939473198881327409e-01,-6.939473198881327409e-01,-6.939473198881327409e-01,-6.939473198881327409e-01,-6.939473198881327409e-01,-5.928166485335075730e-01,-7.618599946375664844e-01,-3.947620048324666508e-01,4.214911578856234131e-01,1.246319520185812657e-01,-2.774760689949947734e-01,-4.027398302952515663e-01,8.573404449828386786e-01,2.398757570352258728e-01,3.498959425412402902e-01,9.696646160288796557e-01,-1.164647847857035456e+00,-8.105981596167495251e-01,-4.401851628172438573e-03
-3.455959445164226707e-01,4.892859043455249357e-01,2.157005104521447336e+00,1.687133120570121658e+00,1.898978213633750523e+00,9.177778577594953857e-01,-8.904904880068221784e-01,-3.733422590991695711e-01,-1.187704899645611878e+00,-5.192813555694173466e-01,4.768398498736436397e-01,-1.757507239226347773e+00,8.363948117724034903e-01,7.990871141058808469e-01,7.990871141058808469e-01,7.990871141058808469e-01,7.990871141058808469e-01,7.990871141058808469e-01,7.990871141058808469e-01,7.990871141058808469e-01,7.990871141058808469e-01,7.990871141058808469e-01,7.990871141058808469e-01,7.990871141058808469e-01,7.990871141058808469e-01,-5.937504585601363072e-01,-1.181677896181193566e+00,-5.703116209484452304e-01,-1.024454734546554002e+00,-5.207957193917606142e-02,1.059376556590454044e+00,5.670213252483666810e-01,5.247778102878880579e-01,-2.340214396795649021e-01,-1.272124454329823795e+00,6.604512532781782186e-01,9.907612079124563653e-01,-2.207143661285514494e-02,-2.191437947465064377e-03
3.381546234462393663e-01,8.083134015964928143e-02,-7.518931239902073571e-01,-2.345540361418523012e-01,4.937565469673735330e-01,1.482732983460120169e+00,-4.024792118160599452e-01,1.360315387286031186e+00,8.628538428264369564e-01,-4.035820279339081273e-01,1.579578234353350430e+00,1.073737288990707084e+00,8.365040187150110107e-01,-4.441152810289418218e-01,-4.441152810289418218e-01,-4.441152810289418218e-01,-4.441152810289418218e-01,-4.441152810289418218e-01,-4.441152810289418218e-01,-4.441152810289418218e-01,-4.441152810289418218e-01,-4.441152810289418218e-01,-4.441152810289418218e-01,-4.441152810289418218e-01,-4.441152810289418218e-01,-5.944532509872425541e-01,9.756527941890408284e-01,5.896555907301359589e-01,-8.927326259793214591e-01,-8.516779585095474170e-01,6.744583564392342412e-01,-3.123593331722696598e-01,-4.878791637781736967e-01,1.096889138188068769e+00,-5.581472675374574699e-01,-1.741879352455125263e+00,1.191305879204503371e-01,2.070475317110629820e+00,3.610823258051622914e-04
2.296120411205749001e-01,-4.879100661359861979e-01,-7.728539183957474634e-01,-1.296287128673768441e-01,1.646147396271884444e+00,6.058913349187219355e-01,-5.421570842405694091e-01,-2.287699692503607218e-01,1.949095577107082589e+00,2.689795150232323073e-01,1.736971546553532253e+00,1.995678913913460362e-01,8.365646622575471092e-01,-1.633721291393660513e+00,-1.633721291393660513e+00,-1.633721291393660513e+00,-1.633721291393660513e+00,-1.633721291393660513e+00,-1.633721291393660513e+00,-1.633721291393660513e+00,-1.633721291393660513e+00,-1.633721291393660513e+00,-1.633721291393660513e+00,-1.633721291393660513e+00,-1.633721291393660513e+00,-5.945668004671300633e-01,1.351830657931428981e+00,1.032039235972703230e-02,-1.886666796435813920e+00,-5.522513521980862983e-01,1.419282157407751432e+00,5.764770150553129024e-01,-1.452364322044121359e+00,-2.295579992097801503e-01,-2.139945492856272224e-01,-1.908627190298653187e-01,-4.415120959289620117e-01,1.200837090680082042e+00,9.710125239900848759e-04
-1.629082632608649939e-01,-3.280963497534543638e-01,2.737209688031205790e-01,4.483392286545168637e-01,1.400391292052018732e+00,1.492104488899181680e+00,7.908409093749693142e-01,7.594968790452955032e-01,1.564474148524463537e+00,3.658858766657713812e-01,9.521121165077683912e-01,1.327243736130828022e+00,8.365962753735355362e-01,-9.526329868328978767e-01,-9.526329868328978767e-01,-9.526329868328978767e-01,-9.526329868328978767e-01,-9.526329868328978767e-01,-9.526329868328978767e-01,-9.526329868328978767e-01,-9.526329868328978767e-01,-9.526329868328978767e-01,-9.526329868328978767e-01,-9.526329868328978767e-01,-9.526329868328978767e-01,-5.943223803008672590e-01,2.060618552718475049e-01,-3.314736336778473930e-02,-6.438153917761144651e-01,-7.172716280071779194e-01,2.184448844432184955e-01,3.851324304558036427e-01,-4.358043227164395406e-01,3.734297773199756199e-01,1.204801545673276769e-01,-9.644229402012175489e-01,-2.620734255852467109e-01,6.826646841697331380e-01,2.094656861638156085e-03
1.437474458835772406e+00,4.626428083846103045e-01,8.673504742625683939e-01,4.126804419264796797e-01,5.294579993211886437e-01,8.493088182233532457e-01,-6.040110320611717931e-01,4.645266749231616310e-01,-2.200791666883532560e-01,-1.099503093869201864e+00,9.048957325332598334e-01,6.547967651512125453e-01,8.366443821579688800e-01,9.774842162361249143e-01,9.774842162361249143e-01,9.774842162361249143e-01,9.774842162361249143e-01,9.774842162361249143e-01,9.774842162361249143e-01,9.774842162361249143e-01,9.774842162361249143e-01,9.774842162361249143e-01,9.774842162361249143e-01,9.774842162361249143e-01,9.774842162361249143e-01,-5.942095912984137751e-01,4.169176101326080852e-01,1.963749922463466357e-01,-3.371644336900068706e-01,-3.343355039725794398e-01,5.955851713843389739e-01,-2.621633282829217704e-01,5.625640085477078695e-02,1.165232549115593708e+00,-1.039356093659489666e+00,-1.654676831993717068e+00,1.188454561441653068e+00,1.516024135504417503e+00,3.006438261172468800e-03
1.318435629293613909e+00,-6.413722951780974624e-01,8.234423275839518330e-02,7.131508339616481340e-01,1.128987912843354424e+00,-4.760523632758891788e-01,-1.043943362223126003e+00,2.478061049439983510e-01,2.516431101633476164e-01,-4.221331081983797362e-01,9.784437737553469683e-01,-6.663095227392076270e-01,8.367029811879650447e-01,-1.709075803790329751e-01,-1.709075803790329751e-01,-1.709075803790329751e-01,-1.709075803790329751e-01,-1.709075803790329751e-01,-1.709075803790329751e-01,-1.709075803790329751e-01,-1.709075803790329751e-01,-1.709075803790329751e-01,-1.709075803790329751e-01,-1.709075803790329751e-01,-1.709075803790329751e-01,-5.935481989034743222e-01,1.173552160299516478e+00,-8.862622677316455144e-01,-1.345410879039416363e+00,7.070974149758773031e-01,1.245635296772568568e+00,-5.747547287122179993e-01,-6.324615082140411237e-01,2.225640584909258646e-01,-8.663017320439854174e-01,3.166297231442511406e-01,5.391126410019047022e-01,-2.622217095713783030e-01,-8.361265627977944488e-04
8.956346416982050584e-01,-4.809421750294409770e-01,1.462485217510855806e+00,1.112241422124452317e+00,9.367805535434757802e-01,4.513819954573412008e-01,-6.783010624567302749e-01,4.034825814751354101e-02,1.277072951079476215e-01,-6.432971597119441221e-01,1.082367004862387627e-01,3.899873941364792040e-01,8.367635407677948001e-01,-1.637468674640623512e+00,-1.637468674640623512e+00,-1.637468674640623512e+00,-1.637468674640623512e+00,-1.637468674640623512e+00,-1.637468674640623512e+00,-1.637468674640623512e+00,-1.637468674640623512e+00,-1.637468674640623512e+00,-1.637468674640623512e+00,-1.637468674640623512e+00,-1.637468674640623512e+00,-5.930970577111939201e-01,-2.296127883624673738e-01,-8.061763027054729136e-01,-4.482350451153031545e-01,1.472522773763786097e-01,8.698721700134601775e-01,-1.472977883599320935e-02,-5.573411839534571088e-01,5.977305214407464540e-01,8.016371735354129724e-01,-1.088349444236990982e+00,-1.813995970184829387e+00,1.336112135059702055e+00,-3.044995325774443005e-03
5.414321959451980915e-01,3.674394874049677351e-01,1.397667943461727402e+00,4.774308382431628750e-02,5.624614952996921380e-01,5.026777580600700901e-01,-7.362312651607104685e-01,2.499446897338900020e-01,-2.649550984195804260e-01,-7.976650409968728539e-01,-3.996757350591425006e-01,1.160648922235635490e-02,8.368951627343520494e-01,-9.399860476938960430e-01,-9.399860476938960430e-01,-9.399860476938960430e-01,-9.399860476938960430e-01,-9.399860476938960430e-01,-9.399860476938960430e-01,-9.399860476938960430e-01,-9.399860476938960430e-01,-9.399860476938960430e-01,-9.399860476938960430e-01,-9.399860476938960430e-01,-9.399860476938960430e-01,-5.938615994528864128e-01,-5.381444195354259108e-01,2.845520795145948800e-01,-2.025156094193457934e-01,-2.864562603624895010e-01,6.986987051731754494e-01,-1.891145543279609820e-01,-4.373510954252019522e-01,6.864929444458426344e-01,3.362789888544592265e-01,-8.031186803365431004e-01,-8.939353324267911294e-01,9.634329197360947949e-01,-1.828117288484895457e-03
8.868941681251472087e-01,2.071667921610878538e-01,1.713643733226166255e+00,3.670069976905961789e-02,4.619408348073255621e-01,6.265389478096160536e-01,-3.708841623609268057e-01,-7.057414814404787684e-01,-2.962639932504003704e-01,-1.453049766051915492e+00,1.566924160913386876e-01,9.114234636294237246e-01,8.370055318597949823e-01,-1.073601873333889456e+00,-1.073601873333889456e+00,-1.073601873333889456e+00,-1.073601873333889456e+00,-1.073601873333889456e+00,-1.073601873333889456e+00,-1.073601873333889456e+00,-1.073601873333889456e+00,-1.073601873333889456e+00,-1.073601873333889456e+00,-1.073601873333889456e+00,-1.073601873333889456e+00,-5.942301455051308690e-01,-6.057238483901438153e-01,2.477242269770956740e-01,1.768046130049210629e-01,-6.130048892745832978e-01,3.752481116828264018e-01,3.189027766757766558e-01,3.701060025455838592e-02,1.062688952202499371e+00,1.839876657295637374e-02,-1.652413510359629800e+00,-8.899231906827042016e-01,1.502555373985018150e+00,-2.140436977094161558e-03
3.439406879302260300e-01,-2.417410781063186187e-01,3.259581303031557908e-01,-7.041301252623333173e-01,3.110864157537950314e-01,-4.810150559665321568e-01,-2.587674434191856720e-01,6.287912145233358618e-01,7.540329367677560679e-01,-1.291243741904474662e+00,-4.488902775131493605e-01,-1.179196736472308132e-01,8.370527423884084328e-01,-9.541369334592763041e-01,-9.541369334592763041e-01,-9.541369334592763041e-01,-9.541369334592763041e-01,-9.541369334592763041e-01,-9.541369334592763041e-01,-9.541369334592763041e-01,-9.541369334592763041e-01,-9.541369334592763041e-01,-9.541369334592763041e-01,-9.541369334592763041e-01,-9.541369334592763041e-01,-5.945431170032545731e-01,7.637653057233007026e-02,1.932036809801664368e-01,-2.308661628054810289e-01,2.078331340270427041e-01,4.768744332843574130e-01,-1.150227406871315639e+00,-9.722743995224858438e-01,1.157162191694263376e+00,5.212060822486289657e-01,-5.834421657761489355e-01,-5.282937880699106747e-01,-6.447768024420962203e-03,-1.315987871452286868e-03
-2.895993466067022237e-01,8.016958564826211220e-02,6.836039538970751783e-01,-6.199303796155445356e-01,-8.530356588531028128e-02,-5.069790830038718443e-01,4.491032283426099059e-01,-2.949767974950519012e-01,6.446327652332438651e-01,-1.227152892448180266e+00,4.531236393614316849e-01,1.183820947791054845e+00,8.371224211230958723e-01,-4.403163242569456681e-01,-4.403163242569456681e-01,-4.403163242569456681e-01,-4.403163242569456681e-01,-4.403163242569456681e-01,-4.403163242569456681e-01,-4.403163242569456681e-01,-4.403163242569456681e-01,-4.403163242569456681e-01,-4.403163242569456681e-01,-4.403163242569456681e-01,-4.403163242569456681e-01,-5.950275615050846234e-01,-7.411254176768450330e-01,2.889909115026743636e-01,5.589672354852737168e-01,3.840926149608117623e-02,-2.290608025454795860e-01,-4.917240304588543776e-01,-7.095181185699404869e-02,1.122288588427861278e+00,-9.071892172665903253e-02,-1.279573864610647593e+00,-1.283394862220629817e-02,4.548323731317824997e-02,-2.085456985656005237e-04
-1.157372356664677859e+00,-1.095445564683671824e+00,9.400097806787810484e-01,9.596486792877743088e-01,-1.099584180178567738e-01,7.536341950487623897e-01,1.201423323281148869e-01,-1.027620112959050980e+00,-4.384703269503623657e-01,-7.269226496048768471e-01,4.205847581831456683e-01,3.668853044649595940e-01,8.371350771300248850e-01,-7.353246197526391859e-01,-7.353246197526391859e-01,-7.353246197526391859e-01,-7.353246197526391859e-01,-7.353246197526391859e-01,-7.353246197526391859e-01,-7.353246197526391859e-01,-7.353246197526391859e-01,-7.353246197526391859e-01,-7.353246197526391859e-01,-7.353246197526391859e-01,-7.353246197526391859e-01,-5.950345888805961270e-01,-1.487785148871263230e+00,-9.253280589279127000e-01,5.353947640574716615e-01,-3.961900370420218809e-01,-2.298892753026633151e-01,8.673936714630484657e-01,5.970806815098659293e-01,2.569389946560393101e-01,-5.904279642642662473e-01,-2.742155331969573506e-01,-2.272584663429641494e-01,-1.433911999670104631e+00,-4.341308939520507502e-04
-1.978476204188064136e+00,-9.284375779773390569e-01,1.053571069762349044e+00,1.418019376201602455e-01,-2.073223726302632741e+00,8.208238092781239281e-01,7.629369360120203947e-01,8.544257265558935499e-02,1.209928656381583423e+00,5.080256724791895051e-01,6.450636883828169132e-01,-2.054660727035090839e-01,8.371512693710738695e-01,8.526915523905732597e-01,8.526915523905732597e-01,8.526915523905732597e-01,8.526915523905732597e-01,8.526915523905732597e-01,8.526915523905732597e-01,8.526915523905732597e-01,8.526915523905732597e-01,8.526915523905732597e-01,8.526915523905732597e-01,8.526915523905732597e-01,8.526915523905732597e-01,-5.951080736013928396e-01,-2.813677028457759466e+00,-3.140866857122956990e-01,2.446263142131127832e+00,-5.191032366818261190e-01,-1.014621986693047928e+00,5.532509475729259218e-01,-2.592396195308739326e-01,-4.005077889648257505e-01,-6.367801430303874355e-01,-1.346993970149377162e-01,1.567744492980572835e+00,1.086283730970264205e+00,-3.906283915060569179e-04
-5.775121463375872954e-01,-1.412997173554318309e+00,3.824798791489631127e-03,3.343700800620226232e-01,-2.025230283977278223e+00,8.055355857440088529e-01,1.610630287051153298e+00,-3.158671085351623109e-01,9.011914162633236636e-01,-1.259392168730173678e+00,1.214929923080166452e+00,1.264830150841192102e+00,8.371631495003239998e-01,-1.280437713759049911e+00,-1.280437713759049911e+00,-1.280437713759049911e+00,-1.280437713759049911e+00,-1.280437713759049911e+00,-1.280437713759049911e+00,-1.280437713759049911e+00,-1.280437713759049911e+00,-1.280437713759049911e+00,-1.280437713759049911e+00,-1.280437713759049911e+00,-1.280437713759049911e+00,-5.951988131966211570e-01,-1.112584831275286623e+00,-6.730624884487875770e-01,2.356967959007247426e+00,-5.242731765054099435e-01,-1.723849178649538905e+00,2.074835952172535691e-01,7.993095799440116389e-01,1.160523278413158499e+00,-5.959301756487136448e-01,-1.447618040299098352e+00,-1.645821306343435708e-01,1.016818084303689751e-01,8.415899610936625563e-06
-1.776813716552008371e+00,-1.568245641308829708e+00,5.638841124404669891e-01,1.484952875537064454e-01,-1.417023161901180162e+00,2.220108392035095246e+00,8.339487757541731439e-01,-1.477880095697880147e+00,1.115487804584136988e+00,-7.649209905489242622e-01,1.985132427273787581e+00,-3.083818931256419593e-01,8.371712284486498845e-01,3.129420548124781098e-01,3.129420548124781098e-01,3.129420548124781098e-01,3.129420548124781098e-01,3.129420548124781098e-01,3.129420548124781098e-01,3.129420548124781098e-01,3.129420548124781098e-01,3.129420548124781098e-01,3.129420548124781098e-01,3.129420548124781098e-01,3.129420548124781098e-01,-5.952561546105100687e-01,-2.065701591327777198e+00,-2.465584795760338288e-01,1.749586833215954540e+00,-1.916658687879708500e+00,-8.692593395122764077e-01,1.948224649545042375e+00,3.200508406268467998e-01,-6.643725824554314041e-02,-1.859818947823444812e+00,1.968238111788900013e-01,1.924839050808655028e+00,-1.006149902853435307e+00,8.415899610936625563e-06
