-1.884721215712039516e-02,6.069636782646140594e-01,2.964100631093294913e-01,-2.168211447340687048e+00,1.649454689267364715e+00,-2.757953464816915723e-01,-1.778894017768854807e+00,-1.503655844127450847e-01,8.940871931180895960e-01,2.124354647084720216e-01,8.292286125777680317e-01,-2.300076302016291763e-01,-1.000721182005444465e+00,8.119558987347208490e-01,8.119558987347208490e-01,8.119558987347208490e-01,8.119558987347208490e-01,8.119558987347208490e-01,8.119558987347208490e-01,8.119558987347208490e-01,8.119558987347208490e-01,8.119558987347208490e-01,8.119558987347208490e-01,8.119558987347208490e-01,8.119558987347208490e-01,-6.212041610530882885e-01,8.161949970292851908e-02,1.580691282401786468e+00,-1.546796113466632594e+00,-4.827087619754317771e-01,2.588310097855290426e+00,2.414285201165839931e-02,-1.417924905351236164e+00,-2.527839952064827034e-01,-3.986985083888697767e-01,3.790104804338578215e-01,1.010097137276445345e+00,-8.364159964558581795e-01,-5.574330301979012381e-06
-4.124954199571983504e-01,-1.061737425973087873e-01,6.780184082413081015e-01,-7.548622887298214179e-01,1.410102418340229313e+00,1.856781753076780506e-02,-1.241777919366690242e+00,-2.575028319661676335e-01,1.329431806285308326e-01,-1.664404887825369883e+00,6.177028307224298187e-01,1.603799567432655726e+00,-1.000720432142987670e+00,-6.300783337691658881e-01,-6.300783337691658881e-01,-6.300783337691658881e-01,-6.300783337691658881e-01,-6.300783337691658881e-01,-6.300783337691658881e-01,-6.300783337691658881e-01,-6.300783337691658881e-01,-6.300783337691658881e-01,-6.300783337691658881e-01,-6.300783337691658881e-01,-6.300783337691658881e-01,-6.212091176825699224e-01,-4.504304239430604317e-01,3.702610380105714194e-01,-9.295694311908254681e-01,-3.132854944774339234e-01,1.761634076565263163e+00,-2.313527740274706479e-01,-5.596638011387808920e-01,1.322917599547393408e+00,-2.777329574228143416e-01,-2.269324741913952170e+00,-2.031702637128610101e-01,1.945967992915662137e+00,8.059126422987294801e-06
-5.387198693276682437e-01,5.417490867163168855e-02,5.838069514777406432e-01,1.936537009069782267e-01,-8.141346669140652192e-01,-1.793076052927583819e-01,-3.127017840368113144e-01,-9.766194150014608777e-01,-1.536784107108457031e-01,-1.219880058697479397e+00,5.818788583117679991e-01,1.681806906528382717e+00,-1.000720202511648838e+00,-8.342411367203428352e-01,-8.342411367203428352e-01,-8.342411367203428352e-01,-8.342411367203428352e-01,-8.342411367203428352e-01,-8.342411367203428352e-01,-8.342411367203428352e-01,-8.342411367203428352e-01,-8.342411367203428352e-01,-8.342411367203428352e-01,-8.342411367203428352e-01,-8.342411367203428352e-01,-6.212055023481460880e-01,-8.711995336797155876e-01,-1.409177908533243706e-01,8.849489914843865490e-01,-7.272167303579490927e-02,-1.559042057197689846e-01,2.674064088780136461e-01,1.765803812569561315e-01,7.563650234484484702e-01,-2.515293092194751390e-01,-1.997528052227798723e+00,-4.941669161453708381e-01,1.013453832705066171e+00,-1.914886178889245386e-06
-6.581260802629104179e-01,-2.399233396816872754e-01,5.904223311191616475e-01,7.075751142981544506e-01,-4.994192936228335489e-01,-3.519649998373783339e-01,-8.190966610137550008e-01,-7.469249935715651656e-01,-4.690235876245205660e-01,5.112127134672245221e-01,1.344147994811624169e+00,1.254296075631872176e+00,-1.000719951705775657e+00,-1.573871865168910422e-01,-1.573871865168910422e-01,-1.573871865168910422e-01,-1.573871865168910422e-01,-1.573871865168910422e-01,-1.573871865168910422e-01,-1.573871865168910422e-01,-1.573871865168910422e-01,-1.573871865168910422e-01,-1.573871865168910422e-01,-1.573871865168910422e-01,-1.573871865168910422e-01,-6.212022334532903978e-01,-8.717444515888183032e-01,-7.093100323002391461e-01,4.991396359021056384e-01,2.792674165151194932e-01,3.195429969406706205e-01,4.617508767514365009e-01,4.515826228661935504e-01,-3.379422142425415609e-01,-1.313326657642565731e+00,-7.839201015395337313e-01,5.938528175848608592e-01,7.308401580542551734e-01,-1.439678289880369743e-05
1.638412622051400314e-01,-1.097644624923664658e+00,3.557349630099158611e-01,-1.275433095966761243e+00,5.088508538365219547e-01,-6.155237597683371753e-01,-2.471050801771965122e-01,2.983499992341871465e-01,-8.694415652550435691e-02,-1.224368044956127832e+00,-1.526425021067148446e-01,3.924983175632107413e-01,-1.000719358065697895e+00,-1.097742992894420011e+00,-1.097742992894420011e+00,-1.097742992894420011e+00,-1.097742992894420011e+00,-1.097742992894420011e+00,-1.097742992894420011e+00,-1.097742992894420011e+00,-1.097742992894420011e+00,-1.097742992894420011e+00,-1.097742992894420011e+00,-1.097742992894420011e+00,-1.097742992894420011e+00,-6.212046357771211502e-01,-1.004582392453746142e-01,-2.584595119982203149e-01,-1.902590991960441125e-01,1.732426141211518833e-01,4.175321285398068127e-01,-7.911976489555662129e-01,-1.182772567101987166e-01,9.914249488606433625e-01,6.783752334074227841e-01,-5.638189234936155092e-01,-1.379938857135156294e+00,-8.587264664806806280e-01,-1.230776797222803101e-05
-8.040289780480904813e-01,-1.668436332566838098e+00,-2.253504060720503688e-01,-1.909504908655901834e-01,1.179713430120479689e+00,-4.403179820624676388e-01,-8.656198844185285513e-01,-3.739968980125935594e-01,4.271181944930276808e-01,-1.652233868553494300e-01,1.854473711093430344e-01,4.611349930701813538e-01,-1.000718778132238196e+00,-2.351857163435077336e+00,-2.351857163435077336e+00,-2.351857163435077336e+00,-2.351857163435077336e+00,-2.351857163435077336e+00,-2.351857163435077336e+00,-2.351857163435077336e+00,-2.351857163435077336e+00,-2.351857163435077336e+00,-2.351857163435077336e+00,-2.351857163435077336e+00,-2.351857163435077336e+00,-6.212088976316063604e-01,2.366236722707161858e-02,-1.222594644184771928e+00,-1.280719264874791374e+00,1.793986154988341242e-01,1.430027917893274436e+00,3.210456595126566504e-03,-7.646432195677980159e-01,5.575125537093574696e-02,6.353250210692690247e-01,-5.528959971819287222e-01,-1.800919310452451461e+00,5.593094381553125327e-01,-4.080126861808890249e-06
-8.445733619307520534e-01,-1.061488317548660243e+00,-5.596379537038027180e-02,1.086948458059957545e+00,1.756423775638183526e+00,-6.530181997452468856e-01,-9.314150832062523255e-01,-2.961992242260272357e-01,7.718396729249753507e-01,8.837016077861460650e-02,8.581801141661749011e-01,3.307765771342244809e-01,-1.000718426369332947e+00,-8.070609579940150047e-01,-8.070609579940150047e-01,-8.070609579940150047e-01,-8.070609579940150047e-01,-8.070609579940150047e-01,-8.070609579940150047e-01,-8.070609579940150047e-01,-8.070609579940150047e-01,-8.070609579940150047e-01,-8.070609579940150047e-01,-8.070609579940150047e-01,-8.070609579940150047e-01,-6.212100395822633958e-01,-1.530140148318409957e-02,-1.617181522443505104e+00,-1.590630420775607901e+00,7.509415745722461955e-01,1.866671094592684543e+00,-8.560602575420375726e-02,-8.411264782310977628e-01,-1.020577917282872310e-01,-4.893053765747950035e-01,-9.477382746988910478e-02,2.479204980631495581e-01,-1.169893462210494617e+00,4.029106711868363552e-07
-1.968084119054211156e-01,-6.199077395180457861e-01,7.263654009794625610e-01,2.176639220938943742e-01,4.391010345449558594e-01,-4.138914221546614591e-01,-3.944494464916722953e-01,3.516291376092261500e-01,1.350284115614241165e-01,-6.330408648803015348e-01,1.900730383276870994e-01,-1.001097499346832453e+00,-1.000718275539268065e+00,9.158674903705741333e-01,9.158674903705741333e-01,9.158674903705741333e-01,9.158674903705741333e-01,9.158674903705741333e-01,9.158674903705741333e-01,9.158674903705741333e-01,9.158674903705741333e-01,9.158674903705741333e-01,9.158674903705741333e-01,9.158674903705741333e-01,9.158674903705741333e-01,-6.212093374233249587e-01,-5.751184976443443064e-01,-7.145921304834581544e-01,7.230646128578620269e-02,4.827145891245467335e-01,5.865124224939159969e-01,-5.859451353986326883e-01,-2.585936720866804928e-01,3.074181140615092067e-01,-1.349759426184006239e-01,2.881915733528368495e-01,5.995162061128788134e-01,-9.164567947607969722e-03,1.725773032885567932e-06
3.051526017448920047e-01,-6.043037408995983739e-01,1.573456826753335258e-01,-7.752720524842943162e-01,3.863259357530825500e-01,-2.194096474157825882e-01,-4.232801350004866126e-01,-5.551918749305528866e-01,1.381161127016355294e+00,-1.166028899748973030e-01,-4.638542300268818502e-02,-3.228865988102305185e-01,-1.000718038753283468e+00,7.056011313842652788e-01,7.056011313842652788e-01,7.056011313842652788e-01,7.056011313842652788e-01,7.056011313842652788e-01,7.056011313842652788e-01,7.056011313842652788e-01,7.056011313842652788e-01,7.056011313842652788e-01,7.056011313842652788e-01,7.056011313842652788e-01,7.056011313842652788e-01,-6.212077746062127925e-01,9.778339607457899041e-02,-5.554067291478281820e-02,-3.023087290993969889e-01,-2.177341344408400547e-01,1.003122683799829717e+00,2.399451751785781906e-01,-1.417055122558663838e+00,-2.400545287180474718e-01,8.006899998164259680e-01,-1.168418085047514682e-01,1.902583394417658169e-01,6.489335392235094924e-01,5.974537224754874901e-05
-2.265149348071850421e-01,-6.844434765006305321e-01,5.509113495484776850e-03,1.600447012168186578e-01,-9.368739256350278044e-01,-3.141275465242608922e-01,4.015506821772571455e-01,9.030750392681583527e-01,1.026045875730022372e+00,-8.484041508404620568e-01,-1.188731339541032606e+00,-1.062998086193307934e+00,-1.000717817226580708e+00,-1.402594901202977029e-01,-1.402594901202977029e-01,-1.402594901202977029e-01,-1.402594901202977029e-01,-1.402594901202977029e-01,-1.402594901202977029e-01,-1.402594901202977029e-01,-1.402594901202977029e-01,-1.402594901202977029e-01,-1.402594901202977029e-01,-1.402594901202977029e-01,-1.402594901202977029e-01,-6.212062743197876991e-01,-2.950169556271522997e-01,-6.893757457144240597e-01,7.996396316317563313e-01,5.405325754978971275e-01,-4.336388897260285424e-01,-9.616480271234479904e-01,-1.092803745768315071e+00,6.623929192009510025e-01,1.603652174501403849e+00,2.073413353723727315e-01,-8.533958375457179057e-01,5.702822560081495240e-01,3.573039738435348969e-04
-8.003633042095223971e-01,-1.327796655975541418e+00,-3.331756111770790563e-01,-1.585788064603897318e+00,-1.315841237782248638e-02,5.722280282536641449e-01,2.025708756767402363e+00,1.239867274355131332e+00,7.317289636451407286e-01,-3.774019229578455259e-01,-1.634601398620827206e+00,-1.479027802434995431e+00,-1.000717423088876901e+00,-5.659841246150980609e-01,-5.659841246150980609e-01,-5.659841246150980609e-01,-5.659841246150980609e-01,-5.659841246150980609e-01,-5.659841246150980609e-01,-5.659841246150980609e-01,-5.659841246150980609e-01,-5.659841246150980609e-01,-5.659841246150980609e-01,-5.659841246150980609e-01,-5.659841246150980609e-01,-6.211697063213031944e-01,-1.232959136045772980e-01,2.012439294608039109e-01,4.453684340264678077e-01,-5.783901548333504339e-01,-1.506561467491801087e+00,-6.553729301963882037e-01,-1.237443691257939654e-01,4.092520710865342748e-01,1.687297428853662407e+00,5.475827205185512803e-01,-1.107121321561256533e+00,8.185439459479111335e-01,2.430264712039551141e-04
-8.208868772764843502e-01,-8.142681950726787798e-01,-1.781176158517204233e-01,-1.459483236803384099e+00,-5.602336881568635851e-01,5.449989591950452628e-01,1.280289357439592601e+00,-2.255827296043261265e-02,-5.392243604951523217e-01,-9.337204090250278421e-01,-6.572074874114633980e-01,-1.168463030496587285e+00,-1.000717050506336747e+00,1.026164868933541863e+00,1.026164868933541863e+00,1.026164868933541863e+00,1.026164868933541863e+00,1.026164868933541863e+00,1.026164868933541863e+00,1.026164868933541863e+00,1.026164868933541863e+00,1.026164868933541863e+00,1.026164868933541863e+00,1.026164868933541863e+00,1.026164868933541863e+00,-6.209886788930373269e-01,-3.609537362504765534e-01,4.779397070832591132e-01,6.947751241063750971e-01,-8.679233544718830684e-01,-1.540089416583360293e+00,3.891334031915197333e-02,9.097250862806280924e-01,2.974401839530917413e-01,3.213876974469722092e-01,6.561659563567354692e-01,1.096009161025138651e-01,-1.042390830169036109e+00,-3.564847859193890950e-04
-1.089036541706184247e+00,2.723411989153737833e-01,7.031538817526852281e-01,-1.138558011773979306e+00,-8.929600918535304244e-01,-4.801019945327164584e-01,1.517245347340782091e+00,-1.491247554817685561e+00,-7.561075194350927453e-02,1.285012987159270370e+00,1.489967862991235847e+00,-1.155356900656532515e+00,-1.000712974531920318e+00,-1.472798471735918380e+00,-1.472798471735918380e+00,-1.472798471735918380e+00,-1.472798471735918380e+00,-1.472798471735918380e+00,-1.472798471735918380e+00,-1.472798471735918380e+00,-1.472798471735918380e+00,-1.472798471735918380e+00,-1.472798471735918380e+00,-1.472798471735918380e+00,-1.472798471735918380e+00,-6.210210583668004380e-01,-1.241676536738874015e+00,6.730146817624722555e-01,1.631851455958432950e+00,-3.844264575391250216e-01,-1.742234549456146198e+00,1.091611377995175713e+00,1.448272650479744295e+00,-1.719607425196670647e+00,-8.422993323149240430e-01,9.665202628954561170e-01,-4.900480597962397211e-01,6.878262500117952039e-01,-3.016618360090568465e-04
-1.437038901004531022e+00,2.885494723720237742e-01,1.038343118516751984e+00,-1.113819990730250398e-01,-1.594483904089082582e+00,-5.538077686955452661e-01,2.338844223173430770e+00,-2.521548948443651739e+00,-6.789243066312956876e-02,1.643478607231254385e+00,1.872183579862876313e+00,-1.575880025401217521e+00,-1.000694375263234459e+00,-1.608927051299847033e+00,-1.608927051299847033e+00,-1.608927051299847033e+00,-1.608927051299847033e+00,-1.608927051299847033e+00,-1.608927051299847033e+00,-1.608927051299847033e+00,-1.608927051299847033e+00,-1.608927051299847033e+00,-1.608927051299847033e+00,-1.608927051299847033e+00,-1.608927051299847033e+00,-6.212017363031768769e-01,-1.805992415896765735e+00,6.126013850627519408e-02,2.637448690583425126e+00,-3.020490497933844276e-01,-2.769540769799987423e+00,1.835440299854212087e+00,2.032841280869702505e+00,-2.483917337832279415e+00,-1.033182900613874411e+00,1.603271330291266672e+00,-5.139056368457307622e-01,-1.752701651774206948e-01,1.117264748896752833e-05
-1.023110032350284415e+00,-4.569290574576563291e-01,3.177225232889933637e-01,-3.042584372793654124e-01,-1.083886311415923842e+00,9.957781958579303705e-01,1.168609467450695494e+00,-1.636028708441535917e+00,-5.657489481307081958e-01,7.340864634161292646e-01,1.072653494099798488e+00,-1.051663346279378075e+00,-1.000693559405318345e+00,-2.160866337647891766e-01,-2.160866337647891766e-01,-2.160866337647891766e-01,-2.160866337647891766e-01,-2.160866337647891766e-01,-2.160866337647891766e-01,-2.160866337647891766e-01,-2.160866337647891766e-01,-2.160866337647891766e-01,-2.160866337647891766e-01,-2.160866337647891766e-01,-2.160866337647891766e-01,-6.212010392419251570e-01,-9.466115647330386462e-01,2.258722271219547051e-01,1.378729105557090495e+00,-1.313361499997269588e+00,-1.693269146181491047e+00,1.742983743774531913e+00,1.516957547850430243e+00,-1.409567775374555909e+00,-9.306387004247764771e-01,8.491033608611309180e-01,1.598351450400810614e-01,-8.252807824317049956e-01,2.147865303323573611e-05
-6.524632570129833553e-01,-3.854450192785676133e-01,5.136307054813660233e-02,-4.112439592585031556e-01,-9.142528693574835108e-01,1.337894987750237963e+00,8.594728526373355271e-01,-6.963197767904220070e-01,1.046294683847132090e+00,-1.017311502242089549e+00,-6.117948328417315701e-02,-8.069813256952059755e-01,-1.000693151634304057e+00,1.554426651655102409e+00,1.554426651655102409e+00,1.554426651655102409e+00,1.554426651655102409e+00,1.554426651655102409e+00,1.554426651655102409e+00,1.554426651655102409e+00,1.554426651655102409e+00,1.554426651655102409e+00,1.554426651655102409e+00,1.554426651655102409e+00,1.554426651655102409e+00,-6.211929735816102971e-01,-5.291131768953635239e-01,4.650893677022009398e-01,9.679002119721453745e-01,-1.350516786736652097e+00,-8.109108326685401380e-01,8.403308994311787794e-01,-4.391026558344242048e-01,1.505258851579781287e-01,-2.418560810410475687e-02,-1.035318155592418021e+00,1.468502097099438464e+00,2.273343194271013168e+00,2.276948783365005763e-05
-1.137760352636762562e+00,-1.264404282364100518e-01,-3.253516753269645317e-02,-9.527067542335579953e-01,8.592331950086520287e-01,4.970524773369081606e-01,1.910714619566690864e+00,-1.211815440843974301e+00,2.995336264877597465e-02,1.283401348300632072e-01,-1.857982326518338168e-01,4.198796514773308619e-01,-1.000692265593008390e+00,1.421301719821530807e-01,1.421301719821530807e-01,1.421301719821530807e-01,1.421301719821530807e-01,1.421301719821530807e-01,1.421301719821530807e-01,1.421301719821530807e-01,1.421301719821530807e-01,1.421301719821530807e-01,1.421301719821530807e-01,1.421301719821530807e-01,1.421301719821530807e-01,-6.211860585595627704e-01,-3.482921064927089194e-01,6.484842201156411079e-01,2.840447685254229079e-03,-1.006411776545166559e+00,-1.241102856367945817e+00,1.075507030078500792e+00,9.481496807636328183e-01,-4.948798890649781512e-01,2.346336727727550975e-01,-4.009139293202320098e-01,-1.136382981922431229e-01,2.526567945314510122e-01,8.814002222217143592e-03
-5.940755867418686664e-01,7.694897936981447140e-02,4.045564764151546866e-01,-9.881916707853342086e-01,-4.455840508976874892e-01,7.582512161575514220e-01,1.002200117484565167e+00,-1.580433731651049944e+00,3.180825044509429933e-01,4.288416710259235765e-01,-3.198931934503156382e-01,3.148482952884012476e-01,-1.000691045733679507e+00,-2.594553875436893087e+00,-2.594553875436893087e+00,-2.594553875436893087e+00,-2.594553875436893087e+00,-2.594553875436893087e+00,-2.594553875436893087e+00,-2.594553875436893087e+00,-2.594553875436893087e+00,-2.594553875436893087e+00,-2.594553875436893087e+00,-2.594553875436893087e+00,-2.594553875436893087e+00,-6.211772140950693188e-01,-6.856170483138473992e-01,9.086688639269623335e-01,9.335196141018569094e-01,-1.320821209336589197e+00,-9.616941605814918193e-01,1.518943441668226146e+00,1.584229762157104426e-01,-8.658155319653659809e-01,7.868777551867006670e-01,-4.591483631711563707e-01,-1.906067843859177824e+00,9.630420148015272908e-01,4.288844433980212867e-02
-9.454576595722190557e-01,4.109595655153267663e-02,2.950764146668332644e-01,-1.410475966797366532e+00,1.158140310209756496e-01,1.442578863973844605e+00,1.013025723938939526e+00,-1.029623488064130843e+00,-4.796525491895177185e-01,1.084522955475084594e+00,-2.023198647292264063e+00,-8.981561423314269321e-01,-1.000689463455698869e+00,-1.130123080689960924e+00,-1.130123080689960924e+00,-1.130123080689960924e+00,-1.130123080689960924e+00,-1.130123080689960924e+00,-1.130123080689960924e+00,-1.130123080689960924e+00,-1.130123080689960924e+00,-1.130123080689960924e+00,-1.130123080689960924e+00,-1.130123080689960924e+00,-1.130123080689960924e+00,-6.158662518110832318e-01,-6.577413599692651935e-01,1.382575863012769357e+00,4.626434194801422040e-01,-1.825047615334599582e+00,-9.794853833290019240e-01,1.633159647345245657e+00,2.035336455688737944e-01,-1.335552363514648011e+00,1.619899239526265466e+00,1.049099478241025674e+00,-1.832220405669395813e+00,-1.018895550660986471e+00,8.626687138523102261e-02
-7.569322936120005396e-01,-4.131588488952416677e-02,2.194871553976780187e-01,-9.035666867606980679e-01,1.228835635958084760e+00,1.790876653686139131e+00,1.071552022655565484e+00,-6.096096452952428635e-01,5.508962977904826586e-01,3.511646713830828270e-01,-1.702554495580106630e+00,-8.111431758342412257e-01,-1.000687353094416698e+00,-1.705201073414748913e+00,-1.705201073414748913e+00,-1.705201073414748913e+00,-1.705201073414748913e+00,-1.705201073414748913e+00,-1.705201073414748913e+00,-1.705201073414748913e+00,-1.705201073414748913e+00,-1.705201073414748913e+00,-1.705201073414748913e+00,-1.705201073414748913e+00,-1.705201073414748913e+00,-5.952991469892007226e-01,-2.916892921007827599e-01,1.160132918724697371e+00,-3.585849002031558652e-01,-1.825259396916662613e+00,-1.746306638097812891e-01,1.333435422088369515e+00,-5.168639037349064269e-01,-6.747316603946845737e-01,1.882356569971475713e+00,3.518457151618551437e-01,-1.987881582578804318e+00,6.903019200625698515e-02,4.538891601556457878e-02
1.380190287371597879e+00,-1.277891564246080414e+00,1.328400144916334069e+00,-2.595250466814573276e+00,5.255039224583024637e-01,1.180840525541075436e+00,7.134567942519545181e-01,2.749359251943693516e-02,1.809422901446804122e-03,9.580970337448045937e-01,-2.122169502562363252e+00,3.923854918450202511e-01,-1.000151038352915966e+00,-5.824431531076075252e-01,-5.824431531076075252e-01,-5.824431531076075252e-01,-5.824431531076075252e-01,-5.824431531076075252e-01,-5.824431531076075252e-01,-5.824431531076075252e-01,-5.824431531076075252e-01,-5.824431531076075252e-01,-5.824431531076075252e-01,-5.824431531076075252e-01,-5.824431531076075252e-01,-5.638165163909826250e-01,-2.778652373418591393e-01,1.047719005553461091e+00,8.042752353543669575e-01,-1.688310540647971481e+00,-3.725493676291415368e-01,7.718270857995438439e-01,-4.043191984158991947e-01,-4.969934086489979919e-01,1.833583865368113575e+00,6.154938891235585130e-01,-1.489459755747705172e+00,-7.545268901899354619e-01,-4.258035021554187893e-02
2.161856533135747327e+00,-1.533712594299353693e+00,1.155591495176153671e+00,-1.708707739533901204e+00,1.463079164085339112e-01,1.058725372720615177e+00,4.278908511850834651e-01,-4.544158266255474143e-01,-4.882356558406528713e-01,1.458568566800145794e+00,-2.675600543286791755e+00,-2.939404303140109587e-01,-9.980781359127580687e-01,-6.462164449987575221e-01,-6.462164449987575221e-01,-6.462164449987575221e-01,-6.462164449987575221e-01,-6.462164449987575221e-01,-6.462164449987575221e-01,-6.462164449987575221e-01,-6.462164449987575221e-01,-6.462164449987575221e-01,-6.462164449987575221e-01,-6.462164449987575221e-01,-6.462164449987575221e-01,-5.679124609733230411e-01,1.550311305839438270e-01,3.088185832774503203e-01,8.555738854242116442e-01,-1.459486343899694782e+00,-4.643506885442881815e-01,1.161168002972406299e+00,-3.521011797657690456e-01,-1.181448448831264431e+00,2.033942539593670773e+00,1.059441464957871615e+00,-1.780138054552704796e+00,-2.507160786320446477e-01,-3.257561979065586727e-02
3.071953822251347166e+00,-8.637473955496707267e-01,1.318386729353132170e+00,6.534969687115597115e-01,1.141032509731931821e+00,1.487997265871809027e+00,-4.912109385099557857e-01,-7.455757056564474849e-01,-1.052510634046450289e+00,4.987378956097098803e-01,-1.471598089841927193e+00,5.817157589715398203e-01,-9.943720030257494624e-01,4.065063098189244939e-02,4.065063098189244939e-02,4.065063098189244939e-02,4.065063098189244939e-02,4.065063098189244939e-02,4.065063098189244939e-02,4.065063098189244939e-02,4.065063098189244939e-02,4.065063098189244939e-02,4.065063098189244939e-02,4.065063098189244939e-02,4.065063098189244939e-02,-5.895046561458910928e-01,6.552354302878156123e-01,-4.320688381639086195e-01,-3.756946141084496760e-02,-1.158810971815205537e+00,5.958024058945051715e-01,1.319190825031600678e+00,7.318460601002683974e-02,-4.909843312492530587e-01,7.876883943770840446e-01,2.297496742324193209e-01,-8.445510614532955040e-01,-7.471468184749865404e-01,2.819050399924162911e-02
1.413205404916235475e+00,-5.613044579947487067e-01,1.524351679149517080e+00,-3.303301805080145481e-01,-1.122232093634592809e-01,1.484383009510599871e+00,4.869624802524032958e-01,1.527215461656943885e-01,3.397704388614248838e-01,2.481111818464588392e+00,-7.631379615167459551e-01,8.710658438248506386e-01,-9.927114993976789981e-01,-6.896117770292000682e-01,-6.896117770292000682e-01,-6.896117770292000682e-01,-6.896117770292000682e-01,-6.896117770292000682e-01,-6.896117770292000682e-01,-6.896117770292000682e-01,-6.896117770292000682e-01,-6.896117770292000682e-01,-6.896117770292000682e-01,-6.896117770292000682e-01,-6.896117770292000682e-01,-5.875644093748843000e-01,-5.396753628721870921e-01,3.492545316904268060e-01,1.318773490118965164e+00,-1.204805559966793060e+00,-3.575489532320262898e-01,1.207478310301963065e+00,-3.066008865127188843e-01,-1.287211209621741403e+00,8.807447060814059814e-01,2.288580689491073739e-01,-8.449804431905839630e-01,1.133399546855791140e+00,1.181963740726502954e-01
1.119377960668840766e+00,-1.245315789087564212e-01,1.751948312983760303e+00,-6.652933456925513855e-01,-4.761592738357597887e-01,1.754418744505504835e+00,5.940976451478735543e-01,-7.665366675749886172e-01,1.816305581169455896e-01,4.826751296569237737e-01,-9.350504219240142190e-01,1.036846975547939920e+00,-9.911793694690897993e-01,-8.265070322734973107e-01,-8.265070322734973107e-01,-8.265070322734973107e-01,-8.265070322734973107e-01,-8.265070322734973107e-01,-8.265070322734973107e-01,-8.265070322734973107e-01,-8.265070322734973107e-01,-8.265070322734973107e-01,-8.265070322734973107e-01,-8.265070322734973107e-01,-8.265070322734973107e-01,-5.724943522508155747e-01,-9.282834881265362714e-01,9.500518765697336665e-01,1.772633467540601471e+00,-1.768517405967178213e+00,-6.697808740670117000e-01,1.453972283205683391e+00,-1.784852777010283997e-01,-3.805211294712651515e-01,1.103405737658560870e+00,-4.015286290248918921e-01,-1.202925742816837174e+00,8.517079340377924079e-02,2.535370711330668936e-01
8.941727500830406461e-01,4.188303215240584687e-01,1.531963428574205199e+00,-7.637448436275965369e-01,1.124266134427212294e-01,1.525224116335962776e+00,5.858385812879534082e-01,-4.572865214231789377e-01,-3.354387879814662576e-01,3.867672649363437104e-02,-1.117585087713488523e+00,1.543985706013843995e-01,-9.893235127429893527e-01,1.862695520321146492e-01,1.862695520321146492e-01,1.862695520321146492e-01,1.862695520321146492e-01,1.862695520321146492e-01,1.862695520321146492e-01,1.862695520321146492e-01,1.862695520321146492e-01,1.862695520321146492e-01,1.862695520321146492e-01,1.862695520321146492e-01,1.862695520321146492e-01,-5.162505279105211731e-01,-7.487637437640020099e-01,1.303020864481246655e+00,1.198057659117713447e+00,-1.535663033610428885e+00,-5.649469510713388543e-01,1.029698071940090998e+00,1.864044296990526595e-01,-1.815802723784615547e-01,6.445422099606838984e-01,6.766839557491390045e-02,-3.384422721393770539e-01,-1.112451249712485407e-01,3.990926661124910568e-01
6.817105115739908738e-01,4.813868115799900815e-01,1.656538342786174178e+00,-9.962435842255566998e-01,7.108593176914951295e-01,1.188928040620011339e+00,1.411508966590135472e+00,-8.285909993525132355e-01,1.228266041173232459e+00,5.195577584171896524e-01,-1.180743454286443450e+00,4.072675822541360624e-01,-9.862740591467771267e-01,5.552320352377009272e-01,5.552320352377009272e-01,5.552320352377009272e-01,5.552320352377009272e-01,5.552320352377009272e-01,5.552320352377009272e-01,5.552320352377009272e-01,5.552320352377009272e-01,5.552320352377009272e-01,5.552320352377009272e-01,5.552320352377009272e-01,5.552320352377009272e-01,-4.195248628232435273e-01,-8.303098665711912130e-01,1.356844589995531480e+00,1.136679164774071937e+00,-1.448459428942791671e+00,-4.792185043061027439e-01,1.239888355814516618e+00,-7.097104260189710523e-01,-5.812392476759246085e-01,1.213545545747648502e+00,-8.132496962422817999e-02,1.092023441739116557e-01,4.972305956609412991e-01,7.687809500287442477e-01
5.890586793079344297e-01,6.023500131590873163e-01,1.917761266168576118e+00,-6.426835960258481251e-01,9.407767080844668950e-01,7.954257361163473705e-01,1.204000907038036416e+00,-1.028505600802127828e+00,1.706652427134065952e+00,1.052231776308369282e+00,-9.676562998825000150e-01,2.131559092725188176e+00,-9.787553117543322800e-01,2.463881022271792731e-01,2.463881022271792731e-01,2.463881022271792731e-01,2.463881022271792731e-01,2.463881022271792731e-01,2.463881022271792731e-01,2.463881022271792731e-01,2.463881022271792731e-01,2.463881022271792731e-01,2.463881022271792731e-01,2.463881022271792731e-01,2.463881022271792731e-01,-2.754624380276419759e-01,-1.033491289554521853e+00,1.090470593114647890e+00,1.089990209991701153e+00,-1.092834595511563034e+00,-3.517495681863369583e-02,1.321426725479918796e+00,-1.148226193834690267e+00,-5.874201301655391783e-01,1.424340653450152150e+00,-8.373722807679628843e-01,-1.333269995781500850e-01,5.793551575279904942e-01,1.815267099499906278e+00
7.103774704216101465e-01,9.507659114901773068e-01,1.101784433703838495e+00,-1.462229611257878092e-01,7.592690426479105081e-01,1.073568361389060977e+00,4.095279075180605771e-02,-6.925465663584735587e-01,1.805665994291590248e+00,-2.054011104446712699e-01,-4.610970678732975725e-01,1.059179413125389768e+00,-9.659670668784832159e-01,-3.095172783605781852e-01,-3.095172783605781852e-01,-3.095172783605781852e-01,-3.095172783605781852e-01,-3.095172783605781852e-01,-3.095172783605781852e-01,-3.095172783605781852e-01,-3.095172783605781852e-01,-3.095172783605781852e-01,-3.095172783605781852e-01,-3.095172783605781852e-01,-3.095172783605781852e-01,4.430863938362729348e-02,-3.740309917066016454e-01,1.150111993635630991e+00,2.557119683627730455e-01,-1.065192710344895266e+00,9.162804197658442895e-01,9.152145298226473935e-01,-1.677698115125858758e+00,8.924662779842158777e-02,8.442677101153138741e-01,-1.089198756276898328e+00,1.294600321254315289e-01,9.707684607267332844e-01,3.468057509630562585e+00
8.193517703540355024e-01,1.293392531345087137e+00,5.753161382745850538e-01,-6.421382482880246823e-01,3.555559071834893392e-01,1.012340537804432117e+00,-3.114194671336779074e-01,-4.152092612233330704e-01,1.289892987551944703e+00,-7.846650107729871149e-01,-6.076647812288653583e-01,1.541743117948358277e+00,-9.439434423672635743e-01,5.701876158852097198e-01,5.701876158852097198e-01,5.701876158852097198e-01,5.701876158852097198e-01,5.701876158852097198e-01,5.701876158852097198e-01,5.701876158852097198e-01,5.701876158852097198e-01,5.701876158852097198e-01,5.701876158852097198e-01,5.701876158852097198e-01,5.701876158852097198e-01,8.197514591095094172e-01,1.010526295119125798e-02,1.655233090957359821e+00,5.210975365954455957e-02,-1.090926883338113829e+00,8.621712628835591641e-01,5.574227068835775345e-01,-1.488293402820705991e+00,6.874378943684357202e-01,9.755047360806543555e-01,-1.593048768129954551e+00,1.488308687671992536e-01,9.822966205477533519e-01,3.098590707295956204e+00
1.237792867144865916e+00,1.582234522101253926e+00,3.698648811075826437e-01,-7.523603423634539489e-01,7.014934999109161406e-01,8.700709148165358675e-01,-7.605831167409350391e-01,-1.859450171805034635e-01,6.181118749436055326e-01,-1.307876949244041187e+00,-3.159516111165692198e-01,9.525405108705353729e-01,-8.989591533767221643e-01,1.764834850751674677e+00,1.764834850751674677e+00,1.764834850751674677e+00,1.764834850751674677e+00,1.764834850751674677e+00,1.764834850751674677e+00,1.764834850751674677e+00,1.764834850751674677e+00,1.764834850751674677e+00,1.764834850751674677e+00,1.764834850751674677e+00,1.764834850751674677e+00,2.136706744274147862e+00,4.372101042298630613e-01,1.868851013046639808e+00,-4.867675682547619176e-01,-9.509032335367718636e-01,1.183669086019436101e+00,2.077488832812412756e-01,-1.056098661819683260e+00,9.726347728253952329e-01,7.465269080266187518e-02,-1.482430883801614918e+00,1.317400841661496402e+00,9.444472635197799226e-01,-1.850455045890920525e-01
1.344909528475558336e+00,1.641860849388954602e+00,3.154868597087474580e-01,-5.249448922923184435e-01,1.004411163361651038e+00,6.590730615038139506e-01,-8.230394610300029168e-01,9.714094280326737718e-02,6.041774794986541908e-01,-1.449187020111274427e+00,7.218378582646010899e-02,1.027221192780250592e+00,-7.988603275857883990e-01,2.041670248149990652e+00,2.041670248149990652e+00,2.041670248149990652e+00,2.041670248149990652e+00,2.041670248149990652e+00,2.041670248149990652e+00,2.041670248149990652e+00,2.041670248149990652e+00,2.041670248149990652e+00,2.041670248149990652e+00,2.041670248149990652e+00,2.041670248149990652e+00,2.689237778985449356e+00,5.897904823809171360e-01,1.700405915686039604e+00,-7.601671725054781614e-01,-6.409972401526742303e-01,1.371945112420701385e+00,-1.155008136545340042e-01,-9.335082627673992883e-01,1.199769920195881134e+00,-4.215256656014236269e-01,-1.346204741534544835e+00,1.871793781340831631e+00,-1.605061344929373593e-02,-1.820038601598420680e+00
1.488575395080859787e+00,1.681283469199604141e+00,-2.095495145948830240e-01,3.031541271963791306e-01,9.133430662863399885e-01,6.324458143968857415e-01,-5.139473875080904364e-01,5.020324261001667399e-01,1.351409919217044509e-01,-9.777317543416528256e-01,-7.475976957126154177e-02,7.972225858538151133e-01,-6.212788356164902215e-01,1.763067114710572536e+00,1.763067114710572536e+00,1.763067114710572536e+00,1.763067114710572536e+00,1.763067114710572536e+00,1.763067114710572536e+00,1.763067114710572536e+00,1.763067114710572536e+00,1.763067114710572536e+00,1.763067114710572536e+00,1.763067114710572536e+00,1.763067114710572536e+00,2.025064571130807511e+00,1.050359748685155248e+00,1.237872871270436770e+00,-9.645516324049884238e-01,-2.586700621496433317e-01,9.073002465533789307e-01,-2.821288202911938492e-01,-4.227696816778253042e-01,1.019940771360256404e+00,-4.641143823370312838e-01,-6.574598346311921748e-01,1.581131241405623999e+00,-8.952482328369777420e-01,-1.698570610292957195e+00
1.492709573744141371e+00,1.819426461743554935e+00,-5.979677992927741048e-01,1.292453431591248592e+00,1.139026969529469913e+00,3.881755341329002351e-01,-3.250123700695110585e-01,4.867274014968979157e-01,4.145860352224809420e-01,-7.013493363510200362e-01,5.986174007097311289e-01,6.325380564504469449e-02,-4.655486071598858855e-01,1.345915407643699657e+00,1.345915407643699657e+00,1.345915407643699657e+00,1.345915407643699657e+00,1.345915407643699657e+00,1.345915407643699657e+00,1.345915407643699657e+00,1.345915407643699657e+00,1.345915407643699657e+00,1.345915407643699657e+00,1.345915407643699657e+00,1.345915407643699657e+00,1.591149117448829475e+00,1.399690265196776418e+00,6.702418744446158039e-01,-1.336189479350289533e+00,2.244616502445758166e-01,9.415151637277225927e-01,-3.177712106425004124e-01,-3.047467900837264043e-01,6.633233132202226434e-01,-6.686168683507919264e-01,-7.051462128819531092e-03,1.447321247447844073e+00,-1.231473768495648047e+00,-2.472526313692523292e+00
1.147389155368829128e+00,2.040231285534487515e+00,-5.368833448111682838e-01,1.257057967093142992e+00,1.366825607017425614e+00,4.627906154578763087e-01,-1.010914748422803849e-01,9.404679713121361084e-01,-1.919722456765824148e-01,-9.420686498702723899e-02,2.401239088236794550e-01,-5.783217040047024249e-02,-3.548391727668965268e-01,1.475430534353461054e+00,1.475430534353461054e+00,1.475430534353461054e+00,1.475430534353461054e+00,1.475430534353461054e+00,1.475430534353461054e+00,1.475430534353461054e+00,1.475430534353461054e+00,1.475430534353461054e+00,1.475430534353461054e+00,1.475430534353461054e+00,1.475430534353461054e+00,1.000261646209610555e+00,1.232131055269584330e+00,8.732973542262516542e-01,-1.379857979544226065e+00,2.814370260528503143e-01,6.507775497480676741e-01,-4.360732226954235902e-01,1.969051319816020329e-01,4.450173604567845831e-01,-6.372593074082554265e-01,4.576599407969576816e-02,1.290182188783969730e+00,-5.594158361477145069e-01,-2.100430815208846891e+00
8.591098420671637870e-01,2.286883515875187012e+00,-3.749873520034745500e-01,1.067788399324749893e+00,1.773537242357092536e+00,6.847811122922101701e-01,-2.198527847041727434e-01,1.236294404835531546e+00,-3.105720237422324725e-01,2.783878780968744304e-01,1.375656725042689321e-01,4.394677760093950170e-01,-2.427975768216806274e-01,1.556244220623769436e+00,1.556244220623769436e+00,1.556244220623769436e+00,1.556244220623769436e+00,1.556244220623769436e+00,1.556244220623769436e+00,1.556244220623769436e+00,1.556244220623769436e+00,1.556244220623769436e+00,1.556244220623769436e+00,1.556244220623769436e+00,1.556244220623769436e+00,9.939260893944631969e-02,1.047929272489227737e+00,1.238448870569269555e+00,-1.592397057538415206e+00,1.344488571408662403e-01,9.002818933527538814e-01,-4.378062951991727458e-01,1.941593712788547421e-01,4.556529447547558176e-01,-5.273167494736901162e-01,-3.208868098471164831e-01,1.170211001081550961e+00,1.342876090558529079e-01,-7.865669308105874835e-01
7.671445926631974277e-02,2.392461100807569352e+00,1.361232104734846626e-01,2.826855434734010242e-01,1.411747374366519869e+00,1.345242761166806078e+00,-6.488791173108164889e-01,9.548427689522094308e-01,-5.020634671183995396e-02,9.465969971976335717e-01,-6.308594342168457603e-01,5.949329937607594765e-01,-1.915814500938154141e-01,-3.536521358194057163e-02,-3.536521358194057163e-02,-3.536521358194057163e-02,-3.536521358194057163e-02,-3.536521358194057163e-02,-3.536521358194057163e-02,-3.536521358194057163e-02,-3.536521358194057163e-02,-3.536521358194057163e-02,-3.536521358194057163e-02,-3.536521358194057163e-02,-3.536521358194057163e-02,-2.669970962250602375e-01,2.058479137882083809e-01,2.013087682936735234e+00,-1.117344489324250345e+00,-6.907059704969942260e-01,1.190564355725147072e+00,2.253257045508906542e-01,-5.471633725715644436e-01,-4.708422631059698549e-02,7.822245378584723463e-01,-4.047675049806404024e-01,-7.132086830635560037e-01,2.026974020641549856e+00,-2.126744322241751750e-01
-7.681878181973258446e-01,2.030735560468234446e+00,9.428355011348659165e-01,4.514439686961806975e-01,-2.309990059270906892e-01,1.207789582526048955e+00,4.001798929707033325e-01,4.428720644539707041e-01,-9.042055599145687461e-01,1.539268902463960753e+00,4.005366994643460021e-01,-1.477507379977357260e+00,-1.702435522451191119e-01,-1.015884190292487110e+00,-1.015884190292487110e+00,-1.015884190292487110e+00,-1.015884190292487110e+00,-1.015884190292487110e+00,-1.015884190292487110e+00,-1.015884190292487110e+00,-1.015884190292487110e+00,-1.015884190292487110e+00,-1.015884190292487110e+00,-1.015884190292487110e+00,-1.015884190292487110e+00,-3.751677316719280730e-01,-1.146900543609358225e+00,1.610541344100294259e+00,9.627850834447841954e-01,-6.749493375612213297e-01,-7.526527323018747939e-01,6.504478023345172666e-01,1.133056370739555785e+00,-1.135091219283904440e+00,-2.499829175238821866e-01,1.817910832475390981e+00,-9.500787999028568187e-01,-9.758503869470801506e-01,1.123529684658168132e-01
-1.133858390469556721e+00,1.492701391090001994e+00,1.149624737878213177e+00,1.484592499782001473e+00,-2.379757728261766569e-01,4.938171622166189212e-01,7.781264038633689539e-01,1.550955298866044219e+00,-2.331865656080860383e+00,5.131029366844805373e-02,6.548450536882600703e-01,-1.742454935823415818e+00,-1.559172505950669751e-01,1.044912541684192453e+00,1.044912541684192453e+00,1.044912541684192453e+00,1.044912541684192453e+00,1.044912541684192453e+00,1.044912541684192453e+00,1.044912541684192453e+00,1.044912541684192453e+00,1.044912541684192453e+00,1.044912541684192453e+00,1.044912541684192453e+00,1.044912541684192453e+00,-3.953087334129598007e-01,-1.483757349544036597e+00,3.689494732168367430e-01,1.239265979897951730e+00,4.947471119633458647e-01,-1.558013685474260335e+00,-7.940578312299420016e-01,2.642331254486669945e+00,2.084347237051321633e-01,-1.607855247131826371e+00,1.500496469198165927e+00,7.821728567508833274e-01,-9.202631647565401307e-01,3.792363311160039108e-01
-1.188170728863177761e+00,1.314622921317993853e+00,1.129334909969908374e+00,1.805376926855985609e+00,-4.090050695305499917e-01,2.514361525870390524e-01,8.768028940935188587e-01,2.031582258093435289e+00,-1.629835635650581205e+00,-1.030081685524896429e+00,1.483275557419723389e+00,-1.135726023432468201e+00,-1.454704770436518468e-01,-5.883418722504030890e-02,-5.883418722504030890e-02,-5.883418722504030890e-02,-5.883418722504030890e-02,-5.883418722504030890e-02,-5.883418722504030890e-02,-5.883418722504030890e-02,-5.883418722504030890e-02,-5.883418722504030890e-02,-5.883418722504030890e-02,-5.883418722504030890e-02,-5.883418722504030890e-02,-3.073793739248590340e-01,-1.527153059349654285e+00,-3.197019076363644130e-02,1.378596310697699723e+00,9.116503370418147512e-01,-1.487191235519647048e+00,-1.497120877232337444e+00,2.411386995080382345e+00,1.238775850786393740e+00,-2.179811964149578341e+00,3.189503634704140556e-01,9.654587389669261333e-01,-3.524219246529938232e-01,5.077108850175222621e-01
-1.191746493930203599e+00,1.307336146235452246e+00,1.459153195148177540e+00,2.473010164799886113e+00,-1.539196728044020801e-01,-3.259006413612295372e-01,1.280947792911987515e-01,1.983465161474850635e+00,-3.013592524858869637e-01,-1.447544367307624258e+00,1.625533071910049365e+00,-7.591913539128302135e-01,-1.331720654261129844e-01,4.384126025884998445e-01,4.384126025884998445e-01,4.384126025884998445e-01,4.384126025884998445e-01,4.384126025884998445e-01,4.384126025884998445e-01,4.384126025884998445e-01,4.384126025884998445e-01,4.384126025884998445e-01,4.384126025884998445e-01,4.384126025884998445e-01,4.384126025884998445e-01,-1.665006402441178146e-01,-1.736592957818012151e+00,-6.386926678841473581e-01,1.183168100675872747e+00,1.546075233683019690e+00,-2.816362161445389867e-01,-1.838648230025648145e+00,9.317156560801781451e-01,1.571409202601622424e+00,-1.729796428587407897e+00,-2.608811698193528872e-01,1.371266333846508534e+00,-9.632550163760099371e-02,9.077208024958850485e-01
-1.171234792154563387e+00,1.157242326488240103e+00,1.337346189358324056e+00,2.212673058760591172e+00,2.784804327156535364e-01,-2.674399001188080272e-01,-4.073257426606788356e-01,2.196687125140370345e+00,5.923570170485125130e-01,-2.241852305312986182e+00,5.496136464991707715e-01,-3.124252873336341163e-01,-1.138721536860476530e-01,5.080739823683243922e-02,5.080739823683243922e-02,5.080739823683243922e-02,5.080739823683243922e-02,5.080739823683243922e-02,5.080739823683243922e-02,5.080739823683243922e-02,5.080739823683243922e-02,5.080739823683243922e-02,5.080739823683243922e-02,5.080739823683243922e-02,5.080739823683243922e-02,-1.058248575109437851e-03,-1.547294575802278471e+00,-5.712300049442387007e-01,6.136889532235859646e-01,1.481217671776807077e+00,6.765065880600314996e-01,-2.150775442893864575e+00,-5.183924587844992438e-01,2.269077623608716010e+00,-2.833678778144751997e-01,-7.870742201132259197e-01,4.569135016511959302e-01,-5.264075914039912929e-01,1.691381051846030603e+00
-1.236131395431713687e+00,1.035984497832379780e+00,1.404020852530067476e+00,1.267067780622896489e+00,2.556275068232369274e-01,-6.403643528690963760e-02,-1.013073537012391334e+00,1.808716895530216640e+00,9.516751003395036435e-01,-2.314263987832905212e+00,-1.501092882994348732e-01,-3.166209408001846026e-01,-8.738941382617203268e-02,-3.604709190088128401e-01,-3.604709190088128401e-01,-3.604709190088128401e-01,-3.604709190088128401e-01,-3.604709190088128401e-01,-3.604709190088128401e-01,-3.604709190088128401e-01,-3.604709190088128401e-01,-3.604709190088128401e-01,-3.604709190088128401e-01,-3.604709190088128401e-01,-3.604709190088128401e-01,3.811599617925875427e-01,-1.634704031300962201e+00,-3.227782196742971094e-02,4.761519780264931168e-01,9.314696141405844898e-01,1.307715867180648806e+00,-1.813840550430075194e+00,-1.414254416954845883e+00,2.148779215838793721e+00,5.902255027212393035e-01,-1.081450910285865596e+00,-2.659683519218605241e-01,3.117597593204370354e-01,2.246198395671729298e+00
-1.447635010540355038e+00,1.134783351314103683e+00,7.358467262220331762e-01,1.262310234639645534e+00,-1.487173978263551355e+00,2.030378495290153240e-01,-1.763189532404064508e+00,1.605998436135574803e+00,-3.422430479038333639e-01,-1.374956366914744654e+00,-1.706269395529876887e-01,7.204972321947972214e-01,-5.143199014432195404e-02,4.298488552859059397e-01,4.298488552859059397e-01,4.298488552859059397e-01,4.298488552859059397e-01,4.298488552859059397e-01,4.298488552859059397e-01,4.298488552859059397e-01,4.298488552859059397e-01,4.298488552859059397e-01,4.298488552859059397e-01,4.298488552859059397e-01,4.298488552859059397e-01,1.019411016983704066e+00,-1.553876510645654241e+00,1.389331882963643350e-01,9.875287669577009764e-01,6.676154899686810307e-01,7.213600069053153208e-01,-1.320408162145976894e+00,-7.364273787470332344e-01,1.720567387459663644e+00,-1.872789016258071815e-01,-1.078076585974570012e+00,3.321334188465576709e-01,1.166950167007769767e-01,2.359660554664725129e+00
-1.254792388432611983e+00,8.482926308920509806e-01,5.492330010875289270e-01,9.616552159305133962e-01,-2.029601069585773132e+00,-3.741152845056963661e-01,-1.905301749614724649e+00,1.142842385902589797e+00,-8.994830485954548038e-01,-1.243590156021390003e+00,4.493345420543818358e-01,9.908541572569254940e-01,1.353426255248863473e-02,2.639459143182777967e-01,2.639459143182777967e-01,2.639459143182777967e-01,2.639459143182777967e-01,2.639459143182777967e-01,2.639459143182777967e-01,2.639459143182777967e-01,2.639459143182777967e-01,2.639459143182777967e-01,2.639459143182777967e-01,2.639459143182777967e-01,2.639459143182777967e-01,1.736369246448512094e+00,-1.422289046976261018e+00,-1.018918373586310544e-01,1.192074998274913700e+00,8.950414161211416308e-01,4.085915847811482648e-01,-1.248108156209919661e+00,-1.110371698822988362e-01,1.506006809199876839e+00,-9.314935353585976907e-01,-1.243255576276261820e+00,5.283068243022279731e-01,7.457963627903466675e-01,1.807727860165891709e+00
-1.303966047123659600e+00,6.666026480387251540e-01,2.974745033283751061e-01,7.662494355533856424e-03,-2.279789448340634017e+00,-6.918958866231917915e-01,-1.856951909240033505e+00,1.358060734386338009e+00,-1.508152354558312869e+00,-1.561245974575021345e+00,7.786137325964431755e-01,1.304422652147354755e+00,1.137537805286049086e-01,8.090191950307816515e-02,8.090191950307816515e-02,8.090191950307816515e-02,8.090191950307816515e-02,8.090191950307816515e-02,8.090191950307816515e-02,8.090191950307816515e-02,8.090191950307816515e-02,8.090191950307816515e-02,8.090191950307816515e-02,8.090191950307816515e-02,8.090191950307816515e-02,2.443075849561444635e+00,-1.297950020015705253e+00,2.060100965909849313e-01,1.207021029736187856e+00,9.121996445172351198e-01,4.883056670458947590e-02,-1.619623426860596460e+00,5.533152450542393463e-01,1.872617338832927247e+00,-1.535544659749018104e+00,-1.634332082166027433e+00,6.621805256385361327e-01,1.008475754218157050e+00,8.852857922123961998e-02
-1.327449508924912980e+00,5.165315241501940990e-01,2.711630607106481072e-01,-4.724352408686415816e-01,-2.134420641996010115e+00,-1.327078709250979482e+00,-2.087101017919174240e+00,1.442751931757551676e+00,-1.707124330600351625e+00,-1.306112709190473398e+00,1.245297898835603601e+00,2.095391140938460683e+00,2.509067330705439525e-01,-3.900603490938855944e-01,-3.900603490938855944e-01,-3.900603490938855944e-01,-3.900603490938855944e-01,-3.900603490938855944e-01,-3.900603490938855944e-01,-3.900603490938855944e-01,-3.900603490938855944e-01,-3.900603490938855944e-01,-3.900603490938855944e-01,-3.900603490938855944e-01,-3.900603490938855944e-01,2.827034466175466054e+00,-1.260198039154873495e+00,1.433611265264161660e-01,1.009292519664438226e+00,1.281645312040188944e+00,2.474076963645762406e-01,-1.910469821755798714e+00,7.702777603734382028e-01,1.937949900914488932e+00,-1.950685814736698998e+00,-1.796203538895274399e+00,5.907623864300145522e-01,4.939679015671895046e-01,-1.530925224547047936e+00
-1.191022814344036229e+00,2.132085147997575536e-01,7.589531261353732461e-02,-6.250186471676721922e-01,-2.079393955633043412e+00,-1.928312426989927664e+00,-1.321786952320266550e+00,1.812671009574314596e+00,-1.215189556019519834e+00,-2.172409596781595467e-02,7.920739483414620530e-01,1.592639057577361239e+00,4.222807693169434162e-01,-8.819946430712414243e-01,-8.819946430712414243e-01,-8.819946430712414243e-01,-8.819946430712414243e-01,-8.819946430712414243e-01,-8.819946430712414243e-01,-8.819946430712414243e-01,-8.819946430712414243e-01,-8.819946430712414243e-01,-8.819946430712414243e-01,-8.819946430712414243e-01,-8.819946430712414243e-01,2.496490149612847542e+00,-1.032052878259586581e+00,-2.040878327954353810e-01,1.086047998072097176e+00,1.802474607736041401e+00,-2.222749588052301273e-01,-2.121297368321521493e+00,6.025279811796564466e-01,1.166248826193918786e+00,-1.373371452159501960e+00,-7.513888371464206850e-01,1.584612434159442251e-01,2.014628450092548484e-01,-1.275615629588282562e+00
-1.155188722505283927e+00,9.141275029072819247e-02,-1.648805627100350946e-01,-7.989473614010376146e-01,-1.341503993592944033e+00,-1.980639754326726232e+00,-9.714043606536379993e-01,1.491507439588394490e+00,-6.579206310161397342e-01,5.290445249055053534e-01,4.495465508943093380e-01,1.022646395157039700e+00,5.980924669173733887e-01,-1.088094152522088187e+00,-1.088094152522088187e+00,-1.088094152522088187e+00,-1.088094152522088187e+00,-1.088094152522088187e+00,-1.088094152522088187e+00,-1.088094152522088187e+00,-1.088094152522088187e+00,-1.088094152522088187e+00,-1.088094152522088187e+00,-1.088094152522088187e+00,-1.088094152522088187e+00,1.903377657630468622e+00,-6.829201270259307455e-01,-2.080409287305370891e-01,5.100902364021299151e-01,1.701720318964867751e+00,8.912969174950394419e-04,-1.794399461482653946e+00,1.943492633496594346e-01,5.463765012330299431e-01,-7.320663717337679843e-01,-1.416439886679321247e-01,-2.373824219803509494e-01,7.191485878999497039e-02,-2.918416557828559244e-01
-6.825874363912457499e-01,-3.676100063932444262e-01,-2.388123952580037401e-01,-6.363356029278418591e-01,-5.834887520646704351e-01,-2.331974508987962214e+00,-4.749764591551759452e-01,9.957943159604677463e-01,-3.622828755212490620e-02,4.151806060868299397e-01,3.132472156694912635e-01,9.485866536252449688e-01,7.361857590637568283e-01,-1.420887063884471502e+00,-1.420887063884471502e+00,-1.420887063884471502e+00,-1.420887063884471502e+00,-1.420887063884471502e+00,-1.420887063884471502e+00,-1.420887063884471502e+00,-1.420887063884471502e+00,-1.420887063884471502e+00,-1.420887063884471502e+00,-1.420887063884471502e+00,-1.420887063884471502e+00,1.726870232025285112e+00,-2.522838053956923954e-01,-7.546678967983736497e-01,8.630665882905892705e-02,1.885424352722484986e+00,1.290156456665911278e-01,-1.655346121507939028e+00,-1.116500918296247369e-01,3.896075200884159817e-01,-1.420008141457519968e-01,-3.241900386008321200e-01,-7.014880588517197202e-01,6.323591896865670137e-01,-3.036106369342302380e-01
-5.782898519368705470e-01,-5.760950879395934088e-01,-4.587355800583897691e-01,2.464786225482470394e-01,-5.573101477867777875e-01,-2.280427355767927544e+00,-7.105723223443415337e-01,5.424167844059922805e-01,1.782824897999349678e-01,4.319111641341454311e-01,5.097654739702854876e-01,3.183318239037944419e-01,8.522801235287706945e-01,-1.323585482148395664e+00,-1.323585482148395664e+00,-1.323585482148395664e+00,-1.323585482148395664e+00,-1.323585482148395664e+00,-1.323585482148395664e+00,-1.323585482148395664e+00,-1.323585482148395664e+00,-1.323585482148395664e+00,-1.323585482148395664e+00,-1.323585482148395664e+00,-1.323585482148395664e+00,1.727301763933992040e+00,-2.580871590954154568e-02,-1.393726255113863388e+00,-1.658429582726484719e-01,1.986778293498365100e+00,4.155791636578239356e-01,-1.323647812358727416e+00,-3.483935570850868468e-01,3.512738764733870644e-02,-9.282462653807707631e-02,1.249837396200469547e-01,-6.921587041295720333e-01,1.250594290764756034e-01,-1.176167146572688615e+00
-4.397291014606113935e-01,-8.190658173417884047e-01,-4.727594914683019289e-01,7.879220457864357652e-01,-5.774423401194325178e-01,-2.396270671582388712e+00,-1.135484501493023712e+00,1.442048099559696539e-01,1.772180363175088758e-01,6.427718959733352833e-01,1.219852032092744037e-01,-2.715760748118027923e-01,9.726018244876047936e-01,-1.583342681479968261e+00,-1.583342681479968261e+00,-1.583342681479968261e+00,-1.583342681479968261e+00,-1.583342681479968261e+00,-1.583342681479968261e+00,-1.583342681479968261e+00,-1.583342681479968261e+00,-1.583342681479968261e+00,-1.583342681479968261e+00,-1.583342681479968261e+00,-1.583342681479968261e+00,1.543693714998975786e+00,4.715190728726323388e-02,-1.921134629047734466e+00,-3.024100885235921909e-01,2.129725989550537602e+00,7.719664123558098723e-01,-1.059139295828896987e+00,-7.241613956591000933e-01,-4.083807976358931335e-01,4.523797580192523982e-01,8.291961472303529534e-01,-1.310990891907584555e+00,-9.909139475383367257e-01,-1.865124803974428591e+00
-1.147366407424357526e-01,-1.083796884552872486e+00,-4.223751431310323601e-01,1.013572777985028983e+00,-3.692321338344049519e-01,-1.899937014804967905e+00,-1.537280752203660894e+00,-5.880898962941436547e-01,-1.046032149556630209e-01,8.785168169449775188e-01,2.456370753760649950e-01,-8.496672640048649194e-01,1.088739637598700405e+00,-3.830461146999213362e-01,-3.830461146999213362e-01,-3.830461146999213362e-01,-3.830461146999213362e-01,-3.830461146999213362e-01,-3.830461146999213362e-01,-3.830461146999213362e-01,-3.830461146999213362e-01,-3.830461146999213362e-01,-3.830461146999213362e-01,-3.830461146999213362e-01,-3.830461146999213362e-01,1.017682470829929464e+00,2.031230446918468602e-01,-2.053311841959051698e+00,-5.472609923404779808e-01,1.611933955573845445e+00,1.119592903908148918e+00,-2.782737798555181552e-01,-6.588276489857342044e-01,-1.006668227683117367e+00,9.664387093350880822e-03,1.378702332997713276e+00,-3.977246263402096638e-01,-1.368339596570458783e+00,-1.663582978005568869e+00
3.709068224356625310e-01,-1.214555858394785526e+00,-5.799740532719108721e-01,1.312130050130638104e+00,5.307452048377327980e-01,-1.660837970559272847e+00,-1.150574849063967120e+00,-1.392784771994848070e+00,-5.442259469055271692e-01,9.160489127753618233e-01,4.318174012074177948e-01,-6.808097646149848803e-01,1.190574823481871825e+00,2.648946048448569401e-01,2.648946048448569401e-01,2.648946048448569401e-01,2.648946048448569401e-01,2.648946048448569401e-01,2.648946048448569401e-01,2.648946048448569401e-01,2.648946048448569401e-01,2.648946048448569401e-01,2.648946048448569401e-01,2.648946048448569401e-01,2.648946048448569401e-01,4.184030266830662259e-01,7.330153176948490668e-01,-2.229363347083202385e+00,-1.166992434387124078e+00,1.294966544623027183e+00,1.053111628570961189e+00,3.815031229805627699e-01,-6.265340451947704406e-03,-1.331677297923079539e+00,-5.188467536903764721e-01,9.119682303545409985e-01,2.257193081387341982e-01,-6.451898555231876109e-02,-1.133482479655527175e+00
5.184358269570452649e-01,-1.198237290475468786e+00,-7.858629930083548265e-01,1.329539748516631148e+00,1.152271817088695194e+00,-7.873533551707990741e-01,-9.295425263552227202e-01,-1.187698080173005266e+00,-1.295382029529387857e+00,7.676275557668340577e-01,1.213748199929875898e-01,2.174259505581040974e-01,1.253751370179527980e+00,7.473422598215965218e-01,7.473422598215965218e-01,7.473422598215965218e-01,7.473422598215965218e-01,7.473422598215965218e-01,7.473422598215965218e-01,7.473422598215965218e-01,7.473422598215965218e-01,7.473422598215965218e-01,7.473422598215965218e-01,7.473422598215965218e-01,7.473422598215965218e-01,1.398876470006575265e-02,1.085342449369026463e+00,-1.903648867170899539e+00,-1.678871168681403958e+00,6.817401886506589959e-01,8.974308681754967765e-01,6.164251062599948039e-01,6.341034029088841173e-01,-9.355013825384114190e-01,-7.537411725785506666e-01,2.754485993443261949e-02,4.681254109237700800e-01,6.969361146908893412e-01,-6.887091918157766113e-01
5.820908765194002799e-01,-1.146258381276719751e+00,-9.228219872414419322e-01,9.645238792623532786e-01,1.242743480138858825e+00,-3.328484889617421838e-01,-2.540373938067824189e-01,-1.215566789582950946e+00,-9.671895933312634197e-01,2.278264201108480824e-01,-1.295003543568256643e-01,3.823103323907627860e-01,1.295248305408574607e+00,6.213781103592233013e-01,6.213781103592233013e-01,6.213781103592233013e-01,6.213781103592233013e-01,6.213781103592233013e-01,6.213781103592233013e-01,6.213781103592233013e-01,6.213781103592233013e-01,6.213781103592233013e-01,6.213781103592233013e-01,6.213781103592233013e-01,6.213781103592233013e-01,-2.654631669946502792e-01,1.240245266035525429e+00,-1.486718183828718676e+00,-1.615729207064631856e+00,2.125920816357730336e-01,4.667186007828241778e-01,7.141234765634606463e-01,6.314278471599068521e-01,-5.680940866096481079e-01,-3.750878928772296006e-01,-3.250437379018269457e-01,2.583630291742943230e-01,9.089235205907778559e-01,-4.068455362805171727e-01
7.653408322073155245e-01,-1.185630356936176799e+00,-8.184253270652357415e-01,6.867629502549533749e-01,1.194308155591372156e+00,2.176524898411120734e-01,6.465144451761489774e-01,-1.087462846595154797e+00,-1.683266863415066483e+00,-1.449824966317500574e-01,-4.158540517237631073e-01,9.562440831090938120e-01,1.317706537226648322e+00,2.882479184618500900e-03,2.882479184618500900e-03,2.882479184618500900e-03,2.882479184618500900e-03,2.882479184618500900e-03,2.882479184618500900e-03,2.882479184618500900e-03,2.882479184618500900e-03,2.882479184618500900e-03,2.882479184618500900e-03,2.882479184618500900e-03,2.882479184618500900e-03,-4.015307009558674034e-01,1.236477553632390203e+00,-1.148796888726621113e+00,-1.209052697089175510e+00,-2.613386941396110275e-01,-5.702603709326259374e-01,7.937561913458246465e-01,1.621981867486987250e+00,-1.412899850982927141e-01,-4.549501037227161038e-01,-8.858775229137741958e-01,-2.263320547904226210e-01,7.397772927271784038e-01,-3.082678496155474290e-01
1.077815011793503031e+00,-1.242945772268931881e+00,-8.385992958285921617e-01,8.547710873672030585e-02,1.014087197367957272e+00,8.121154978331602825e-01,5.910461342356606584e-01,-6.263188021321092203e-02,-1.666754379978135026e+00,-5.218432622336168780e-01,-7.346385012758220867e-01,4.198961171353648991e-01,1.331066948059502097e+00,-9.666390008640243781e-02,-9.666390008640243781e-02,-9.666390008640243781e-02,-9.666390008640243781e-02,-9.666390008640243781e-02,-9.666390008640243781e-02,-9.666390008640243781e-02,-9.666390008640243781e-02,-9.666390008640243781e-02,-9.666390008640243781e-02,-9.666390008640243781e-02,-9.666390008640243781e-02,-5.109247812033591574e-01,1.365749197233373291e+00,-6.194912317027857496e-01,-1.114249620176930522e+00,-6.191982933795094901e-01,-5.997481344534569825e-01,2.928388617770914526e-01,1.458735701028547105e+00,4.025561384796360054e-01,-2.375680392365230043e-01,-4.706269328050983747e-01,-3.709666424170890986e-01,-3.212901618479757637e-01,-1.540796599484329232e-01
1.356751795343041467e+00,-1.236257068242772039e+00,-1.128693665383450728e+00,-5.952229127932778807e-01,1.143890975677621880e+00,7.482665233295623386e-01,8.791897459049027308e-01,4.953327673744664095e-01,-1.697111404091189657e+00,-5.691257539776527485e-01,-1.178589111529817268e+00,-9.737428965626078459e-02,1.339825265671894305e+00,1.113455851732170765e-01,1.113455851732170765e-01,1.113455851732170765e-01,1.113455851732170765e-01,1.113455851732170765e-01,1.113455851732170765e-01,1.113455851732170765e-01,1.113455851732170765e-01,1.113455851732170765e-01,1.113455851732170765e-01,1.113455851732170765e-01,1.113455851732170765e-01,-5.875170714938455774e-01,1.750360313840692461e+00,-2.437149958506645842e-01,-1.315652336315954907e+00,-6.211600444374322239e-01,-7.984494885726948210e-01,-1.221827486110042271e-01,1.475966970511731757e+00,5.452175195613361280e-01,1.464989193147607505e-01,-6.242371972719320400e-02,-5.417436576260610259e-01,-5.442624256704138297e-01,-3.875278668942196136e-02
1.256568512971739660e+00,-5.593298176632803820e-01,-1.353175634219597301e+00,-9.615016313416787641e-01,4.453522887272647890e-01,-1.931087616010022101e-01,1.649397549746568048e+00,-7.565620383206232702e-02,1.940851204959606890e-01,-1.437727202169690743e+00,-5.926997137102478774e-01,-2.904761304664446597e-01,1.342171370076388426e+00,5.040096315717146336e-01,5.040096315717146336e-01,5.040096315717146336e-01,5.040096315717146336e-01,5.040096315717146336e-01,5.040096315717146336e-01,5.040096315717146336e-01,5.040096315717146336e-01,5.040096315717146336e-01,5.040096315717146336e-01,5.040096315717146336e-01,5.040096315717146336e-01,-6.038842157089742146e-01,1.741587950181370914e+00,9.377049532843999280e-02,-7.249761383802398873e-01,-1.618112297409183553e-01,-1.151326587906872589e+00,-3.959927975612035356e-01,5.147464961434949915e-01,8.027970348298347769e-01,4.868834266888962259e-01,-6.723938481447603310e-01,6.070968261200593297e-02,7.432521781132420680e-01,-2.080204116318311661e-02
9.094408625122232248e-01,-1.904186977331884523e-01,-1.880611889092957734e+00,-4.599081461104350121e-01,-1.115342299163814443e+00,-6.056959788578497594e-01,1.082175189362754475e+00,6.042759249835197854e-01,1.236439476069819410e+00,-1.293612335543706138e+00,-1.548296571041219760e+00,-3.481654829481036217e-01,1.343218018525323965e+00,1.134493522283857692e+00,1.134493522283857692e+00,1.134493522283857692e+00,1.134493522283857692e+00,1.134493522283857692e+00,1.134493522283857692e+00,1.134493522283857692e+00,1.134493522283857692e+00,1.134493522283857692e+00,1.134493522283857692e+00,1.134493522283857692e+00,1.134493522283857692e+00,-6.108959130588416109e-01,1.683530966056519418e+00,-9.169852438963722874e-02,-1.822292515180846117e-01,4.962630991444261785e-01,-1.031613686856668100e+00,-1.008491433600795961e+00,-1.033578686025276028e+00,9.871801042654855252e-01,1.889737695089207969e+00,-4.969840677007282270e-01,-2.758340831660988091e-01,5.261776824049861911e-01,-1.303500119734292244e-02
1.397131497142269252e+00,-6.304073334978241849e-01,-1.881482412995017617e+00,-1.005626482469660798e+00,-6.794245467076140965e-01,-7.998972772913783835e-01,1.046150215088818003e+00,3.415283180987656042e-01,1.281918391973727367e+00,1.238620211099940825e-02,-8.463590997890880763e-01,5.428464833582623550e-01,1.343916202481703071e+00,-9.343751996262619763e-02,-9.343751996262619763e-02,-9.343751996262619763e-02,-9.343751996262619763e-02,-9.343751996262619763e-02,-9.343751996262619763e-02,-9.343751996262619763e-02,-9.343751996262619763e-02,-9.343751996262619763e-02,-9.343751996262619763e-02,-9.343751996262619763e-02,-9.343751996262619763e-02,-6.164327669682866384e-01,2.001410591193795163e+00,-1.558059362540638593e-01,-5.030912067964981027e-01,4.090982709157891528e-01,-7.851808432772193758e-01,-5.999925988433251201e-01,-8.296973465794059699e-01,2.676478903350088534e-01,1.210740586830386878e+00,-7.605810890743563979e-01,-3.521575944671547775e-01,2.237336328659403684e+00,-4.680620686505351617e-03
9.152509705758925529e-01,-3.946674645470912846e-01,-1.928720476035200582e+00,-8.382536067270703051e-02,-1.540241783401933295e+00,-6.313137221961118151e-01,3.102689940355566889e-01,-1.117043379455771701e+00,1.935378925033619302e+00,1.019305293391197020e+00,-5.434581960436646320e-01,-6.165384762186707501e-01,1.344256880525113385e+00,6.518823313855164336e-01,6.518823313855164336e-01,6.518823313855164336e-01,6.518823313855164336e-01,6.518823313855164336e-01,6.518823313855164336e-01,6.518823313855164336e-01,6.518823313855164336e-01,6.518823313855164336e-01,6.518823313855164336e-01,6.518823313855164336e-01,6.518823313855164336e-01,-6.187583471024129533e-01,1.640903648833715200e+00,-4.625444766418493892e-01,-1.716819950658120542e-01,1.541130010397653294e-01,-3.285688566420660317e-01,7.045510081198755881e-01,-1.671213245435033468e+00,-1.264053520893863469e+00,1.071022736776342965e+00,6.561913701947379440e-01,4.298083597315717763e-01,1.308993565718944652e+00,-1.492613542966193980e-03
5.511110454012080329e-01,-3.384442206958843680e-01,-1.697417321826701020e+00,1.593551345050653045e-01,-1.209005916426032501e+00,-4.490624406767182442e-01,3.768490775807518123e-01,-8.924051412961534480e-01,4.676196569032020633e-01,1.132836948142442596e-02,1.460502907774234638e+00,-1.642632671418526313e-01,1.344397588195118454e+00,7.092039232913031066e-01,7.092039232913031066e-01,7.092039232913031066e-01,7.092039232913031066e-01,7.092039232913031066e-01,7.092039232913031066e-01,7.092039232913031066e-01,7.092039232913031066e-01,7.092039232913031066e-01,7.092039232913031066e-01,7.092039232913031066e-01,7.092039232913031066e-01,-6.192547214326528104e-01,1.351666774244799196e+00,-4.964854167865985768e-01,-2.203061234334523777e-01,1.486853838791953875e-01,-7.237839023138312733e-01,3.898005493266137877e-01,3.551814961472026244e-01,-4.257619743385188671e-01,-1.498666355083914326e+00,-1.142562832887051433e-01,1.770870030681273688e+00,1.133054199557689934e+00,-1.201934304219291890e-03
-4.694284739558345770e-02,-2.964614012841119695e-01,-1.924803582143872482e+00,3.856533138154912277e-01,-5.216111752647238919e-01,-2.422632409711860668e-01,-1.020541245771012795e+00,-5.554573817724117735e-01,2.406009161800513052e+00,1.317409794220838481e+00,1.209539228663063959e+00,-2.336534596933852903e+00,1.344504115979547443e+00,9.369825629039775228e-01,9.369825629039775228e-01,9.369825629039775228e-01,9.369825629039775228e-01,9.369825629039775228e-01,9.369825629039775228e-01,9.369825629039775228e-01,9.369825629039775228e-01,9.369825629039775228e-01,9.369825629039775228e-01,9.369825629039775228e-01,9.369825629039775228e-01,-6.196568693165332986e-01,1.378820235036041231e+00,-5.215036563413049109e-01,-1.330593816496740578e+00,1.502106322933393912e-01,1.442681087788271865e+00,5.847184467307225963e-01,-2.141420286697031994e+00,-1.625921661585285838e+00,-1.926653383233547512e-01,2.213470780910309799e+00,1.533232301795503183e+00,-3.523911065461495240e-01,-1.305635482598755314e-03
-6.417225670864606935e-01,-6.434822157954143140e-01,-1.850863643937529890e+00,3.701369346571687924e-01,-8.997194438630570223e-01,-1.388268139154566760e-01,-5.814000217089807521e-01,-3.278603060064529950e-01,2.442921740678361875e+00,6.835218398930484884e-01,1.883306320871209749e+00,-1.586843187181618875e+00,1.344594846365918306e+00,1.393953056694187786e+00,1.393953056694187786e+00,1.393953056694187786e+00,1.393953056694187786e+00,1.393953056694187786e+00,1.393953056694187786e+00,1.393953056694187786e+00,1.393953056694187786e+00,1.393953056694187786e+00,1.393953056694187786e+00,1.393953056694187786e+00,1.393953056694187786e+00,-6.199778670565997407e-01,9.642072153104038756e-01,-7.174080355138661158e-01,-8.652849103912736428e-01,1.284454948510246608e-01,9.030907360216037238e-01,3.237736371664454160e-01,-1.681464132588964766e+00,-9.503652988367421450e-01,-6.947690333002989327e-01,1.609708725123965234e+00,2.058379741063196544e+00,-4.988421983449340402e-01,-1.591334487814563938e-03
-7.186360182200476343e-01,-7.745825818756150172e-01,-1.955284235387241942e+00,1.596246497698021516e+00,-1.488281280296035014e+00,-9.447382466456717420e-01,1.194458472371155849e-01,-5.040660127350676811e-01,-1.786127098091823129e-01,9.624406258237879763e-01,1.920411770329052192e+00,-1.674262528101557290e+00,1.344660884024990066e+00,5.664752164189913453e-01,5.664752164189913453e-01,5.664752164189913453e-01,5.664752164189913453e-01,5.664752164189913453e-01,5.664752164189913453e-01,5.664752164189913453e-01,5.664752164189913453e-01,5.664752164189913453e-01,5.664752164189913453e-01,5.664752164189913453e-01,5.664752164189913453e-01,-6.204425813595322303e-01,8.942299779246623004e-01,-1.819733232536892897e+00,-2.904868353788801483e-01,1.072701083585146931e+00,-8.460909073511774237e-01,1.334921019784152951e-01,9.332045315967104626e-01,-1.221732443633047005e+00,-1.709347723669177643e+00,2.069358460481740103e+00,1.322109420201825980e+00,-2.136758299440797426e+00,-1.032404128446837589e-03
-3.331156148911005865e-01,-6.835520156874269615e-01,-1.901772169559992287e+00,1.026369224881136910e+00,-1.450966119201097804e-01,-1.461451771896622454e+00,-8.069568168579509260e-02,-5.274616049020061093e-01,-8.764306792616983754e-01,7.000792556934346544e-01,7.702322534350741767e-01,-1.410752968896085813e+00,1.344719294861126402e+00,-7.752325740494394601e-01,-7.752325740494394601e-01,-7.752325740494394601e-01,-7.752325740494394601e-01,-7.752325740494394601e-01,-7.752325740494394601e-01,-7.752325740494394601e-01,-7.752325740494394601e-01,-7.752325740494394601e-01,-7.752325740494394601e-01,-7.752325740494394601e-01,-7.752325740494394601e-01,-6.209359509468853622e-01,1.298158900504567947e+00,-1.617268126754205726e+00,-1.268970402086005533e+00,1.293631024038545796e+00,-2.897321022316221573e-01,-1.577689808757248013e-01,9.850997713291717028e-01,-1.003324516271657973e+00,-7.751087698922742852e-01,1.731188495272873551e+00,-3.400413902071761085e-01,-1.922171431812650599e+00,-2.491732482968164243e-04
-4.844990590541543019e-01,-2.476159348828020079e-01,-1.169381325975789032e+00,6.401839681747140132e-01,7.668070351880497126e-01,5.480802027246395314e-02,2.157626572582010960e-01,-3.654236684212877617e-01,-5.977259007380960609e-01,1.152760350793552435e+00,6.983199991821309460e-02,-1.509977697363614535e+00,1.344738542915837831e+00,6.646257001308576440e-01,6.646257001308576440e-01,6.646257001308576440e-01,6.646257001308576440e-01,6.646257001308576440e-01,6.646257001308576440e-01,6.646257001308576440e-01,6.646257001308576440e-01,6.646257001308576440e-01,6.646257001308576440e-01,6.646257001308576440e-01,6.646257001308576440e-01,-6.210634437097006799e-01,8.322640462832845420e-01,-5.245618919967199867e-01,-1.297706256856656859e+00,4.990433889721224148e-02,-3.319120344922629057e-02,5.558285413967527511e-01,6.496155038165127849e-01,-1.243138437010186115e+00,-3.360217300271852170e-01,2.173168270625451814e+00,3.488254144982225191e-01,-2.177829259606696155e+00,-5.319143153466644611e-05
-4.733269989662964305e-01,-3.692963975733852267e-01,-6.530008864470646657e-01,3.768516290337027286e-01,5.486329920335063920e-02,2.917118417054405666e-01,1.124182068788716293e+00,3.485299760479539932e-01,-1.833614566386856159e+00,1.025422667703976165e+00,-7.544090888116489202e-01,-7.072378395629469461e-01,1.344747278999873785e+00,-2.637924537344510378e-01,-2.637924537344510378e-01,-2.637924537344510378e-01,-2.637924537344510378e-01,-2.637924537344510378e-01,-2.637924537344510378e-01,-2.637924537344510378e-01,-2.637924537344510378e-01,-2.637924537344510378e-01,-2.637924537344510378e-01,-2.637924537344510378e-01,-2.637924537344510378e-01,-6.210842636864538635e-01,2.953587769197891233e-01,-3.691747494501739779e-01,-1.278235004359693228e-01,-1.547035986520384730e-02,-1.555238830326283184e+00,1.573841551824253504e-01,1.883531280356071758e+00,-6.669278849278632570e-01,7.730387591955352466e-02,1.393162157153651215e+00,-9.511109905761371275e-01,-1.792551292028416121e+00,-7.254171270679323586e-05
-5.589026264897460905e-01,-8.970850012912935378e-01,-5.950925654086763883e-01,2.775052795727087629e-01,1.497754276369765436e-01,6.687937634051391300e-02,3.270595720567271991e-01,1.021388819579060608e-01,-9.167336323111233698e-01,-4.908062535374189128e-01,-1.565288786408891131e+00,-1.165181528050499571e-01,1.344753690488348141e+00,-4.264045471090802120e-01,-4.264045471090802120e-01,-4.264045471090802120e-01,-4.264045471090802120e-01,-4.264045471090802120e-01,-4.264045471090802120e-01,-4.264045471090802120e-01,-4.264045471090802120e-01,-4.264045471090802120e-01,-4.264045471090802120e-01,-4.264045471090802120e-01,-4.264045471090802120e-01,-6.210935140081924599e-01,2.279462488889633376e-01,-7.651081284592210485e-01,-4.183028710803226025e-01,6.026795791450469814e-02,-5.189617797681305156e-01,-1.586477331786407818e-01,3.699237454816836634e-01,3.242644536975615721e-01,1.526035240056722087e+00,1.491585870109772005e-01,-1.889394797053736363e+00,-5.766201438911726651e-01,-3.594665178169964114e-05
7.361569418696037315e-02,-7.329311384996598511e-01,-9.010153108651568488e-01,-1.100003987274195544e-01,-3.819162576071739590e-01,9.069845914403833198e-02,-1.729422803574471590e-01,9.990747536110772264e-01,5.392592516892416032e-01,8.386768678244400643e-01,6.622939390503875326e-03,4.273686527747021513e-01,1.344760330319979325e+00,-6.054339348927602060e-01,-6.054339348927602060e-01,-6.054339348927602060e-01,-6.054339348927602060e-01,-6.054339348927602060e-01,-6.054339348927602060e-01,-6.054339348927602060e-01,-6.054339348927602060e-01,-6.054339348927602060e-01,-6.054339348927602060e-01,-6.054339348927602060e-01,-6.054339348927602060e-01,-6.211260086623168197e-01,6.640334060154683415e-01,-4.164176828137496345e-01,-4.243841373891177882e-01,1.726568895303634554e-01,1.535732048466076360e-01,-4.183675462934886569e-01,-5.482309727012124601e-01,-6.081989253371397099e-04,4.748405287969258981e-01,4.658965506645106752e-02,-5.771262283417439853e-01,1.393884627128517684e-01,2.219033282583958745e-05
4.644527312031115213e-02,-3.351428167728279783e-01,-6.503456596422650948e-01,-3.968802259776789687e-01,-3.342081843335673597e-01,-3.069416171433444473e-01,9.628668851767561987e-02,-3.194570654990863123e-01,-2.842397070784317692e-01,-7.970213161343113473e-02,1.200016781943684219e+00,1.008593908891120661e+00,1.344765810442899445e+00,-3.188211023127568988e-01,-3.188211023127568988e-01,-3.188211023127568988e-01,-3.188211023127568988e-01,-3.188211023127568988e-01,-3.188211023127568988e-01,-3.188211023127568988e-01,-3.188211023127568988e-01,-3.188211023127568988e-01,-3.188211023127568988e-01,-3.188211023127568988e-01,-3.188211023127568988e-01,-6.211131799493437855e-01,4.646800076091199272e-01,-1.187847822705560413e-01,-1.915966038599392907e-01,2.922751477171008777e-02,-3.313315924762729736e-01,5.034321338861026673e-02,7.410273113277927592e-01,1.565401052394846670e-01,-8.077835761864519126e-01,-8.179176755201485183e-02,5.600982510331587588e-02,-2.306046467361426267e+00,-6.610038062706771354e-05
7.117427016608856016e-01,5.642225422360814570e-03,-4.431510042965298157e-01,6.190689046204587292e-02,5.567203021600419105e-02,-9.373706373639655309e-01,-8.167576212858111973e-01,-6.923094984441047206e-01,-4.321553533007274628e-02,3.736002326106132535e-03,5.016053914705247418e-01,-2.057418901001582257e-01,1.344769178561134426e+00,-2.169658374903978837e-01,-2.169658374903978837e-01,-2.169658374903978837e-01,-2.169658374903978837e-01,-2.169658374903978837e-01,-2.169658374903978837e-01,-2.169658374903978837e-01,-2.169658374903978837e-01,-2.169658374903978837e-01,-2.169658374903978837e-01,-2.169658374903978837e-01,-2.169658374903978837e-01,-6.211105985995286627e-01,6.956239829215953296e-01,-3.800433265597543131e-01,-6.235601533105640248e-01,5.519650784894910567e-01,7.146408434892176365e-01,2.539064322298888871e-02,-2.219665496313942554e-01,-3.459179275035151879e-01,-5.856724542982060244e-01,2.916259403300870967e-01,3.495636936931401650e-01,-1.478297283985673172e+00,-3.351190794184146711e-06
9.090143500615193162e-01,4.132962315333522096e-01,-2.961712480871729891e-01,-1.249243607186405480e-01,3.088764676294924461e-01,-1.438664938808726090e-01,6.988622440399855362e-01,9.923304892251507900e-03,9.153763251595395944e-01,1.491265476504708198e+00,6.413739207362679773e-01,-9.317960404244313155e-01,1.344775950338734871e+00,2.384579383484943804e+00,2.384579383484943804e+00,2.384579383484943804e+00,2.384579383484943804e+00,2.384579383484943804e+00,2.384579383484943804e+00,2.384579383484943804e+00,2.384579383484943804e+00,2.384579383484943804e+00,2.384579383484943804e+00,2.384579383484943804e+00,2.384579383484943804e+00,-6.211510386522786087e-01,7.241705883754738782e-01,3.088136042069997700e-01,-1.961661675508846459e-01,7.623645261177468269e-02,-1.544858647614197611e-01,2.954837662143430799e-01,-1.537246054976602883e-01,-1.157845361896354230e+00,-4.332529563169801867e-01,1.075749340363402418e+00,1.935517888741740355e+00,-1.245277845799842992e-01,-3.351190794184146711e-06
