-4.974365844726562500e+02,8.332075500488281250e+01,8.971957206726074219e+00,3.833435821533203125e+01,4.498690414428710938e+01,-5.834910392761230469e+00,-1.252179145812988281e+01,1.026248645782470703e+01,2.602178096771240234e+00,-2.404332160949707031e-02,1.678632736206054688e+01,6.736779212951660156e+00,-1.749689483642578125e+01,2.903786621093750000e+02,2.532042694091796875e+02,-2.249319839477539062e+01,1.800747299194335938e+01,-2.208463478088378906e+01,-2.875434875488281250e+01,8.048698425292968750e+00,7.561985015869140625e+00,-5.143264770507812500e+00,7.092074394226074219e+00,3.380411148071289062e+00,-1.714161109924316406e+01,-1.211683654785156250e+01,1.593574371337890625e+02,1.577950439453125000e+02,1.039860610961914062e+02,-1.422963809967041016e+01,-8.715676307678222656e+00,-1.136524391174316406e+01,-6.867205619812011719e+00,2.674570322036743164e+00,4.832970619201660156e+00,7.132734656333923340e-01,-3.343732357025146484e+00,-6.922892570495605469e+00,-9.280012130737304688e+00
-4.480271606445312500e+02,1.384698638916015625e+02,4.216720581054687500e+01,5.973696136474609375e+01,5.179818725585937500e+01,-1.224834632873535156e+01,-1.925398063659667969e+01,5.723278999328613281e+00,-3.104066371917724609e+00,-5.595451354980468750e+00,9.786844253540039062e+00,-3.186568975448608398e+00,-2.675992965698242188e+01,2.932485046386718750e+02,2.450971832275390625e+02,-3.936645126342773438e+01,4.815490722656250000e+00,-3.599265289306640625e+01,-3.552608489990234375e+01,8.985813140869140625e+00,8.074956893920898438e+00,-5.659365177154541016e+00,6.445455551147460938e+00,1.204441189765930176e+00,-1.827338790893554688e+01,-1.178668022155761719e+01,1.566885681152343750e+02,1.505722656250000000e+02,9.209178161621093750e+01,-2.918054389953613281e+01,-1.948276901245117188e+01,-1.790795326232910156e+01,-9.183288574218750000e+00,2.945570468902587891e+00,4.676291942596435547e+00,-4.928785264492034912e-01,-4.490284442901611328e+00,-7.887573242187500000e+00,-9.666690826416015625e+00
-3.677444763183593750e+02,1.931797485351562500e+02,2.878089714050292969e+01,5.731407165527343750e+01,5.785488891601562500e+01,-2.548620986938476562e+01,-2.941581726074218750e+01,4.998528957366943359e+00,-7.833402633666992188e+00,-8.953916549682617188e+00,9.550454139709472656e+00,-5.782457828521728516e+00,-2.904204177856445312e+01,2.804620971679687500e+02,1.982626800537109375e+02,-6.793283843994140625e+01,1.453699588775634766e+01,-4.140013885498046875e+01,-4.363535308837890625e+01,1.524236965179443359e+01,1.079120731353759766e+01,-6.976222991943359375e+00,8.691928863525390625e+00,1.585729360580444336e+00,-1.929624748229980469e+01,-1.162979221343994141e+01,1.353974914550781250e+02,1.246642456054687500e+02,7.153330230712890625e+01,-4.082579421997070312e+01,-1.991937065124511719e+01,-1.919017982482910156e+01,-1.008918476104736328e+01,5.464700222015380859e+00,6.398009777069091797e+00,-4.178116917610168457e-01,-3.924582004547119141e+00,-7.876874446868896484e+00,-1.004445743560791016e+01
-3.241302795410156250e+02,2.047047424316406250e+02,1.093665361404418945e+00,5.785122299194335938e+01,5.880995941162109375e+01,-3.140535354614257812e+01,-2.179130744934082031e+01,-8.795081973075866699e-01,-1.756823730468750000e+01,6.930809020996093750e-01,1.065005111694335938e+01,-1.162596130371093750e+01,-2.556852340698242188e+01,2.644175109863281250e+02,1.626119689941406250e+02,-7.342675781250000000e+01,2.885814666748046875e+01,-4.462828826904296875e+01,-4.030063247680664062e+01,1.526292228698730469e+01,2.111535072326660156e+00,7.862945795059204102e-01,1.410914421081542969e+01,-6.159521102905273438e+00,-1.810928726196289062e+01,-6.971281051635742188e+00,1.179282913208007812e+02,1.089186935424804688e+02,6.190269470214843750e+01,-4.145038986206054688e+01,-1.350265216827392578e+01,-1.980627250671386719e+01,-1.222305488586425781e+01,6.841993808746337891e+00,6.645530700683593750e+00,6.725382208824157715e-01,-2.831961393356323242e+00,-8.874177932739257812e+00,-8.637970924377441406e+00
-2.397441711425781250e+02,2.346769256591796875e+02,-5.830901336669921875e+01,2.620065307617187500e+01,4.507197570800781250e+01,-3.331591796875000000e+01,-1.031906127929687500e+00,-1.080096817016601562e+01,-4.191819000244140625e+01,4.807486534118652344e+00,5.578979015350341797e+00,-2.064455795288085938e+01,-7.143637657165527344e+00,2.372105407714843750e+02,9.071757507324218750e+01,-1.042381362915039062e+02,5.169049453735351562e+01,-2.975828552246093750e+01,-2.305194091796875000e+01,1.125747489929199219e+01,-2.044314193725585938e+01,7.804227352142333984e+00,2.374858474731445312e+01,-1.272602272033691406e+01,-6.361308097839355469e+00,6.750460147857666016e+00,8.372914123535156250e+01,7.133248138427734375e+01,3.611560058593750000e+01,-4.326047134399414062e+01,5.503764152526855469e+00,-1.201071262359619141e+01,-1.514653778076171875e+01,3.536052465438842773e+00,2.883022546768188477e+00,2.780998945236206055e+00,4.409706115722656250e+00,-3.662486553192138672e+00,-1.194431304931640625e+00
-1.831536407470703125e+02,2.569828796386718750e+02,-9.471343231201171875e+01,1.169644451141357422e+01,4.474031066894531250e+01,-4.101525115966796875e+01,-4.155066013336181641e-01,-9.190786361694335938e+00,-4.348555755615234375e+01,6.567283153533935547e+00,3.111755371093750000e+00,-2.189623260498046875e+01,-2.789796590805053711e+00,2.200682678222656250e+02,4.422010421752929688e+01,-1.226432189941406250e+02,6.972686767578125000e+01,-2.635584831237792969e+01,-2.257790946960449219e+01,1.591223239898681641e+01,-2.153502464294433594e+01,7.879034996032714844e+00,2.329865646362304688e+01,-1.423175811767578125e+01,-2.950776100158691406e+00,9.553217887878417969e+00,6.170169448852539062e+01,4.781403732299804688e+01,2.105014610290527344e+01,-4.565425109863281250e+01,1.358841514587402344e+01,-8.693027496337890625e+00,-1.446272754669189453e+01,5.209501743316650391e+00,2.281259298324584961e+00,2.118642091751098633e+00,5.292800426483154297e+00,-2.461571216583251953e+00,7.303332090377807617e-01
-1.655538787841796875e+02,2.583553771972656250e+02,-1.183417587280273438e+02,-2.964276790618896484e+00,4.005679321289062500e+01,-4.177708435058593750e+01,9.086132049560546875e+00,6.975935399532318115e-02,-4.386545562744140625e+01,5.724302768707275391e+00,5.415365695953369141e+00,-1.876082801818847656e+01,1.616798758506774902e+00,2.119546203613281250e+02,2.360606002807617188e+01,-1.306598205566406250e+02,7.919927978515625000e+01,-1.940640449523925781e+01,-1.548533058166503906e+01,2.092342185974121094e+01,-2.647579383850097656e+01,2.827271699905395508e+00,2.464041137695312500e+01,-1.224256515502929688e+01,-1.899283409118652344e+00,1.018881320953369141e+01,5.183335113525390625e+01,3.723913192749023438e+01,1.499016857147216797e+01,-4.418663787841796875e+01,2.160429763793945312e+01,-2.490258932113647461e+00,-1.259976577758789062e+01,4.205118656158447266e+00,-1.686989367008209229e-01,1.161964654922485352e+00,6.647937774658203125e+00,-1.201357483863830566e+00,1.278049230575561523e+00
-1.652165832519531250e+02,2.582930908203125000e+02,-1.237388458251953125e+02,-1.367548751831054688e+01,3.426177215576171875e+01,-3.826164245605468750e+01,1.737600708007812500e+01,6.526638031005859375e+00,-4.248622131347656250e+01,6.896752834320068359e+00,8.704288482666015625e+00,-1.679312705993652344e+01,3.589713573455810547e+00,2.117548370361328125e+02,2.073886871337890625e+01,-1.359842834472656250e+02,7.900030517578125000e+01,-1.229307746887207031e+01,-8.442882537841796875e+00,2.239414024353027344e+01,-2.993111419677734375e+01,1.850574016571044922e-01,2.559525489807128906e+01,-1.184494018554687500e+01,-2.557287454605102539e+00,1.019142055511474609e+01,5.064651489257812500e+01,3.445599365234375000e+01,1.269881343841552734e+01,-4.351088333129882812e+01,2.576435470581054688e+01,2.351848602294921875e+00,-1.087077045440673828e+01,3.045456171035766602e+00,-1.697332262992858887e+00,4.550979733467102051e-01,6.846199035644531250e+00,-1.172865390777587891e+00,1.015369057655334473e+00
-1.674316864013671875e+02,2.602326354980468750e+02,-1.199741668701171875e+02,-1.613660240173339844e+01,3.227451324462890625e+01,-3.681756591796875000e+01,1.668258666992187500e+01,4.320799827575683594e+00,-4.380857086181640625e+01,5.733140945434570312e+00,7.636220932006835938e+00,-1.635426330566406250e+01,7.070594787597656250e+00,2.138321533203125000e+02,2.372875976562500000e+01,-1.381846160888671875e+02,7.612434387207031250e+01,-1.034048175811767578e+01,-7.795963287353515625e+00,2.056918334960937500e+01,-3.024557876586914062e+01,7.061705589294433594e-01,2.572239685058593750e+01,-1.104370212554931641e+01,-2.828130722045898438e-01,1.171242904663085938e+01,5.225793457031250000e+01,3.500476837158203125e+01,1.230431652069091797e+01,-4.418517303466796875e+01,2.526325416564941406e+01,2.532287836074829102e+00,-1.110278034210205078e+01,2.461025714874267578e+00,-1.668039083480834961e+00,1.009466528892517090e+00,7.967092514038085938e+00,2.109281569719314575e-01,2.229360580444335938e+00
-1.740150299072265625e+02,2.603183288574218750e+02,-1.157409515380859375e+02,-1.893430900573730469e+01,3.439193725585937500e+01,-3.250157546997070312e+01,1.342086505889892578e+01,1.714520931243896484e+00,-4.461893463134765625e+01,3.068477630615234375e+00,6.860136032104492188e+00,-1.747762107849121094e+01,5.934300422668457031e+00,2.171666870117187500e+02,2.913703918457031250e+01,-1.396263122558593750e+02,7.506644439697265625e+01,-6.783633232116699219e+00,-1.048553657531738281e+01,1.710804748535156250e+01,-2.901989936828613281e+01,6.769783496856689453e-01,2.573953628540039062e+01,-1.027304935455322266e+01,-4.629178047180175781e-01,1.170596122741699219e+01,5.508815002441406250e+01,3.684355163574218750e+01,1.375612926483154297e+01,-4.355069351196289062e+01,2.447563743591308594e+01,2.032658815383911133e+00,-1.238056468963623047e+01,1.310030698776245117e+00,-1.176750183105468750e+00,1.309478640556335449e+00,8.056036949157714844e+00,4.805809855461120605e-01,2.156024932861328125e+00
-1.853208618164062500e+02,2.559390258789062500e+02,-1.106088867187500000e+02,-1.647698211669921875e+01,4.072338485717773438e+01,-2.928103256225585938e+01,6.853238105773925781e+00,2.233076095581054688e-01,-4.099509048461914062e+01,2.054378032684326172e+00,5.417089462280273438e+00,-1.956257057189941406e+01,2.732421398162841797e+00,2.206299438476562500e+02,3.735598754882812500e+01,-1.362080078125000000e+02,7.566613769531250000e+01,-6.402025222778320312e+00,-1.693507385253906250e+01,1.475217056274414062e+01,-2.392416381835937500e+01,9.155352115631103516e-01,2.320608901977539062e+01,-1.080847454071044922e+01,-1.342334032058715820e+00,1.114749622344970703e+01,5.906838226318359375e+01,4.123997497558593750e+01,1.796724891662597656e+01,-4.191078567504882812e+01,2.221202087402343750e+01,-4.695672914385795593e-02,-1.339326095581054688e+01,1.482249259948730469e+00,-1.041226834058761597e-01,6.840423345565795898e-01,6.583807468414306641e+00,-1.328581273555755615e-01,1.692565560340881348e+00
-1.827521820068359375e+02,2.544629058837890625e+02,-1.147150115966796875e+02,-1.168375778198242188e+01,4.880093002319335938e+01,-3.165828895568847656e+01,-1.577072620391845703e+00,-1.840859889984130859e+00,-3.814631652832031250e+01,2.139190435409545898e+00,2.337013244628906250e+00,-2.250080871582031250e+01,2.102298736572265625e+00,2.186075439453125000e+02,3.401858520507812500e+01,-1.330733337402343750e+02,8.175797271728515625e+01,-9.987265586853027344e+00,-2.518900108337402344e+01,1.490871429443359375e+01,-1.828462219238281250e+01,1.990025162696838379e+00,2.024166488647460938e+01,-1.231999969482421875e+01,-1.173572540283203125e-01,1.230155372619628906e+01,5.732894134521484375e+01,4.101740264892578125e+01,1.969595527648925781e+01,-4.087264633178710938e+01,2.063013458251953125e+01,-3.069220781326293945e+00,-1.440770626068115234e+01,3.102571487426757812e+00,1.180822253227233887e+00,-8.365678787231445312e-02,5.585722923278808594e+00,-3.084979020059108734e-02,2.413367748260498047e+00
-1.899538879394531250e+02,2.382038269042968750e+02,-1.203753280639648438e+02,5.685534477233886719e+00,5.773086547851562500e+01,-3.854176330566406250e+01,-5.389908790588378906e+00,-2.883635759353637695e+00,-3.662287902832031250e+01,4.880462646484375000e+00,-2.947188377380371094e+00,-2.784130859375000000e+01,3.702313423156738281e+00,2.140788574218750000e+02,3.478927993774414062e+01,-1.162591476440429688e+02,8.905310058593750000e+01,-2.211364936828613281e+01,-3.156038665771484375e+01,1.782906341552734375e+01,-1.561648559570312500e+01,3.882049083709716797e+00,1.683784484863281250e+01,-1.636088562011718750e+01,3.324750900268554688e+00,1.577181053161621094e+01,5.673148345947265625e+01,4.608573913574218750e+01,2.628512191772460938e+01,-3.753849792480468750e+01,1.857435417175292969e+01,-8.025911331176757812e+00,-1.530493640899658203e+01,5.561148166656494141e+00,1.264953970909118652e+00,-1.623965501785278320e+00,4.792861461639404297e+00,4.293203353881835938e-01,4.484262466430664062e+00
-2.017827758789062500e+02,2.249706726074218750e+02,-1.185762786865234375e+02,2.249570083618164062e+01,6.848457336425781250e+01,-4.297883605957031250e+01,-1.308970642089843750e+01,-3.963424921035766602e+00,-3.216955566406250000e+01,6.757277488708496094e+00,-6.062231063842773438e+00,-2.791745376586914062e+01,7.372190952301025391e+00,2.133767242431640625e+02,4.160324859619140625e+01,-1.012374877929687500e+02,9.353042602539062500e+01,-3.273726654052734375e+01,-4.078713989257812500e+01,1.950770568847656250e+01,-9.539924621582031250e+00,5.360351085662841797e+00,1.305366230010986328e+01,-1.733736610412597656e+01,6.717210769653320312e+00,1.764482307434082031e+01,5.931664276123046875e+01,5.317634582519531250e+01,3.380597305297851562e+01,-3.488381576538085938e+01,1.454986095428466797e+01,-1.344925308227539062e+01,-1.622928428649902344e+01,8.039237976074218750e+00,2.477565288543701172e+00,-2.180073261260986328e+00,4.440876007080078125e+00,1.466424942016601562e+00,6.215848922729492188e+00
-2.084497985839843750e+02,2.210771484375000000e+02,-1.130017852783203125e+02,2.938497543334960938e+01,6.815364074707031250e+01,-4.838033676147460938e+01,-1.564200496673583984e+01,-7.034767866134643555e-01,-2.891399383544921875e+01,3.569803953170776367e+00,-1.195458889007568359e+01,-2.969491958618164062e+01,7.642487525939941406e+00,2.147634735107421875e+02,4.772400665283203125e+01,-9.584608459472656250e+01,9.057771301269531250e+01,-3.888265609741210938e+01,-4.189782333374023438e+01,2.383843040466308594e+01,-6.635994434356689453e+00,2.136640310287475586e+00,8.479701995849609375e+00,-1.663236236572265625e+01,9.798538208007812500e+00,1.866870307922363281e+01,6.204229736328125000e+01,5.711175537109375000e+01,3.615147018432617188e+01,-3.577595520019531250e+01,1.169542503356933594e+01,-1.439725494384765625e+01,-1.464584064483642578e+01,9.062829017639160156e+00,1.164811253547668457e+00,-4.102347850799560547e+00,3.984823942184448242e+00,2.774244308471679688e+00,7.653155803680419922e+00
-2.126119079589843750e+02,2.213600158691406250e+02,-1.026655273437500000e+02,3.786776733398437500e+01,6.600257873535156250e+01,-5.249808502197265625e+01,-1.603601074218750000e+01,-1.759868264198303223e+00,-3.059620285034179688e+01,1.555732727050781250e+00,-1.523517036437988281e+01,-3.063136100769042969e+01,7.590887069702148438e+00,2.169859619140625000e+02,5.497319030761718750e+01,-9.174612426757812500e+01,8.433405303955078125e+01,-4.518292617797851562e+01,-4.101929473876953125e+01,2.536910820007324219e+01,-7.280096054077148438e+00,1.657800436019897461e+00,7.680516242980957031e+00,-1.609354782104492188e+01,1.141302871704101562e+01,1.911112403869628906e+01,6.538646697998046875e+01,6.109057235717773438e+01,3.737367248535156250e+01,-3.790480804443359375e+01,8.289318084716796875e+00,-1.612938690185546875e+01,-1.424593448638916016e+01,9.354743957519531250e+00,4.917281866073608398e-01,-4.238195419311523438e+00,4.418708801269531250e+00,3.489636659622192383e+00,8.387435913085937500e+00
-2.216147918701171875e+02,2.281272583007812500e+02,-8.075134277343750000e+01,4.326927185058593750e+01,6.415394592285156250e+01,-4.912076568603515625e+01,-1.809435844421386719e+01,-6.196665763854980469e+00,-2.992111968994140625e+01,1.296648025512695312e+00,-1.722149848937988281e+01,-3.282643127441406250e+01,2.585635662078857422e+00,2.248710327148437500e+02,7.043172454833984375e+01,-9.242899322509765625e+01,7.245264434814453125e+01,-4.619501876831054688e+01,-4.112415313720703125e+01,2.146204948425292969e+01,-5.913380622863769531e+00,3.746656894683837891e+00,6.349810600280761719e+00,-1.706153869628906250e+01,9.903567314147949219e+00,1.770603370666503906e+01,7.314689636230468750e+01,6.706315612792968750e+01,3.866794967651367188e+01,-4.095907592773437500e+01,3.292393207550048828e+00,-1.811801719665527344e+01,-1.452260303497314453e+01,8.900806427001953125e+00,9.239033460617065430e-01,-4.055991172790527344e+00,3.089043140411376953e+00,2.238510847091674805e+00,7.502633571624755859e+00
-2.597954406738281250e+02,2.218811035156250000e+02,-5.166791534423828125e+01,3.998389816284179688e+01,5.923891830444335938e+01,-4.159272384643554688e+01,-2.435689926147460938e+01,-5.610782146453857422e+00,-2.106950378417968750e+01,-2.271972894668579102e+00,-1.549304294586181641e+01,-2.861248016357421875e+01,-9.652853012084960938e+00,2.408382720947265625e+02,1.040637664794921875e+02,-9.094860076904296875e+01,5.545341491699218750e+01,-4.078831100463867188e+01,-4.179790878295898438e+01,1.799097061157226562e+01,1.643697738647460938e+00,1.669404625892639160e+00,2.788230419158935547e+00,-1.317025375366210938e+01,2.920094966888427734e+00,9.479813575744628906e+00,8.979315948486328125e+01,8.076862335205078125e+01,4.561714935302734375e+01,-4.160408020019531250e+01,-2.695458889007568359e+00,-1.747851753234863281e+01,-1.246349048614501953e+01,8.192890167236328125e+00,2.106652259826660156e+00,-4.042693614959716797e+00,-3.507205843925476074e-01,-8.921570181846618652e-01,3.064000606536865234e+00
-3.119516601562500000e+02,2.056739349365234375e+02,-2.732062530517578125e+01,2.891591644287109375e+01,5.546791076660156250e+01,-3.278962326049804688e+01,-3.357434844970703125e+01,5.059461593627929688e+00,-3.471896648406982422e+00,-1.052716445922851562e+01,-5.849498748779296875e+00,-9.411709785461425781e+00,-2.553739547729492188e+01,2.588128051757812500e+02,1.423155212402343750e+02,-8.837901306152343750e+01,4.139426803588867188e+01,-3.085276985168457031e+01,-4.452112960815429688e+01,1.892454147338867188e+01,1.505122566223144531e+01,-7.793313026428222656e+00,-1.188801050186157227e+00,5.577273368835449219e-01,-9.843948364257812500e+00,-8.062843322753906250e+00,1.086887664794921875e+02,9.663661956787109375e+01,5.580811309814453125e+01,-3.941385650634765625e+01,-7.421298503875732422e+00,-1.367551708221435547e+01,-8.003052711486816406e+00,7.462737083435058594e+00,3.986307382583618164e+00,-3.131994485855102539e+00,-4.301554203033447266e+00,-4.970835685729980469e+00,-5.550148010253906250e+00
-2.774465026855468750e+02,2.236373748779296875e+02,-3.584885406494140625e+01,2.656665992736816406e+01,4.423509597778320312e+01,-3.535729217529296875e+01,-1.614165496826171875e+01,-3.193639516830444336e+00,-2.776560592651367188e+01,-1.136157226562500000e+01,-5.842353820800781250e+00,-1.359789466857910156e+01,-1.361034393310546875e+01,2.505419311523437500e+02,1.207988281250000000e+02,-9.853535461425781250e+01,4.004197692871093750e+01,-3.096197509765625000e+01,-3.018837547302246094e+01,1.608182716369628906e+01,-5.811975479125976562e+00,-4.083966255187988281e+00,1.096162605285644531e+01,-1.118161201477050781e+00,-3.883995056152343750e+00,-6.224632263183593750e-03,9.842791748046875000e+01,8.496239471435546875e+01,4.462924957275390625e+01,-4.379053878784179688e+01,-2.250955343246459961e+00,-1.198973464965820312e+01,-1.118377494812011719e+01,3.636748790740966797e+00,1.243066906929016113e+00,1.114741787314414978e-01,2.607420206069946289e+00,-1.226553320884704590e+00,-1.554842948913574219e+00
-2.651953125000000000e+02,2.296226348876953125e+02,-4.075634765625000000e+01,2.215104293823242188e+01,4.057360839843750000e+01,-2.940654373168945312e+01,-8.429430007934570312e+00,-1.233749008178710938e+01,-3.420236206054687500e+01,-2.158262252807617188e+00,-3.882878303527832031e+00,-1.685229110717773438e+01,-6.273147106170654297e+00,2.474089660644531250e+02,1.122194824218750000e+02,-1.037357940673828125e+02,4.066497802734375000e+01,-2.577879333496093750e+01,-2.450151824951171875e+01,8.534526824951171875e+00,-1.288646602630615234e+01,5.089613914489746094e+00,1.515974235534667969e+01,-7.347014427185058594e+00,-1.195134401321411133e+00,5.289571762084960938e+00,9.436959075927734375e+01,7.991316986083984375e+01,4.040662384033203125e+01,-4.367284011840820312e+01,1.309624910354614258e+00,-1.179801082611083984e+01,-1.324828910827636719e+01,2.872363090515136719e+00,1.927233099937438965e+00,2.128988265991210938e+00,4.116440296173095703e+00,-1.062003850936889648e+00,5.798606276512145996e-01
-2.966027221679687500e+02,2.173015441894531250e+02,-3.034432601928710938e+01,1.287893104553222656e+01,4.126329040527343750e+01,-1.029561138153076172e+01,-3.962224960327148438e+00,-1.353122997283935547e+01,-2.604877090454101562e+01,2.944157600402832031e+00,-4.417338848114013672e+00,-1.735167121887207031e+01,-2.439469575881958008e+00,2.569521484375000000e+02,1.331291961669921875e+02,-1.022113037109375000e+02,3.580381011962890625e+01,-1.158727073669433594e+01,-2.261275863647460938e+01,-1.617809295654296875e+00,-1.104327297210693359e+01,8.237693786621093750e+00,1.081571578979492188e+01,-1.014791488647460938e+01,9.889346361160278320e-01,7.456100940704345703e+00,1.046421051025390625e+02,8.852217102050781250e+01,4.713093948364257812e+01,-3.835866928100585938e+01,2.958966016769409180e+00,-9.804583549499511719e+00,-1.378597450256347656e+01,4.392991960048675537e-01,1.556515932083129883e+00,1.399055004119873047e+00,2.692277431488037109e+00,-8.789384961128234863e-01,1.886793971061706543e+00
-3.429104003906250000e+02,1.883123321533203125e+02,-2.641057205200195312e+01,5.733601570129394531e+00,4.412481689453125000e+01,8.703473091125488281e+00,8.507623672485351562e+00,-8.699911832809448242e-01,-1.541459655761718750e+01,5.127830028533935547e+00,4.324318885803222656e+00,-6.406066894531250000e+00,1.542169094085693359e+00,2.656113586425781250e+02,1.582499084472656250e+02,-9.128936767578125000e+01,3.526769256591796875e+01,1.484935760498046875e+00,-1.780859756469726562e+01,-4.786732196807861328e+00,-1.196111011505126953e+01,2.998910665512084961e+00,9.869457244873046875e+00,-5.766948699951171875e+00,-1.391074895858764648e+00,3.974117994308471680e+00,1.164222412109375000e+02,1.013787841796875000e+02,5.914916992187500000e+01,-2.886823272705078125e+01,7.280626296997070312e+00,-4.882437705993652344e+00,-1.286522865295410156e+01,-3.107350587844848633e+00,-2.368788421154022217e-01,8.666763901710510254e-01,2.237963438034057617e+00,-9.953471422195434570e-01,2.383936345577239990e-01
-3.837598571777343750e+02,1.558814392089843750e+02,-2.614155578613281250e+01,5.172170162200927734e+00,3.704319763183593750e+01,8.241304397583007812e+00,1.355470371246337891e+01,5.039849281311035156e+00,-1.179287910461425781e+01,3.861464500427246094e+00,4.000943660736083984e+00,-2.389620304107666016e+00,3.557814359664916992e+00,2.698206481933593750e+02,1.788091430664062500e+02,-7.535463714599609375e+01,3.159237670898437500e+01,1.534567117691040039e+00,-1.174424743652343750e+01,-1.600727558135986328e+00,-1.267379188537597656e+01,-5.891923904418945312e-01,7.896911621093750000e+00,-3.125542402267456055e+00,-2.215646505355834961e-01,2.973717212677001953e+00,1.254877929687500000e+02,1.135482330322265625e+02,6.908968353271484375e+01,-2.320955085754394531e+01,8.246165275573730469e+00,-2.375313520431518555e+00,-1.008736038208007812e+01,-3.410726308822631836e+00,-2.028590440750122070e+00,9.348835796117782593e-02,2.445030212402343750e+00,-1.050429567694664001e-01,5.061175823211669922e-01
-4.258309631347656250e+02,1.280593872070312500e+02,-2.399657440185546875e+01,-5.843459129333496094e+00,2.558120346069335938e+01,7.947081565856933594e+00,7.834092617034912109e+00,3.456776142120361328e+00,-2.972193241119384766e+00,5.371337890625000000e+00,1.774440407752990723e+00,3.270515918731689453e+00,9.482019424438476562e+00,2.769451904296875000e+02,2.009171905517578125e+02,-6.695142364501953125e+01,2.478888893127441406e+01,6.895270347595214844e+00,-8.873555183410644531e+00,-2.245152711868286133e+00,-5.403142929077148438e+00,9.572808742523193359e-01,2.373316764831542969e+00,-1.050410985946655273e+00,3.853789567947387695e+00,3.105751752853393555e+00,1.357559204101562500e+02,1.241809387207031250e+02,7.689215087890625000e+01,-1.906468391418457031e+01,7.745187282562255859e+00,8.533596992492675781e-02,-6.159709930419921875e+00,-1.595777273178100586e+00,-1.020474314689636230e+00,4.374113082885742188e-01,2.280760288238525391e+00,1.592894196510314941e+00,2.162666082382202148e+00
-4.466177673339843750e+02,1.256484985351562500e+02,-4.522253990173339844e+00,-3.047820568084716797e+00,2.401818466186523438e+01,1.008373260498046875e+01,3.842704772949218750e+00,4.203020095825195312e+00,3.891694843769073486e-01,4.198837280273437500e+00,1.069715309143066406e+01,1.571993064880371094e+01,8.606985092163085938e+00,2.861331176757812500e+02,2.210477600097656250e+02,-6.434815979003906250e+01,1.427021980285644531e+01,6.565776824951171875e+00,-1.008773994445800781e+01,-2.940356254577636719e+00,-1.726767659187316895e+00,-2.091407775878906250e-03,5.153991699218750000e+00,5.760546684265136719e+00,-1.045083999633789062e+00,-3.556472778320312500e+00,1.456457366943359375e+02,1.329235382080078125e+02,8.125756072998046875e+01,-2.025890922546386719e+01,2.986147165298461914e+00,-5.673798322677612305e-01,-5.313874244689941406e+00,-1.522332549095153809e+00,1.370471358299255371e+00,3.334180355072021484e+00,2.795672416687011719e+00,6.726127862930297852e-01,-1.129328131675720215e+00
-4.570331726074218750e+02,1.237668838500976562e+02,7.325293540954589844e+00,3.914337635040283203e+00,2.562728500366210938e+01,1.199808502197265625e+01,4.715247154235839844e+00,4.920452594757080078e+00,8.497815132141113281e-01,3.607935667037963867e+00,1.072678947448730469e+01,1.546251583099365234e+01,1.020318794250488281e+01,2.904000244140625000e+02,2.321792297363281250e+02,-5.992627334594726562e+01,9.150995254516601562e+00,4.041873931884765625e+00,-1.045601844787597656e+01,-3.538816213607788086e+00,-1.932732820510864258e+00,-6.562584638595581055e-01,4.938504219055175781e+00,5.927289962768554688e+00,-2.618007659912109375e-01,-2.629663944244384766e+00,1.509517059326171875e+02,1.386253509521484375e+02,8.454683685302734375e+01,-2.052356147766113281e+01,2.863654494285583496e-01,-1.889980792999267578e+00,-5.663263797760009766e+00,-2.064576387405395508e+00,1.071056723594665527e+00,3.096113443374633789e+00,3.056139230728149414e+00,1.266690254211425781e+00,-6.306530833244323730e-01
-4.625682678222656250e+02,1.220541305541992188e+02,1.239708614349365234e+01,5.592979431152343750e+00,2.183743286132812500e+01,8.162496566772460938e+00,3.964053153991699219e+00,5.777786254882812500e+00,-3.135620355606079102e-01,3.900802135467529297e-01,8.164129257202148438e+00,1.308568668365478516e+01,7.585505485534667969e+00,2.923111877441406250e+02,2.374826812744140625e+02,-5.823057556152343750e+01,4.720173358917236328e+00,1.284758567810058594e+00,-8.936689376831054688e+00,-1.192355155944824219e+00,-2.138807535171508789e+00,-2.693852901458740234e+00,4.238845825195312500e+00,6.347803115844726562e+00,-2.893118858337402344e-01,-2.750090599060058594e+00,1.534553070068359375e+02,1.411287841796875000e+02,8.523502349853515625e+01,-2.183429145812988281e+01,-1.429654836654663086e+00,-1.750376582145690918e+00,-4.668670177459716797e+00,-1.982244729995727539e+00,3.012446165084838867e-01,2.309349298477172852e+00,2.849374055862426758e+00,1.381222724914550781e+00,-6.657428741455078125e-01
-4.670120544433593750e+02,1.212848358154296875e+02,1.567234802246093750e+01,4.823950290679931641e+00,2.073025512695312500e+01,9.103420257568359375e+00,3.376147747039794922e+00,5.132665157318115234e+00,6.048191785812377930e-01,1.226851105690002441e+00,9.274744033813476562e+00,1.514003372192382812e+01,9.394748687744140625e+00,2.941484375000000000e+02,2.413421936035156250e+02,-5.823044204711914062e+01,2.528953552246093750e+00,2.139734983444213867e+00,-8.677053451538085938e+00,-1.985377550125122070e+00,-1.385664224624633789e+00,-1.952907085418701172e+00,4.334962368011474609e+00,6.956591129302978516e+00,6.000232696533203125e-02,-2.872642517089843750e+00,1.553665771484375000e+02,1.426356353759765625e+02,8.590237426757812500e+01,-2.193049240112304688e+01,-2.031293153762817383e+00,-1.673667788505554199e+00,-4.422162532806396484e+00,-1.852446675300598145e+00,7.891378402709960938e-01,2.868466138839721680e+00,3.149304151535034180e+00,1.645579934120178223e+00,-5.505275726318359375e-01
-4.772264709472656250e+02,1.159913558959960938e+02,2.154841232299804688e+01,8.836398124694824219e+00,2.131575012207031250e+01,1.166707515716552734e+01,6.104663848876953125e+00,6.355487823486328125e+00,2.979734420776367188e+00,3.800935506820678711e+00,8.510671615600585938e+00,1.259055900573730469e+01,9.148180961608886719e+00,2.966089172363281250e+02,2.493874359130859375e+02,-5.357748031616210938e+01,-1.163311004638671875e-01,1.415338516235351562e+00,-7.605543136596679688e+00,-2.655793666839599609e+00,-1.562464714050292969e+00,-1.277276158332824707e+00,2.765468597412109375e+00,4.394811630249023438e+00,3.187546730041503906e-01,-1.721189022064208984e+00,1.590767517089843750e+02,1.470900573730468750e+02,8.899295043945312500e+01,-2.088812255859375000e+01,-2.805681943893432617e+00,-2.017290592193603516e+00,-4.198361873626708984e+00,-1.885720849037170410e+00,2.257463186979293823e-01,1.800107955932617188e+00,2.112651586532592773e+00,1.133200049400329590e+00,-2.167359292507171631e-01
-4.741550598144531250e+02,1.068251953125000000e+02,1.693635940551757812e+01,3.028320503234863281e+01,2.999652099609375000e+01,2.539169788360595703e+00,1.102968502044677734e+01,1.126403427124023438e+01,-4.245137214660644531e+00,2.362386703491210938e+00,6.610150814056396484e+00,3.831754684448242188e+00,8.696204185485839844e+00,2.904901123046875000e+02,2.455457153320312500e+02,-3.827099609375000000e+01,6.530080795288085938e+00,-1.387201786041259766e+01,-9.483417510986328125e+00,4.362432479858398438e+00,-7.637411117553710938e+00,-4.450823783874511719e+00,5.427643775939941406e+00,7.346839904785156250e-01,1.043026685714721680e+00,2.432224750518798828e+00,1.563163146972656250e+02,1.499967956542968750e+02,9.317611694335937500e+01,-1.955118942260742188e+01,-3.955738306045532227e+00,-5.700517654418945312e+00,-5.975845336914062500e+00,-1.562838792800903320e+00,-1.774071574211120605e+00,-4.009271264076232910e-01,2.735205173492431641e+00,1.475368857383728027e+00,9.036556482315063477e-01
-4.482677612304687500e+02,9.626145935058593750e+01,-1.794346237182617188e+01,4.655516815185546875e+01,4.938910675048828125e+01,-3.618470668792724609e+00,1.787824058532714844e+01,1.852936553955078125e+01,-9.903251647949218750e+00,1.453389883041381836e+00,3.419404029846191406e+00,2.141672849655151367e+00,1.951942634582519531e+01,2.722646179199218750e+02,2.151621551513671875e+02,-2.485314559936523438e+01,3.366628265380859375e+01,-2.508681869506835938e+01,-1.575543308258056641e+01,1.107391834259033203e+01,-1.389074611663818359e+01,-8.537987709045410156e+00,6.661327838897705078e+00,3.441414833068847656e-01,8.050010681152343750e+00,8.688877105712890625e+00,1.405177764892578125e+02,1.419970092773437500e+02,9.456074523925781250e+01,-1.324272918701171875e+01,2.146976709365844727e+00,-8.756247520446777344e+00,-9.643688201904296875e+00,-1.763777136802673340e+00,-4.599364757537841797e+00,-1.945272922515869141e+00,5.953363895416259766e+00,5.223209381103515625e+00,4.957779884338378906e+00
-4.645223083496093750e+02,9.009761047363281250e+01,-8.118030548095703125e+00,4.906188201904296875e+01,4.967111206054687500e+01,2.643768489360809326e-01,1.862149810791015625e+01,2.061603927612304688e+01,-4.253065109252929688e+00,5.057222366333007812e+00,6.888257026672363281e+00,5.696436882019042969e+00,1.978278732299804688e+01,2.773099670410156250e+02,2.282021331787109375e+02,-2.051786422729492188e+01,2.889457130432128906e+01,-2.439875221252441406e+01,-1.552480697631835938e+01,1.017583084106445312e+01,-1.143728160858154297e+01,-7.779408454895019531e+00,5.570661067962646484e+00,3.196072578430175781e-01,6.447265148162841797e+00,7.043175220489501953e+00,1.467428436279296875e+02,1.483572692871093750e+02,9.873510742187500000e+01,-1.218773269653320312e+01,4.681552052497863770e-01,-8.794130325317382812e+00,-8.749669075012207031e+00,-1.328887224197387695e+00,-3.902529954910278320e+00,-1.869788289070129395e+00,4.871091842651367188e+00,4.234566211700439453e+00,3.987541198730468750e+00
-5.241961059570312500e+02,8.557047271728515625e+01,4.337893295288085938e+01,3.692927932739257812e+01,3.409505844116210938e+01,2.054618453979492188e+01,1.603241348266601562e+01,1.598360061645507812e+01,1.270784091949462891e+01,1.140695953369140625e+01,1.083588409423828125e+01,1.073186302185058594e+01,8.016725540161132812e+00,3.048833007812500000e+02,2.837875061035156250e+02,-2.432059669494628906e+01,-4.641937255859375000e+00,-8.191547393798828125e+00,-9.031322479248046875e+00,-2.281291961669921875e+00,-1.662286281585693359e+00,-2.288320541381835938e+00,-9.359784126281738281e-01,-3.375482559204101562e-01,-1.409579277038574219e+00,-1.357568740844726562e+00,1.744916687011718750e+02,1.689825744628906250e+02,1.067941131591796875e+02,-1.393324470520019531e+01,-7.107613563537597656e+00,-5.995400428771972656e+00,-4.733701705932617188e+00,-2.160302162170410156e+00,-1.496969938278198242e+00,-1.237543225288391113e+00,-1.005732774734497070e+00,-9.599626660346984863e-01,-8.353454470634460449e-01
