-3.275392810983547287e-01,1.459984111833644294e-01,-2.774420557435255952e-01,-1.147614923709836310e+00,1.116017017687872315e+00,-3.411625334556970257e-01,-1.940556361667794549e+00,-1.034849033237768667e+00,3.876850338203866597e-01,-1.185218954016401316e+00,-1.555785968661929641e-01,1.098781336557518085e+00,-8.830025378659063229e-01,-1.781771830586850847e+00,-1.781771830586850847e+00,-1.781771830586850847e+00,-1.781771830586850847e+00,-1.781771830586850847e+00,-1.781771830586850847e+00,-1.781771830586850847e+00,-1.781771830586850847e+00,-1.781771830586850847e+00,-1.781771830586850847e+00,-1.781771830586850847e+00,-1.781771830586850847e+00,-4.760111757318881698e-01,1.842051233186428882e-01,9.589372033416906360e-01,-1.287818543214811706e+00,-9.684176429268555042e-01,2.446693391327058986e+00,3.774525973107504817e-01,-1.673088954023397079e+00,1.063474185190480537e+00,7.914299388324423923e-01,-2.581830976348193474e+00,-1.558310624125123001e+00,1.558380097849781709e+00,-2.563848919119738123e-05
-3.098692217035724505e-01,1.324400351879844173e-01,-3.272417821829917695e-01,-2.693043882138804190e-01,7.877235618845412901e-01,-3.609508025517891433e-02,-2.518853404449604927e+00,-3.802345036533295031e-01,-9.702659462229717979e-01,-9.655054322505256525e-01,7.216469107776353198e-01,-5.330710197083621260e-01,-8.830001165621838011e-01,-2.796878406158666230e+00,-2.796878406158666230e+00,-2.796878406158666230e+00,-2.796878406158666230e+00,-2.796878406158666230e+00,-2.796878406158666230e+00,-2.796878406158666230e+00,-2.796878406158666230e+00,-2.796878406158666230e+00,-2.796878406158666230e+00,-2.796878406158666230e+00,-2.796878406158666230e+00,-4.760195012521550306e-01,1.808128513715754060e-01,2.846212122402286826e-01,-1.287879238301837370e+00,-3.237463080120671077e-01,2.440069798901405296e+00,-5.215372195154660551e-02,-6.471337557815624031e-01,5.859825336499433490e-01,-5.775933444441898601e-01,3.500606803605991746e-01,-1.597964551185982796e+00,-1.521562577329148569e+00,-1.875858373539034606e-05
-1.341523359128750925e-01,9.612639193861458597e-01,2.190880142004136485e-02,-1.205924615401757105e+00,-5.109731425190190413e-01,1.601624608237744440e-01,-1.370481481406951030e+00,-6.438201638394568382e-01,-8.447922759948122140e-01,-1.269248487598193309e+00,4.565452511217349407e-01,-1.217615984057737882e-01,-8.829986027415435146e-01,-1.969306547778448824e-02,-1.969306547778448824e-02,-1.969306547778448824e-02,-1.969306547778448824e-02,-1.969306547778448824e-02,-1.969306547778448824e-02,-1.969306547778448824e-02,-1.969306547778448824e-02,-1.969306547778448824e-02,-1.969306547778448824e-02,-1.969306547778448824e-02,-1.969306547778448824e-02,-4.760247164010973364e-01,-1.361424102308317341e-01,1.538822865593195699e+00,-5.207887924610977992e-02,-1.306608879760051245e+00,7.725825390143113980e-01,2.140042884314703742e-01,-7.314838319529336219e-02,9.119259668686168219e-01,-1.099543154314414739e+00,-4.372526374395377946e-01,6.084858318209166450e-01,-3.414402793038189832e-01,-1.421132491720777153e-05
-6.111879856649502507e-01,6.713486355862585686e-01,-1.924409210360964739e-01,-9.904576194417241686e-01,-6.078434785121031858e-01,2.050979683234641915e-01,-8.508838489280992068e-01,4.974172266531964870e-01,-6.816091617554904669e-01,-1.511161932409946340e+00,5.007148699968891892e-01,-1.703679655032018792e+00,-8.829975202341507901e-01,-8.136434922165202144e-01,-8.136434922165202144e-01,-8.136434922165202144e-01,-8.136434922165202144e-01,-8.136434922165202144e-01,-8.136434922165202144e-01,-8.136434922165202144e-01,-8.136434922165202144e-01,-8.136434922165202144e-01,-8.136434922165202144e-01,-8.136434922165202144e-01,-8.136434922165202144e-01,-4.760291581531068128e-01,-2.115541325452848787e-01,1.225049499613791282e+00,-1.200282868590740216e-02,-7.178081785114026614e-01,2.916827499288371928e-01,-1.117330871518912971e+00,1.602637802688334778e-01,1.265404550778660653e+00,-8.455272407182621297e-01,3.204696713650012074e-01,-2.992058047665616463e-02,-5.951315882422830716e-01,-8.137882018272299319e-06
-6.245658984884793208e-01,5.867348240928261793e-01,-6.475689123971326011e-02,-7.689646537495063994e-01,-5.391014804455042109e-01,1.574995502065183350e+00,-1.408995368662908643e+00,1.079037530291110158e+00,1.966928037956776176e+00,-4.565143647237800417e-01,-1.891969107270710104e-01,-9.622774786150577464e-01,-8.829968450424536819e-01,6.098709169308225847e-02,6.098709169308225847e-02,6.098709169308225847e-02,6.098709169308225847e-02,6.098709169308225847e-02,6.098709169308225847e-02,6.098709169308225847e-02,6.098709169308225847e-02,6.098709169308225847e-02,6.098709169308225847e-02,6.098709169308225847e-02,6.098709169308225847e-02,-4.760318063337135586e-01,-2.895502062205576599e-01,1.351501458449752224e+00,-1.047490054474763677e-01,-1.559259518924969390e+00,1.570455345701980976e+00,-4.391224226809569697e-01,-2.602756752593751610e+00,7.959614094346455504e-01,7.020520688285801780e-01,1.171672138102045180e+00,2.729413051886512287e-01,-1.668089422153294477e+00,-4.080956985272075140e-06
-7.868015091258184768e-01,-4.984991510415881510e-01,-2.396196862695565977e-01,-3.041715007574154472e-01,-5.070758105284141060e-01,-4.170624519852280665e-01,-1.440311668969346259e+00,-9.363907634863980478e-01,-2.035198863408857584e+00,-4.993649047656724682e-01,4.802495902381135884e-01,4.179038593053364115e-01,-8.829964767968846440e-01,-1.253564608300006711e+00,-1.253564608300006711e+00,-1.253564608300006711e+00,-1.253564608300006711e+00,-1.253564608300006711e+00,-1.253564608300006711e+00,-1.253564608300006711e+00,-1.253564608300006711e+00,-1.253564608300006711e+00,-1.253564608300006711e+00,-1.253564608300006711e+00,-1.253564608300006711e+00,-4.760328195728030232e-01,-2.418640852091793469e-01,-9.429634464463602928e-02,-2.478687202558829406e-01,-2.321467749608053244e-01,5.099985685001500180e-01,5.407395730615228713e-01,8.492988448270732960e-01,1.096662551685804593e-01,-1.422665063406117536e+00,1.163585220146349519e-01,-2.577169914988448052e-01,-1.630913207192220993e+00,-2.721621129837210972e-06
-5.654952088803926191e-01,1.826868382148272574e-01,1.704071222827952259e-01,-4.109732037863431109e-01,-1.698757934423213711e-01,6.427884264246881418e-01,-1.693610825983390855e+00,-1.675846948329522135e-02,-4.417247358717827921e-01,-1.792542309979587634e+00,-1.018691548669773406e+00,-4.280206175130583657e-01,-8.829962274493827756e-01,-2.128350117762100591e-01,-2.128350117762100591e-01,-2.128350117762100591e-01,-2.128350117762100591e-01,-2.128350117762100591e-01,-2.128350117762100591e-01,-2.128350117762100591e-01,-2.128350117762100591e-01,-2.128350117762100591e-01,-2.128350117762100591e-01,-2.128350117762100591e-01,-2.128350117762100591e-01,-4.760331775828883227e-01,-3.668184421482306168e-01,6.063510828861086166e-01,-2.204401775419696230e-01,-8.966315634832848769e-01,1.350730772186175654e+00,-4.213903180399755088e-01,-1.151152695316597585e+00,1.755699311093090742e+00,7.707313615973218068e-01,-3.092792841164804796e-01,-7.383339389541128117e-01,-1.161940213047508275e+00,-2.073880352394973203e-06
-3.792863852526987545e-01,2.622527306351643637e-03,-2.394242864235573282e-02,2.823781173281319015e-02,4.638829217788809772e-02,-7.710428128503584722e-01,-7.067940448704489453e-01,-4.470483908329589418e-01,3.187011511081329629e-01,-5.880815187754991902e-01,-7.428028412321933116e-01,4.612357133739592580e-02,-8.829960221390694697e-01,-1.566355832627520872e+00,-1.566355832627520872e+00,-1.566355832627520872e+00,-1.566355832627520872e+00,-1.566355832627520872e+00,-1.566355832627520872e+00,-1.566355832627520872e+00,-1.566355832627520872e+00,-1.566355832627520872e+00,-1.566355832627520872e+00,-1.566355832627520872e+00,-1.566355832627520872e+00,-4.760334234647109475e-01,-1.372609018549325599e-01,-2.232948168899202557e-01,-2.201398303217628194e-01,5.379901582970323393e-01,7.609758791979901460e-01,-2.484254489421703904e-01,-1.001745602917310629e+00,3.687234414768741919e-01,1.143177327338580573e+00,-1.594095631559944160e+00,-1.615895866280337767e+00,1.983455809334888187e+00,-1.650617231920188067e-06
-1.710913435491194512e-01,-4.464987850412372450e-01,1.192251971829066254e-01,-4.231755008799712447e-01,-5.270102543039387744e-01,-1.767694413388226415e+00,-5.714167301457045989e-01,-7.800093565889524294e-01,9.694577220425654174e-01,4.540708907316022835e-01,1.115662027645843990e+00,8.184765530195994288e-01,-8.829958303618542503e-01,1.124644529681281258e+00,1.124644529681281258e+00,1.124644529681281258e+00,1.124644529681281258e+00,1.124644529681281258e+00,1.124644529681281258e+00,1.124644529681281258e+00,1.124644529681281258e+00,1.124644529681281258e+00,1.124644529681281258e+00,1.124644529681281258e+00,1.124644529681281258e+00,-4.760334158193251231e-01,-2.156204724385522575e-01,-3.189026333052037976e-01,2.241569185459678926e-01,9.715847154692607290e-01,5.308827436590625171e-01,-4.971265978342441667e-03,-7.612611222987167858e-01,-6.600007889392088822e-01,-5.677573849438490861e-01,-1.210466987576480857e+00,1.201374242897407463e+00,1.694611806362017692e+00,-6.388347726053424283e-07
-3.043886728397604546e-01,-1.046180469562425636e-01,3.244313244502587679e-02,8.903317837314017602e-02,-8.153812350447977586e-01,-8.942100217762373182e-01,-7.628791415663840336e-01,-4.189431061672524437e-02,1.087184168778382309e+00,-6.086942452494241707e-01,2.300546024221668540e-01,-1.824105562352323073e-01,-8.829956645908937363e-01,-5.042905381373640195e-01,-5.042905381373640195e-01,-5.042905381373640195e-01,-5.042905381373640195e-01,-5.042905381373640195e-01,-5.042905381373640195e-01,-5.042905381373640195e-01,-5.042905381373640195e-01,-5.042905381373640195e-01,-5.042905381373640195e-01,-5.042905381373640195e-01,-5.042905381373640195e-01,-4.760334227653247874e-01,-2.533895116327509189e-01,-3.596422245832496256e-01,2.751386291206775470e-01,8.618269130381766008e-01,5.959457830688795754e-01,-7.748865705615459731e-01,-1.306439970936073891e+00,5.580517532659340363e-01,6.811743697231456007e-01,-4.043426105778473723e-01,-5.988795772080359736e-01,4.831336528997520197e-01,3.198645103019148863e-05
-1.436748753150114966e-01,-4.211686460028440382e-01,1.142249139709626132e-01,2.854973872638265631e-01,-8.470789148125187351e-01,-1.553050516754708843e+00,-9.846873722767791604e-01,-7.920140104543774706e-01,3.780463365359327255e-01,1.629105678058854423e+00,9.745671168334449908e-01,-1.189581809293845716e+00,-8.829954715842518453e-01,-1.764322163748958672e-01,-1.764322163748958672e-01,-1.764322163748958672e-01,-1.764322163748958672e-01,-1.764322163748958672e-01,-1.764322163748958672e-01,-1.764322163748958672e-01,-1.764322163748958672e-01,-1.764322163748958672e-01,-1.764322163748958672e-01,-1.764322163748958672e-01,-1.764322163748958672e-01,-4.760328439596775429e-01,-2.424007602365064185e-01,-8.533848097870002647e-01,2.914572334266163911e-01,1.298134225918617046e+00,5.882930810149981093e-01,6.801764738870260674e-01,-6.128159196591991265e-01,-2.749444792637715018e+00,-6.754049292255627224e-01,2.244028583538147714e+00,4.174120201382007234e-01,-1.050768493375493273e+00,9.573345265153464917e-05
-1.992093868180196403e-01,-7.132182287695582046e-01,-1.186756704595604700e-01,-6.154219670855820556e-01,-1.216752025342574983e+00,-1.079807590897305491e+00,8.555657413292429292e-02,2.229520950165571336e-01,-5.092217769863000010e-01,-3.175416580135376754e-01,-4.831096692914776947e-01,-4.615454468150039236e-01,-8.829953069302519664e-01,7.246342366849609640e-01,7.246342366849609640e-01,7.246342366849609640e-01,7.246342366849609640e-01,7.246342366849609640e-01,7.246342366849609640e-01,7.246342366849609640e-01,7.246342366849609640e-01,7.246342366849609640e-01,7.246342366849609640e-01,7.246342366849609640e-01,7.246342366849609640e-01,-4.760144336395965570e-01,-1.651538229641832667e-01,-1.072852160133836441e-01,6.074881769733655457e-01,6.160324476913787706e-01,-8.247441898391054682e-01,-1.041801862233087794e+00,2.930606571613045275e-01,2.998903716466552183e-01,-5.934531419688008486e-02,5.803377984487130270e-01,4.099261739549226458e-01,-9.941087822939747021e-01,1.314651805587950095e-04
-3.036434988693665904e-01,-5.818209272967740375e-01,-3.159847237546496990e-01,-1.988342518208738863e-01,-3.779890064977979303e-01,-2.614787983804091609e-01,-2.786470457378401600e-01,2.253295971181899504e-01,-3.981116388797427685e-01,-1.066262811930718951e-01,8.539873808015100431e-01,-1.461243831318721709e+00,-8.829950208480004115e-01,-5.275926467947431586e-01,-5.275926467947431586e-01,-5.275926467947431586e-01,-5.275926467947431586e-01,-5.275926467947431586e-01,-5.275926467947431586e-01,-5.275926467947431586e-01,-5.275926467947431586e-01,-5.275926467947431586e-01,-5.275926467947431586e-01,-5.275926467947431586e-01,-5.275926467947431586e-01,-4.759778690805124834e-01,2.538532351068134921e-02,-1.842864031052067753e-01,-7.627359286055004906e-02,1.826563321680508833e-01,-4.181490597826233169e-02,-4.531871160344628779e-01,4.441618811530994027e-01,-3.303063266325800273e-01,-6.837963203734286344e-01,2.423050801844962354e+00,-7.534499785210745093e-02,-2.824932074581112840e+00,6.896065736273000897e-05
-3.729654755946416600e-01,1.936107757524780371e-01,-6.731859680645012611e-01,-1.600795694954951998e+00,-4.933103367421050045e-01,-7.562275761796021234e-01,-4.125950261554148790e-01,-1.705636829475060123e-01,1.161387095857434826e+00,-2.055820799040806723e-01,2.218753128246502282e+00,6.247856925689980745e-01,-8.829918956980596922e-01,3.597698252289124876e-01,3.597698252289124876e-01,3.597698252289124876e-01,3.597698252289124876e-01,3.597698252289124876e-01,3.597698252289124876e-01,3.597698252289124876e-01,3.597698252289124876e-01,3.597698252289124876e-01,3.597698252289124876e-01,3.597698252289124876e-01,3.597698252289124876e-01,-4.759392878799565962e-01,2.089346078775206061e-01,1.259762912144327229e+00,-2.874277989736173655e-01,-5.722612500888251130e-01,4.546195460546334499e-01,-3.649386874394725533e-01,-4.089671145238604755e-01,3.654548573499036279e-01,-9.252142346380298754e-01,1.479907116492840680e-01,8.148147278249171510e-01,-1.337993746037381859e+00,1.441533133122749792e-05
-4.030622133169707300e-01,-2.894203047656520034e-01,-3.063970532749943909e-01,-1.199816203628605082e+00,-7.878594442100904649e-01,-2.840782257516651366e-01,-5.460955116008028298e-01,-1.598405335259406534e+00,-7.617610899274522840e-01,-6.741275773262986881e-01,1.531385002383557625e-01,7.068110075778664125e-01,-8.829857298033837454e-01,-1.094018877807337864e+00,-1.094018877807337864e+00,-1.094018877807337864e+00,-1.094018877807337864e+00,-1.094018877807337864e+00,-1.094018877807337864e+00,-1.094018877807337864e+00,-1.094018877807337864e+00,-1.094018877807337864e+00,-1.094018877807337864e+00,-1.094018877807337864e+00,-1.094018877807337864e+00,-4.759380076841085438e-01,-7.531175626789024524e-02,8.046117154075983491e-01,8.683564731145945736e-02,-1.290964952598188109e+00,-1.002741372908398793e-01,1.263533312097635086e+00,3.035229910507213913e-01,-8.310604247776310835e-03,-1.638223962674354439e-01,-6.519483720448404629e-01,-8.205032488137951052e-01,-2.226141831511052604e-01,7.533386920923425723e-05
-1.995039679799513743e-01,-8.783970529363233082e-01,-2.395414120182828149e-02,-7.904944471612103118e-01,-4.735011210031245255e-01,-2.026060186723183110e-01,-6.555837935257239346e-01,-2.332228191432266229e+00,2.946174992300700235e-01,-2.349525482970852563e-01,-1.348249418477626693e-01,9.176471910991711445e-01,-8.829764005523117465e-01,3.470694322844237178e-01,3.470694322844237178e-01,3.470694322844237178e-01,3.470694322844237178e-01,3.470694322844237178e-01,3.470694322844237178e-01,3.470694322844237178e-01,3.470694322844237178e-01,3.470694322844237178e-01,3.470694322844237178e-01,3.470694322844237178e-01,3.470694322844237178e-01,-4.759302178086938784e-01,-1.294015790813393685e-01,1.887757070952119087e-01,7.724730128996661060e-02,-1.362776712277336211e+00,4.485417241952220357e-01,2.317138642918211033e+00,-7.271669320466315201e-01,-8.679245104293431545e-01,6.411566534180590006e-03,-1.305310317901305250e+00,3.728965536800389335e-01,1.491272830848721975e+00,6.889606111049228945e-05
-3.549016283611731715e-01,-1.844612474542477676e+00,-3.107922182969188873e-01,-9.755856914432005089e-01,-9.743672712749870124e-01,-1.443667176638043559e+00,-2.470384068637606345e-01,-2.464753772749876115e-01,4.884942550385086291e-01,-1.520727943777530622e-01,1.464091937818539080e+00,-1.385195968242076026e+00,-8.829700287940444037e-01,1.201720766517731187e+00,1.201720766517731187e+00,1.201720766517731187e+00,1.201720766517731187e+00,1.201720766517731187e+00,1.201720766517731187e+00,1.201720766517731187e+00,1.201720766517731187e+00,1.201720766517731187e+00,1.201720766517731187e+00,1.201720766517731187e+00,1.201720766517731187e+00,-4.758945485525284957e-01,-7.652320328795432502e-02,-4.505544157360458213e-01,2.615115172974479818e-01,4.860340688049621383e-01,-1.227995983628117765e-01,-6.721501272855529008e-01,-2.865631943942672372e-02,-5.523781828381102432e-01,-1.831534702215157129e+00,1.081499897240033592e+00,2.261944463578219544e+00,-2.225114266130930329e-01,4.663863965822871819e-05
-4.018011608600184359e-01,-1.790836320868478992e+00,-4.915397567499423248e-01,-4.572311460359740898e-01,-7.727921384086867684e-01,1.700177680700921679e-01,-2.949791875257117835e-01,1.590337342320971681e+00,-1.753714278992579034e+00,-5.329500963742483943e-01,-2.374362303193516266e-01,-1.014185993751820059e+00,-8.829594468817234532e-01,-4.227878551833757492e-01,-4.227878551833757492e-01,-4.227878551833757492e-01,-4.227878551833757492e-01,-4.227878551833757492e-01,-4.227878551833757492e-01,-4.227878551833757492e-01,-4.227878551833757492e-01,-4.227878551833757492e-01,-4.227878551833757492e-01,-4.227878551833757492e-01,-4.227878551833757492e-01,-4.758903928774529390e-01,4.505298519551606540e-02,-4.452945910270958985e-01,1.746248460879683273e-02,1.599810706751098599e-01,-5.976012758856632523e-01,-1.880847479935286781e+00,1.131010231206958982e+00,1.184906792342372395e+00,-3.769724141669725803e-01,2.756507989481953858e-01,-5.379306761359244904e-01,7.305826240716571940e-01,9.388169797584401547e-04
-3.651234921341637296e-01,-1.182724128562724797e+00,-1.725529083821006338e-01,-6.170353205954757364e-02,7.763471692173373739e-01,7.510086603499191993e-01,-1.044474277991929378e+00,7.933963301835460502e-01,5.343498740250400836e-01,-1.196275906643817499e-01,9.057602523157484153e-01,-2.126151270633923687e-02,-8.829473392814052302e-01,1.625620447541819280e-01,1.625620447541819280e-01,1.625620447541819280e-01,1.625620447541819280e-01,1.625620447541819280e-01,1.625620447541819280e-01,1.625620447541819280e-01,1.625620447541819280e-01,1.625620447541819280e-01,1.625620447541819280e-01,1.625620447541819280e-01,1.625620447541819280e-01,-4.758672881350709538e-01,5.775238355335293727e-02,-3.322920639786551833e-01,-8.048928488846123219e-01,-4.021489398255441716e-01,1.494244881659532842e+00,-4.687805258228980865e-01,-8.041132732751808954e-01,6.285718368140934542e-01,-1.764009772972441048e-01,4.557383741281641476e-01,1.467784061620349412e-01,-1.206398294839971630e+00,8.128436567928689488e-03
-9.076507724096918861e-02,-3.473098852694762595e-01,-1.092401651148945663e-01,-1.125561960077282819e+00,-7.736367770347973849e-01,3.897597603017252665e-01,3.879875746046606566e-01,-6.637708931835908377e-01,-3.424386167246542545e-01,5.752848867943902711e-01,1.114708700882943271e+00,-6.920668796250097898e-01,-8.829360891102415732e-01,2.103509775840076479e+00,2.103509775840076479e+00,2.103509775840076479e+00,2.103509775840076479e+00,2.103509775840076479e+00,2.103509775840076479e+00,2.103509775840076479e+00,2.103509775840076479e+00,2.103509775840076479e+00,2.103509775840076479e+00,2.103509775840076479e+00,2.103509775840076479e+00,-4.753594897952122533e-01,-6.849523149988431814e-02,8.883416128984767957e-01,4.478339622179159929e-01,-1.463820422750365724e+00,-8.362727768110403970e-01,1.225957956008039140e+00,9.417490855819938833e-01,-1.326502826374218236e+00,-1.678601535101366116e+00,9.310376428629044687e-01,2.319261325058401546e+00,-5.047016718814586467e-01,3.581936584244008182e-02
3.898253476887898472e-01,-3.989363812118707497e-01,1.844316145321024114e-01,-1.611028531768227967e-01,-4.257558671255812222e-01,-5.817693492908152519e-01,-2.880374247340813931e-01,-1.161604228148699347e-01,7.129031932122683601e-01,-2.254320885890415127e-01,5.906819372910349086e-01,-2.634375405963992334e-01,-8.829202661211772440e-01,1.698271216699452468e+00,1.698271216699452468e+00,1.698271216699452468e+00,1.698271216699452468e+00,1.698271216699452468e+00,1.698271216699452468e+00,1.698271216699452468e+00,1.698271216699452468e+00,1.698271216699452468e+00,1.698271216699452468e+00,1.698271216699452468e+00,1.698271216699452468e+00,-4.712777803934115606e-01,-9.620736863209373296e-03,-2.099872434923742981e-01,2.842660017458665256e-01,3.613638325538952589e-01,2.498573966746655550e-01,-3.282571789776863591e-01,-5.544233309810632226e-01,6.319722115976615651e-02,-7.070352113488505008e-01,-9.358213109091831350e-02,1.758904111917103164e+00,7.096184888869787322e-02,7.405162811400128886e-02
-5.605375613765292142e-01,-1.553988286275725716e+00,-3.421945730637049876e-01,-3.093725215300845988e-01,-1.977444251299941003e-01,-4.288067577321377222e-01,-7.799280307566924808e-02,-7.698994439127303524e-01,1.722969013710741404e+00,8.071397251775652704e-02,2.162376369499610651e-01,-6.127130849721890149e-01,-8.828273587644066556e-01,-1.565223295979091545e-02,-1.565223295979091545e-02,-1.565223295979091545e-02,-1.565223295979091545e-02,-1.565223295979091545e-02,-1.565223295979091545e-02,-1.565223295979091545e-02,-1.565223295979091545e-02,-1.565223295979091545e-02,-1.565223295979091545e-02,-1.565223295979091545e-02,-1.565223295979091545e-02,-4.551382044332064614e-01,-4.195915421585997424e-02,-6.106442276345002140e-01,-1.418149965887387787e-01,-1.568360904952532386e-01,4.491133745630684904e-01,6.195831429679430347e-01,-1.364463961437792694e+00,-8.273528029223121694e-01,5.458196476577075185e-01,8.642448362644524276e-03,1.157376251612886181e-01,7.621223368042223667e-01,5.768633424104899904e-02
-2.713451833924866441e-01,-1.316380426772769230e+00,-4.515381847514401414e-01,6.495259190481059153e-02,-4.335173975425410942e-01,-7.838463437422946711e-01,5.028086155360238507e-01,-9.946788523246680169e-01,2.795185907904621292e+00,-1.031349972142972415e+00,-9.632225959969048512e-01,-3.452216731863814725e-01,-8.821551710808266389e-01,2.088841697550600229e-01,2.088841697550600229e-01,2.088841697550600229e-01,2.088841697550600229e-01,2.088841697550600229e-01,2.088841697550600229e-01,2.088841697550600229e-01,2.088841697550600229e-01,2.088841697550600229e-01,2.088841697550600229e-01,2.088841697550600229e-01,2.088841697550600229e-01,-4.294740405089454427e-01,1.180093436202235696e-01,-9.048217245370109296e-01,6.039821695757242870e-02,3.516019982298481672e-01,9.384971742939196560e-02,1.374628290472766634e-01,-2.267857721876128441e+00,3.398252798044175682e-01,1.514666030477364034e+00,-6.798875941319403315e-01,1.773487955254008652e-01,9.933505333215347788e-02,1.099566863023583863e-01
1.696591163531861179e-01,-5.940445469024715486e-01,-3.685802168795200839e-01,2.833310561913149894e-01,-1.204605903179589883e-02,-1.445868500123238087e+00,6.890597199525742012e-01,-1.672180230614186858e+00,-5.652946663051361918e-03,-1.355123078138922021e-01,-1.231461901133003689e+00,8.043199433117198538e-01,-8.794669178035307011e-01,2.021120911915776475e+00,2.021120911915776475e+00,2.021120911915776475e+00,2.021120911915776475e+00,2.021120911915776475e+00,2.021120911915776475e+00,2.021120911915776475e+00,2.021120911915776475e+00,2.021120911915776475e+00,2.021120911915776475e+00,2.021120911915776475e+00,2.021120911915776475e+00,-4.225728195341427740e-01,3.040339030126223974e-01,-9.084574998631522735e-01,-6.729856875677971140e-02,8.369633692049208706e-01,-6.411325604705413461e-01,8.917013946120183610e-01,2.038474275209269451e-02,-5.988451124123997937e-01,4.458261619027267253e-01,-1.732071368341416395e+00,1.090870733933221315e+00,1.873814206015521844e+00,4.549029892695177213e-01
2.280825602328634127e-01,-6.371288279567224322e-01,-9.001811252084378490e-01,-9.416524434741579963e-01,-3.247211429585408204e-01,-1.741237496375906080e+00,-6.011894523863277051e-01,6.733167620740134751e-01,-2.022101152231833954e+00,1.558355783232754366e-01,-2.325632838831300120e+00,1.142594613211759702e+00,-8.746677701980326569e-01,3.125986691642578807e-01,3.125986691642578807e-01,3.125986691642578807e-01,3.125986691642578807e-01,3.125986691642578807e-01,3.125986691642578807e-01,3.125986691642578807e-01,3.125986691642578807e-01,3.125986691642578807e-01,3.125986691642578807e-01,3.125986691642578807e-01,3.125986691642578807e-01,-3.674015736532028065e-01,6.264764658648469542e-01,3.545012799930460923e-02,-5.801043489972551592e-01,1.160191138913383435e+00,-1.672019657784316604e-01,-1.714407259385406723e+00,3.837448435854777240e-01,7.235371032203440356e-01,4.035268574937345698e-01,-1.699077614230391164e+00,-2.492631634942836794e-01,2.174823722943436621e+00,9.147499816650294102e-01
-3.919278735823986115e-02,2.138896958042683372e-01,-6.165645013403849017e-02,1.541095642907671370e-01,1.442131087289975633e-01,-2.601487368597507621e-01,-4.272100514413833261e-02,1.273201525443968363e+00,-1.423764473411837983e+00,-5.084247828736881969e-01,-5.901487153366924421e-01,-1.041201294508808495e+00,-8.708697569278001094e-01,1.287735204150791013e+00,1.287735204150791013e+00,1.287735204150791013e+00,1.287735204150791013e+00,1.287735204150791013e+00,1.287735204150791013e+00,1.287735204150791013e+00,1.287735204150791013e+00,1.287735204150791013e+00,1.287735204150791013e+00,1.287735204150791013e+00,1.287735204150791013e+00,-1.657750747547527548e-01,4.154333249369227682e-02,-9.383057114842432989e-02,-1.311969757616854027e-01,8.748436488054130988e-01,-2.821311102485437039e-01,-1.782655560843301235e+00,9.061284291734443830e-01,9.445164882919233618e-01,-1.076311564119894593e+00,4.506087613519505486e-01,1.440745836233401800e+00,2.050833974108529079e-02,8.834281595422676103e-01
-1.551930901249319428e+00,5.953864574597280690e-01,9.777518834207824527e-01,-4.284172297478950897e-01,-3.037156338658164589e-01,9.889234870262447741e-01,-3.394651812916011924e-01,1.180785814935059630e+00,1.671198251455798811e-01,-4.923802441830504306e-01,-2.712350254973238672e-01,-2.558886857655748859e-01,-8.571987239468468189e-01,1.737775590803431358e+00,1.737775590803431358e+00,1.737775590803431358e+00,1.737775590803431358e+00,1.737775590803431358e+00,1.737775590803431358e+00,1.737775590803431358e+00,1.737775590803431358e+00,1.737775590803431358e+00,1.737775590803431358e+00,1.737775590803431358e+00,1.737775590803431358e+00,1.489839174691141299e-01,-1.310454241975223866e+00,9.136533393492508592e-01,7.383955359826280818e-01,-7.315536690201128733e-01,2.071532837219973722e-01,-9.205130372697083452e-01,-4.614163256148507419e-01,1.185022880680994817e+00,6.416957492378388972e-03,2.896130556241512805e-02,1.099460643895359580e+00,-1.138213997793238036e-01,6.312067377721436445e-01
-1.797571555167763124e+00,-2.134382869536470273e-01,1.556769929905814642e+00,2.861443301288624230e-01,-1.797207681336751017e+00,1.128962489748045916e+00,-8.648629691438735057e-01,6.018210503473520046e-01,2.227887884759985893e-01,2.163052858883584562e-01,-1.446610381474420226e+00,1.337607785384514525e+00,-8.209778940749802301e-01,4.807136454642630397e-01,4.807136454642630397e-01,4.807136454642630397e-01,4.807136454642630397e-01,4.807136454642630397e-01,4.807136454642630397e-01,4.807136454642630397e-01,4.807136454642630397e-01,4.807136454642630397e-01,4.807136454642630397e-01,4.807136454642630397e-01,4.807136454642630397e-01,3.329289672102136999e-01,-1.975076450082039914e+00,-5.439581113812931579e-02,1.812421646983785717e+00,-5.660700000712245439e-01,-3.754095607995129591e-02,1.236886908906969645e-01,-1.286060506405354298e+00,6.910864090644196489e-01,1.746005390107954192e+00,-1.275734297596162081e+00,-9.542749363607175850e-01,1.331338497194960002e+00,1.198059329387255234e+00
-1.666469078805454362e+00,-1.234967229989768711e+00,1.949853302104020303e+00,5.257060422928486743e-01,-2.965811927405936466e+00,1.154160438048606574e+00,-6.466164520100322610e-01,9.443986062425399064e-01,-4.591323873593707375e-03,1.645750188186266394e+00,-8.321998918118801436e-01,7.857697618295966802e-01,-7.566916238392770166e-01,-1.265344876703540011e+00,-1.265344876703540011e+00,-1.265344876703540011e+00,-1.265344876703540011e+00,-1.265344876703540011e+00,-1.265344876703540011e+00,-1.265344876703540011e+00,-1.265344876703540011e+00,-1.265344876703540011e+00,-1.265344876703540011e+00,-1.265344876703540011e+00,-1.265344876703540011e+00,5.053067075406205699e-01,-2.321814491237170763e+00,-7.526522195418902106e-01,2.771515986522466779e+00,-2.700123237788684682e-01,-8.825021556489307528e-01,4.246017959585676738e-01,-7.328508815156984380e-01,-8.588356703872208620e-01,1.490154244615844892e+00,3.927209593429277223e-01,-1.957798989549748070e+00,6.678685592537169091e-01,2.334986316981169541e+00
-1.637322311483522475e+00,-1.663506296847625965e+00,2.270530107405229092e+00,6.665200581590196016e-01,-1.926328292413919341e+00,1.770753165378734506e+00,-3.600436216492828856e-01,1.586208424379680793e+00,3.146155754777970603e-01,1.791448194075232037e+00,-5.074556339176666819e-01,8.346190938099119494e-01,-6.908912662509767433e-01,6.313952433911848572e-02,6.313952433911848572e-02,6.313952433911848572e-02,6.313952433911848572e-02,6.313952433911848572e-02,6.313952433911848572e-02,6.313952433911848572e-02,6.313952433911848572e-02,6.313952433911848572e-02,6.313952433911848572e-02,6.313952433911848572e-02,6.313952433911848572e-02,1.009245122899850244e+00,-2.379295885853327075e+00,-9.222266345313201441e-01,2.491021634175476951e+00,-4.618431388406429305e-01,-5.406051570520488125e-01,1.628071459098259233e-01,-6.800464201863165581e-01,-5.860047979010830632e-01,7.390948702736742648e-01,6.637324857314224058e-01,-4.175274728537174407e-01,1.183078575774752644e-01,2.709698903099624356e+00
-1.625777658137299797e+00,-1.803876798194335329e+00,2.540317141179456062e+00,5.516465005603635730e-01,-9.609674506195764465e-01,1.997739769169732060e+00,3.927016506083810254e-01,2.602604649555347649e+00,1.237485195610851657e-01,2.489127470525041463e+00,-7.592325700043186520e-01,6.501565500681328880e-01,-5.988855648320153824e-01,-2.163210836385284219e-01,-2.163210836385284219e-01,-2.163210836385284219e-01,-2.163210836385284219e-01,-2.163210836385284219e-01,-2.163210836385284219e-01,-2.163210836385284219e-01,-2.163210836385284219e-01,-2.163210836385284219e-01,-2.163210836385284219e-01,-2.163210836385284219e-01,-2.163210836385284219e-01,1.823428331889526577e+00,-2.421322560257670009e+00,-8.343321063178860131e-01,2.334661613504659616e+00,-3.353798452147940812e-01,-8.050852953254630240e-01,-4.884802938792393578e-01,-1.117017499794878549e-01,-7.647780045491563428e-01,6.089776334764114285e-01,1.493395404310803087e+00,-4.030086659599757537e-01,-4.801129679513993498e-01,2.112258135129611247e+00
-1.619395941454065513e+00,-1.389221740773452840e+00,2.729924686709827242e+00,-1.663521912147881421e-01,-6.790016771784097571e-01,2.093936550234127836e+00,7.813261834900786518e-01,2.051517713315201608e+00,5.385975223581301874e-01,2.290313507242728530e+00,-7.622967132721440997e-01,1.473858987077236504e+00,-4.520487219157639514e-01,5.828004981904460341e-02,5.828004981904460341e-02,5.828004981904460341e-02,5.828004981904460341e-02,5.828004981904460341e-02,5.828004981904460341e-02,5.828004981904460341e-02,5.828004981904460341e-02,5.828004981904460341e-02,5.828004981904460341e-02,5.828004981904460341e-02,5.828004981904460341e-02,2.538895358646430900e+00,-2.502895470431194980e+00,4.750367015322392791e-03,2.406219284166130290e+00,-1.183107871819966128e+00,-9.075516777800113344e-01,7.982450584551688266e-02,-1.865441009816337092e-01,-5.698670598691192302e-01,5.862729546209055620e-01,2.664131639048556432e-01,-3.506680820602148946e-02,6.294545576534980036e-01,1.492023405352819410e+00
-1.530864048595788729e+00,-3.435515673102846890e-01,2.511920191755689924e+00,-1.001922864646769717e+00,-2.100342932728929413e-01,2.119461285920710480e+00,8.442482032031759509e-01,1.428063200894619467e+00,7.048740276471059385e-01,1.936455399584487758e+00,-7.417337011599567376e-01,1.453795518512578155e+00,-2.291172096067480290e-01,1.228703011147006530e-01,1.228703011147006530e-01,1.228703011147006530e-01,1.228703011147006530e-01,1.228703011147006530e-01,1.228703011147006530e-01,1.228703011147006530e-01,1.228703011147006530e-01,1.228703011147006530e-01,1.228703011147006530e-01,1.228703011147006530e-01,1.228703011147006530e-01,3.015817902468305611e+00,-2.266392731544017103e+00,1.234959171500681796e+00,2.018817119890282452e+00,-2.083731706392367045e+00,-6.861321926546535277e-01,6.129577475026194433e-01,-2.710044849024151326e-01,-5.941403094241238803e-01,5.628662391695559153e-01,1.170741324273191220e-01,9.507138604941911542e-02,4.157843492375126737e-01,2.836564180781604438e-01
-1.269392191725565722e+00,5.674628688622421757e-01,2.049557153830235734e+00,-1.752448818984979395e+00,7.885879520365052242e-01,2.082379109682127361e+00,3.968519875410099207e-01,1.533706398723543085e+00,1.046650041348295757e+00,1.764250313025830907e+00,-1.890649469382007508e-01,1.648336879931095567e+00,3.277125757412483603e-02,9.141579400850942116e-01,9.141579400850942116e-01,9.141579400850942116e-01,9.141579400850942116e-01,9.141579400850942116e-01,9.141579400850942116e-01,9.141579400850942116e-01,9.141579400850942116e-01,9.141579400850942116e-01,9.141579400850942116e-01,9.141579400850942116e-01,9.141579400850942116e-01,3.381156868437781959e+00,-1.733477282068482062e+00,2.310501912443623684e+00,1.048182737078825477e+00,-2.564273468240732434e+00,3.165353350034291746e-01,3.956627970015606510e-01,-6.467603778944936987e-01,-2.617087354502342644e-01,1.033947242932170898e-02,1.912438233171303847e-01,1.047180236837082612e+00,-4.712681488600466428e-01,-2.076080729647401313e+00
-8.156264669331929618e-01,1.567334053633390178e+00,1.185697110373194807e+00,-1.958812198602704502e+00,2.066563523190223517e+00,1.245114382578084378e+00,4.065061980909764339e-01,1.352472541561103414e+00,9.235570607760911210e-01,1.458353700384126483e+00,8.338375546344874156e-02,1.048847746150254556e+00,3.323949321534857559e-01,-4.058938084154338766e-01,-4.058938084154338766e-01,-4.058938084154338766e-01,-4.058938084154338766e-01,-4.058938084154338766e-01,-4.058938084154338766e-01,-4.058938084154338766e-01,-4.058938084154338766e-01,-4.058938084154338766e-01,-4.058938084154338766e-01,-4.058938084154338766e-01,-4.058938084154338766e-01,3.175945423848074434e+00,-8.283974329539021131e-01,2.758663834697338668e+00,-2.299803592228437110e-01,-2.031051690879713156e+00,9.095860591323065014e-01,-5.283661492139061361e-02,-4.420111994591824356e-01,-2.887611534009807412e-01,1.261707870893317707e-01,5.297511670337331502e-01,5.180323153124063995e-02,-2.137086091821825129e-01,-3.642601868015991951e+00
-1.149550473586361532e-01,2.053947206705309281e+00,4.342269253185287448e-01,-1.603628825278533121e+00,2.370432439197581953e+00,-6.680278874462279581e-02,1.719229777440198781e-01,7.579017496762820993e-01,1.579803624414481966e+00,5.068549398263791916e-01,-3.833621079760303751e-01,1.620711061826476618e+00,6.530322163587762851e-01,8.725560738085611501e-01,8.725560738085611501e-01,8.725560738085611501e-01,8.725560738085611501e-01,8.725560738085611501e-01,8.725560738085611501e-01,8.725560738085611501e-01,8.725560738085611501e-01,8.725560738085611501e-01,8.725560738085611501e-01,8.725560738085611501e-01,8.725560738085611501e-01,2.209191632292441643e+00,-1.775988991934917063e-02,2.353999767079678396e+00,-9.612668995224817881e-01,-8.191080893838158516e-01,1.457708358870674514e+00,-6.342850212295589873e-01,-1.298713915287228238e+00,5.909295948156182421e-01,7.448633162813769193e-01,-8.107652639938185413e-01,5.497108775097789835e-01,4.993925066921460765e-01,-3.235192616361109774e+00
3.427146704254562803e-01,1.836222355816138574e+00,-5.994112296845641868e-02,-1.350636213867949964e+00,1.809544415864871025e+00,-1.001815159756649365e+00,-2.884408788207335483e-01,4.672087079490335748e-01,1.482976041504769249e+00,-2.228799094435641448e-01,1.326734091774392610e+00,1.392658496070300789e+00,9.196565923893905703e-01,9.660402318462651960e-01,9.660402318462651960e-01,9.660402318462651960e-01,9.660402318462651960e-01,9.660402318462651960e-01,9.660402318462651960e-01,9.660402318462651960e-01,9.660402318462651960e-01,9.660402318462651960e-01,9.660402318462651960e-01,9.660402318462651960e-01,9.660402318462651960e-01,1.119664972789026658e+00,4.155759267542772917e-01,1.788814549316050773e+00,-1.103315915305626893e+00,9.928693556106724105e-02,1.575167809365391136e+00,-1.217873613453477999e+00,-9.089689136217905530e-01,1.102280459215576380e+00,-6.843767674502606591e-01,-8.685263979455239980e-01,1.401446133520671156e+00,-1.820092327746666572e-01,-2.052916912598925059e+00
6.661810644027771344e-01,1.667001480993776985e+00,-2.108682720084800455e-01,-5.117307412593892213e-01,1.307197955392018329e+00,-1.107537256236697631e+00,-3.739062500120527988e-01,-7.860021215506191039e-03,-6.756350935605021091e-02,-9.744611684013763098e-01,1.606671265278555305e+00,-4.599390443220834901e-01,1.084833750798767094e+00,-4.621179749623883226e-01,-4.621179749623883226e-01,-4.621179749623883226e-01,-4.621179749623883226e-01,-4.621179749623883226e-01,-4.621179749623883226e-01,-4.621179749623883226e-01,-4.621179749623883226e-01,-4.621179749623883226e-01,-4.621179749623883226e-01,-4.621179749623883226e-01,-4.621179749623883226e-01,3.828973532107610156e-01,5.818471481554264857e-01,9.648060492933177024e-01,-9.516381013374103359e-01,6.233313423945573417e-01,9.756028205850603152e-01,-1.109674986344105996e+00,3.866604977441996382e-01,8.634955957035919116e-01,-1.485618498846827729e+00,1.734739215958376601e-01,6.812049416039500649e-01,-9.253657466668897547e-01,-1.084584754340699897e+00
8.752158459752891195e-01,1.568894470181561251e+00,-3.188190687199917162e-01,8.126552057711182442e-02,7.837983745420685766e-01,-9.927211199085606008e-01,-2.014271399163365672e-01,-2.874414583841197746e-01,-7.561084005738311076e-01,-1.450707000435520255e+00,8.259114942307590468e-01,-1.769191850855512005e+00,1.176255347151784925e+00,-1.023961909404461412e+00,-1.023961909404461412e+00,-1.023961909404461412e+00,-1.023961909404461412e+00,-1.023961909404461412e+00,-1.023961909404461412e+00,-1.023961909404461412e+00,-1.023961909404461412e+00,-1.023961909404461412e+00,-1.023961909404461412e+00,-1.023961909404461412e+00,-1.023961909404461412e+00,-3.922408113972538496e-02,6.702063378221676526e-01,4.421959697725109661e-01,-6.943216148459765424e-01,8.445837131852944601e-01,3.664265923402477143e-01,-9.548322500243094924e-01,7.747789068957372516e-01,6.712826273568576196e-01,-9.088509906996536936e-01,8.489216925306354300e-01,-2.449044124279391443e-01,-1.112540607268505788e+00,-4.648228683936952987e-01
1.142517634965529494e+00,1.536470137665986391e+00,-2.640569501969495247e-01,7.601772470050612851e-01,6.972128773472406893e-01,-4.605473867380376896e-01,6.618129325872356139e-01,2.484892185671374806e-02,-2.792717689160175709e-01,-5.734456002888187465e-01,5.273758934343742988e-01,-1.537498382412607167e+00,1.222955611213856653e+00,-7.261473194033246648e-01,-7.261473194033246648e-01,-7.261473194033246648e-01,-7.261473194033246648e-01,-7.261473194033246648e-01,-7.261473194033246648e-01,-7.261473194033246648e-01,-7.261473194033246648e-01,-7.261473194033246648e-01,-7.261473194033246648e-01,-7.261473194033246648e-01,-7.261473194033246648e-01,-2.293595234275157824e-01,7.358409410770262449e-01,-1.270613223806039624e-02,-3.919042948623439604e-01,9.937836158358250849e-01,-3.387127679344372200e-01,-5.698262203045809660e-01,8.614890424211437692e-01,1.562614676377956438e-02,-1.461168830234908511e-01,1.156256661509256656e+00,-5.778661812248319096e-01,-7.062152177002635201e-01,-2.176153614808494785e-01
1.406587729824409605e+00,1.415634265736114061e+00,-8.030266799446152126e-02,1.094294093279475355e+00,7.407611506615534580e-01,-4.842085924595330160e-01,1.461036540523828586e+00,-2.570738425070888400e-02,8.235029324916534610e-02,6.857914335067004374e-02,3.713654734059638751e-01,-9.358846294477827232e-01,1.246497410395681182e+00,-1.038615159418506240e+00,-1.038615159418506240e+00,-1.038615159418506240e+00,-1.038615159418506240e+00,-1.038615159418506240e+00,-1.038615159418506240e+00,-1.038615159418506240e+00,-1.038615159418506240e+00,-1.038615159418506240e+00,-1.038615159418506240e+00,-1.038615159418506240e+00,-1.038615159418506240e+00,-3.016198215680455097e-01,7.348318442585051180e-01,-3.623036172470340266e-01,-9.005746922279138367e-02,1.242775753993639931e+00,-9.520522361180804305e-01,-2.324571215736530583e-01,1.049925189968982542e+00,-4.684285064955983624e-01,3.605143259068190886e-01,6.204776313040379909e-01,-1.063198400114040432e+00,3.596862503900617458e-01,-1.676838289767316192e-01
1.579256128138255333e+00,1.155768959973685783e+00,-6.447516633193332847e-02,1.288125410699894502e+00,6.554796323103617706e-01,-6.062992643586041508e-01,1.698108738481581392e+00,-1.999264635285483704e-01,5.307064723446702770e-01,4.046034279575163595e-01,2.264903899587320801e-01,-4.609455023601274903e-01,1.262622692456639495e+00,-3.871841127441376651e-01,-3.871841127441376651e-01,-3.871841127441376651e-01,-3.871841127441376651e-01,-3.871841127441376651e-01,-3.871841127441376651e-01,-3.871841127441376651e-01,-3.871841127441376651e-01,-3.871841127441376651e-01,-3.871841127441376651e-01,-3.871841127441376651e-01,-3.871841127441376651e-01,-3.522044118120647993e-01,7.858777433955886904e-01,-6.863829355459563075e-01,2.717637819752879644e-02,1.426122897309147763e+00,-1.088658089702859932e+00,3.933287555149338199e-02,7.947365661861657271e-01,-7.517200707928590742e-01,6.994582168698266766e-01,4.027119568343886513e-01,-8.212592804858270812e-01,6.270192181815636978e-01,-1.348948052380222196e-01
1.696069342570821759e+00,1.229049070241488684e+00,-1.823408763549746181e-01,1.257301584145368967e+00,4.855516623468271731e-01,-7.288395915197586339e-01,1.597108941817863670e+00,-4.217261533562672304e-01,2.821180077141053344e-01,7.493071478142030450e-01,-1.250801239735265247e-01,-2.093320737844667490e-01,1.274544578546734197e+00,-1.213616365627427640e-02,-1.213616365627427640e-02,-1.213616365627427640e-02,-1.213616365627427640e-02,-1.213616365627427640e-02,-1.213616365627427640e-02,-1.213616365627427640e-02,-1.213616365627427640e-02,-1.213616365627427640e-02,-1.213616365627427640e-02,-1.213616365627427640e-02,-1.213616365627427640e-02,-3.962779125862123664e-01,8.877541836959270682e-01,-6.560981476721682304e-01,1.529913410498690701e-02,1.423361329787503404e+00,-1.148994433012842764e+00,3.668389353851763679e-01,7.998697867716297871e-01,-1.165000198328325132e+00,7.681900721917598318e-01,3.251850832428466731e-01,-6.685113937067850287e-01,7.040857933267424817e-01,-8.558576046427528172e-02
1.756888446866966325e+00,8.295009712153177395e-01,-1.284315393052375964e-01,1.175141133961671969e+00,2.181864818837925823e-01,-5.058442490186164653e-01,9.700011949860732896e-01,-3.462934630688557780e-01,2.502536458479306947e-01,4.860308170512939174e-01,-1.757774894313287040e-01,-1.170208807034367055e-01,1.282535538475874315e+00,1.256670961686388518e-02,1.256670961686388518e-02,1.256670961686388518e-02,1.256670961686388518e-02,1.256670961686388518e-02,1.256670961686388518e-02,1.256670961686388518e-02,1.256670961686388518e-02,1.256670961686388518e-02,1.256670961686388518e-02,1.256670961686388518e-02,1.256670961686388518e-02,-4.283528052180409218e-01,8.442438921069076452e-01,-7.241913470170906475e-01,3.936083482744050926e-02,1.190623715663184923e+00,-7.142207773142545957e-01,2.974494018165548259e-01,3.858749901472067756e-01,-7.946467075603914632e-01,6.141482163554473628e-01,4.395945945432199603e-02,-4.785456619025759695e-01,6.252175794950252108e-01,-2.185535656753817904e-02
1.729453335210391796e+00,5.272662988709367893e-01,-2.139295734561895423e-01,1.211845183905527312e+00,3.615496352099921151e-01,-5.083127558049809203e-01,8.643135544958239214e-01,-2.995832811264457773e-01,-1.138871549775559086e-02,4.350532982959758876e-01,-7.837278491645849332e-01,3.254335721088388866e-01,1.287370126812949378e+00,4.931655522350690823e-01,4.931655522350690823e-01,4.931655522350690823e-01,4.931655522350690823e-01,4.931655522350690823e-01,4.931655522350690823e-01,4.931655522350690823e-01,4.931655522350690823e-01,4.931655522350690823e-01,4.931655522350690823e-01,4.931655522350690823e-01,4.931655522350690823e-01,-4.445909085256106730e-01,9.057718257830071895e-01,-9.042968058919336194e-01,-1.233315236511722118e-01,1.239360452735400964e+00,-6.179581347326045249e-01,2.213946094152639266e-01,3.053111806576123133e-01,-5.310011042857714081e-01,7.850324007391488168e-01,-3.849033790587548243e-01,-2.798808632556817333e-01,6.206024037085953182e-01,-5.497935220502222185e-03
1.412819793304405547e+00,3.991458056848270486e-01,-1.243697706564868555e-01,1.383083702156862937e+00,2.994899860264251257e-01,-4.178801889996125452e-01,1.024761176306425936e+00,-4.930164352734346944e-01,2.634963633719545339e-01,2.347457525096171282e-01,-6.907662005801850080e-01,-6.086974812511490585e-02,1.290203241086878228e+00,7.247480730738050658e-01,7.247480730738050658e-01,7.247480730738050658e-01,7.247480730738050658e-01,7.247480730738050658e-01,7.247480730738050658e-01,7.247480730738050658e-01,7.247480730738050658e-01,7.247480730738050658e-01,7.247480730738050658e-01,7.247480730738050658e-01,7.247480730738050658e-01,-4.406894172848458413e-01,7.083881822351377755e-01,-1.089258056765153082e+00,1.145100489479480670e-02,1.204814391530804052e+00,-7.204580034747143369e-01,3.948067141188719154e-01,2.250004097812666748e-01,-5.940322402681051939e-01,6.835326313505042384e-01,-1.322477645901449783e-01,4.490172884835247347e-02,3.046698145893556586e-01,-4.276550206384466257e-02
2.118082170149107490e+00,4.959242723535510211e-01,-4.126304408057797357e-02,1.837327930182303337e+00,-4.422968527024107588e-01,5.833020399177940574e-01,1.378727117812134306e+00,-8.125644811135288581e-01,4.336672436956838239e-01,1.843196493333386643e-01,-8.398729892626644045e-01,3.107514619322799265e-01,1.292426639682644041e+00,1.342546292841859945e-01,1.342546292841859945e-01,1.342546292841859945e-01,1.342546292841859945e-01,1.342546292841859945e-01,1.342546292841859945e-01,1.342546292841859945e-01,1.342546292841859945e-01,1.342546292841859945e-01,1.342546292841859945e-01,1.342546292841859945e-01,1.342546292841859945e-01,-4.476936097184120444e-01,8.542114809156813315e-01,-1.167703339676540386e+00,5.627081138179085285e-01,5.007445733663503651e-01,-1.368042896210515114e+00,1.324801291517802682e+00,2.713253404224754139e-01,-5.939657009066285909e-01,1.071976655961483615e+00,-5.357378888834636310e-01,-5.494908812838474876e-01,3.202917618152646417e-01,-3.736935909746103707e-02
1.989007109390471761e+00,9.384878723081127028e-01,-8.073471204372504317e-01,1.919520836030856215e+00,2.874918088019394191e-01,9.419834175792228537e-02,1.751023436917636955e+00,-8.953147611447890286e-01,1.766116802402005817e-02,4.826033457594002263e-01,-1.634033583354419283e+00,2.279872045738290109e-01,1.295887138430653840e+00,-1.065219974749393866e-01,-1.065219974749393866e-01,-1.065219974749393866e-01,-1.065219974749393866e-01,-1.065219974749393866e-01,-1.065219974749393866e-01,-1.065219974749393866e-01,-1.065219974749393866e-01,-1.065219974749393866e-01,-1.065219974749393866e-01,-1.065219974749393866e-01,-1.065219974749393866e-01,-4.648299937895007394e-01,1.382511679347530942e+00,-1.147759026954898509e+00,-2.580585092546506809e-01,9.724077295947969324e-01,-1.462100106738881466e+00,1.257760001170764141e+00,5.688592409356487689e-01,-1.003019892961076964e+00,1.553064230000792190e+00,-2.160240924212072922e-01,-1.065899736702264233e+00,3.330356324423033865e-01,-1.099105607749100225e-02
1.789519499454136797e+00,7.203631867212610951e-01,-3.405232582906672079e-01,2.608393096427479296e+00,2.507984163374593067e-01,6.032336587356981195e-01,2.201057280125792381e+00,-4.629778424864777753e-01,1.526685039752428974e-01,4.753044793174838745e-01,-5.705331581360122417e-01,2.989717944984657816e-01,1.296984218571470837e+00,2.311519392716230858e-01,2.311519392716230858e-01,2.311519392716230858e-01,2.311519392716230858e-01,2.311519392716230858e-01,2.311519392716230858e-01,2.311519392716230858e-01,2.311519392716230858e-01,2.311519392716230858e-01,2.311519392716230858e-01,2.311519392716230858e-01,2.311519392716230858e-01,-4.687880151819329710e-01,9.971486892231471444e-01,-1.708237404367846546e+00,1.899366439637911463e-01,1.199434304284737518e+00,-1.856874044953042091e+00,1.089262807060366267e+00,1.148362841800865342e+00,-6.897927283786285946e-01,8.471380348744395050e-01,1.978463215650262327e-02,-4.991460822877196724e-01,-8.288498765174368010e-01,-8.181422441402238371e-03
9.869085654568067190e-01,5.118011757490462665e-01,-4.349457613410763757e-01,1.259171430387920232e+00,-4.739102316763334488e-01,1.500157046030829028e-02,6.028545058800929279e-01,-1.255414925522805314e+00,-8.042076239185256270e-01,2.395460478361493284e-01,1.945714891187246609e+00,-8.362503720325080714e-01,1.297689078348474467e+00,4.966660514163424023e-01,4.966660514163424023e-01,4.966660514163424023e-01,4.966660514163424023e-01,4.966660514163424023e-01,4.966660514163424023e-01,4.966660514163424023e-01,4.966660514163424023e-01,4.966660514163424023e-01,4.966660514163424023e-01,4.966660514163424023e-01,4.966660514163424023e-01,-4.710336109113739678e-01,6.280596336313413186e-01,-8.160093198354457789e-01,1.189524268608280338e-01,4.055418417511151841e-01,-1.012212673362593796e+00,1.491147283279761870e+00,1.760497889820934692e+00,-1.400123776145100640e+00,-1.796897756075598096e+00,9.481015329640043454e-01,1.032017124799850194e+00,-8.009297446130348996e-01,-7.413971655835237783e-03
7.870034542642510011e-01,-8.053250865630346977e-01,-1.450350954257593417e+00,1.293912361602693295e+00,-1.524272019046005455e-01,1.389045447933529909e+00,2.990855758434289857e-01,-1.754492480905222029e+00,-1.172854509615784524e+00,9.765034877518542489e-01,6.196887899859476745e-01,-9.260825261865519575e-01,1.298149683609187477e+00,-5.742030755981263335e-01,-5.742030755981263335e-01,-5.742030755981263335e-01,-5.742030755981263335e-01,-5.742030755981263335e-01,-5.742030755981263335e-01,-5.742030755981263335e-01,-5.742030755981263335e-01,-5.742030755981263335e-01,-5.742030755981263335e-01,-5.742030755981263335e-01,-5.742030755981263335e-01,-4.734055689485972551e-01,1.232670493530870326e+00,-1.134188900168858094e+00,-8.170856120244514020e-01,-1.023083457192344170e+00,-6.747350102351031831e-01,3.205809062198649695e+00,1.372509905854931711e+00,-2.553027089090571522e+00,-4.834585990720046689e-01,1.391836282041457817e+00,-5.900794289943224191e-01,1.870899821714492317e-01,-3.923644231249025574e-03
7.411107687267410871e-01,-9.709574565403579216e-01,-1.876359273723100074e+00,8.230609750881149322e-01,-7.731858223495076121e-01,8.528469319559430772e-01,1.941657540700357565e+00,-6.629052745493683174e-01,-8.978758323732649593e-01,1.225787268166553812e-01,6.247659643430927279e-01,3.812030931378932452e-01,1.298493437386261329e+00,-7.253539487784379514e-01,-7.253539487784379514e-01,-7.253539487784379514e-01,-7.253539487784379514e-01,-7.253539487784379514e-01,-7.253539487784379514e-01,-7.253539487784379514e-01,-7.253539487784379514e-01,-7.253539487784379514e-01,-7.253539487784379514e-01,-7.253539487784379514e-01,-7.253539487784379514e-01,-4.752179318350513992e-01,1.404411918501204282e+00,-9.544397007949826373e-01,-3.489779622071577103e-01,-4.364206095649423300e-01,-2.418002555640361262e+00,1.295459937487682289e+00,2.255940690944593374e+00,-4.029588435256406531e-01,-6.335846093731578588e-01,-5.865912248053659628e-01,-3.743622019475393858e-01,7.058757299087348169e-01,-1.178417323697843449e-03
2.745744631201550434e-01,-1.160735157198288903e+00,-1.758320012828347378e+00,6.593804859225860238e-01,3.353691825581163743e-01,-4.250976779871428191e-01,1.113609813110516100e+00,6.908757101943058254e-02,-9.969441931510569788e-01,-4.953840460442314186e-01,6.411704791205867782e-01,2.757256934115595470e+00,1.298572616788528977e+00,-2.866660016142865697e+00,-2.866660016142865697e+00,-2.866660016142865697e+00,-2.866660016142865697e+00,-2.866660016142865697e+00,-2.866660016142865697e+00,-2.866660016142865697e+00,-2.866660016142865697e+00,-2.866660016142865697e+00,-2.866660016142865697e+00,-2.866660016142865697e+00,-2.866660016142865697e+00,-4.756195687760610968e-01,1.277743619727367053e+00,-1.240732207385145447e+00,-1.085364222242847454e+00,9.048560322882359674e-01,-1.132369884062399024e+00,-5.607224238003332140e-01,1.785551387963939751e+00,1.693144650861176936e+00,-7.655298013622194309e-02,-2.594642952442906214e+00,-2.167235281439734429e+00,1.009905921814171076e-01,-5.500360014186655901e-04
2.757061188504043026e-01,-1.260831957537369985e-01,-1.599280707183828865e+00,7.204490036110592355e-01,1.462397739967049137e+00,-1.002993121300081725e-01,4.873354788136226023e-01,-1.057523832889478266e+00,-6.477507117479813781e-01,-4.664953927957408708e-01,-3.457973847024062852e+00,-1.453710144238855806e+00,1.298624931147648764e+00,2.161417179784504150e-01,2.161417179784504150e-01,2.161417179784504150e-01,2.161417179784504150e-01,2.161417179784504150e-01,2.161417179784504150e-01,2.161417179784504150e-01,2.161417179784504150e-01,2.161417179784504150e-01,2.161417179784504150e-01,2.161417179784504150e-01,2.161417179784504150e-01,-4.758822264824969506e-01,1.322805062419623923e+00,-7.006894152784216567e-01,-1.753265943546682859e+00,1.914514261057236044e-01,1.007159146354945911e-01,8.794049889297128608e-01,-4.052873992728459052e-01,-7.589234366039528945e-01,2.595581560053864756e+00,1.277001672181750092e+00,-1.585835738472815226e+00,-7.755125716791866353e-01,-1.610672091097510887e-04
-7.809424005226169030e-02,-3.696509196404930142e-01,-1.349817878473977162e+00,8.927730230328304595e-01,1.246548144689235693e+00,2.114120593159911077e-01,5.964389373368317315e-01,3.526962418048881776e-02,-2.994226677140785497e-01,-3.567809034284715741e-01,7.604237542768723657e-01,6.645668711362864300e-01,1.298639524788868238e+00,1.005056705679182816e+00,1.005056705679182816e+00,1.005056705679182816e+00,1.005056705679182816e+00,1.005056705679182816e+00,1.005056705679182816e+00,1.005056705679182816e+00,1.005056705679182816e+00,1.005056705679182816e+00,1.005056705679182816e+00,1.005056705679182816e+00,1.005056705679182816e+00,-4.759291365382775085e-01,9.881693529235494600e-01,-8.856414282203383115e-01,-1.439702534775513021e+00,4.857424603220763526e-01,-1.081845500913205735e-02,-7.567306246132685099e-02,9.184447969472796514e-01,6.768070777972733376e-01,-7.953193231753087344e-01,-8.403878027266075135e-01,9.384025322551927673e-01,5.125578341606303878e-01,-1.365846581411760303e-04
-3.319403478532427232e-01,1.889488271732856495e-01,-8.676333384068385390e-01,1.679667097269193707e-02,1.572704500252899651e+00,-7.120370527686360473e-01,-4.346661142472829642e-01,4.557042991196216808e-01,-2.033293186063922064e+00,-2.231244997756784088e+00,2.452695341637295690e-01,-1.137857363575876857e+00,1.298649602127103897e+00,8.715688360883194763e-01,8.715688360883194763e-01,8.715688360883194763e-01,8.715688360883194763e-01,8.715688360883194763e-01,8.715688360883194763e-01,8.715688360883194763e-01,8.715688360883194763e-01,8.715688360883194763e-01,8.715688360883194763e-01,8.715688360883194763e-01,8.715688360883194763e-01,-4.759722178772194945e-01,6.172668450630747206e-01,-1.068223842371588544e-01,-1.554264237725027087e+00,8.472650628763231939e-01,6.207499178507421833e-01,-1.957677252410402247e+00,1.438062919879091517e+00,2.246112450779227387e+00,-1.672117803805866609e+00,-2.261128048265892421e-02,1.233683336713689904e+00,-9.662877415805831705e-01,-1.651856160227742612e-06
-3.977392254215370015e-01,7.857107570776865613e-01,-9.038959363694248905e-01,-4.850900078955453498e-01,1.862865158324581882e+00,9.438015233181276109e-01,-1.059649659883068917e+00,1.173542007915459040e+00,-1.773932614279744913e+00,-1.468734138841855108e+00,4.412973830263272612e-01,-1.210629415816057097e+00,1.298656652334580164e+00,-1.838338555227811769e-02,-1.838338555227811769e-02,-1.838338555227811769e-02,-1.838338555227811769e-02,-1.838338555227811769e-02,-1.838338555227811769e-02,-1.838338555227811769e-02,-1.838338555227811769e-02,-1.838338555227811769e-02,-1.838338555227811769e-02,-1.838338555227811769e-02,-1.838338555227811769e-02,-4.760053073136728541e-01,6.504097226334838444e-01,1.043471368434658819e+00,-1.895394630881210851e+00,-7.356283933413623188e-01,1.411416639125417483e+00,-1.390602486080088074e+00,8.800310135185854810e-01,1.851224723163408026e+00,-2.054193541810579671e+00,-4.808319273570167418e-01,1.229632306562593591e+00,8.534565755429979195e-01,-1.651856160227742612e-06
